# Blender 4.4.3
# www.blender.org
o Plane
v -10.000002 0.420588 10.000000
v 10.000000 0.420588 10.000002
v -10.000000 0.420588 -10.000002
v 10.000002 0.420588 -10.000000
v -9.999999 0.522059 -9.687501
v -9.999999 0.570588 -9.375002
v -10.000000 0.545588 -9.062502
v -9.999999 0.551471 -8.750001
v -9.999999 0.569118 -8.437502
v -10.000000 0.580882 -8.125002
v -9.999999 0.557353 -7.812501
v -9.999999 0.572059 -7.500001
v -10.000000 0.586765 -7.187502
v -9.999999 0.602941 -6.875001
v -10.000000 0.586765 -6.562501
v -9.999999 0.592647 -6.250001
v -9.999999 0.655882 -5.937501
v -10.000000 0.695588 -5.625001
v -10.000000 0.686765 -5.312501
v -10.000000 0.725000 -5.000000
v -10.000000 0.682353 -4.687501
v -10.000000 0.647059 -4.375000
v -10.000001 0.623529 -4.062501
v -10.000000 0.611765 -3.750001
v -10.000000 0.591177 -3.437500
v -10.000001 0.569118 -3.125001
v -10.000001 0.554412 -2.812501
v -10.000000 0.536765 -2.500000
v -10.000001 0.523530 -2.187501
v -10.000001 0.633824 -1.875001
v -10.000000 0.652941 -1.562500
v -10.000001 0.622059 -1.250001
v -10.000001 0.573529 -0.937501
v -10.000000 0.577941 -0.625000
v -10.000001 0.536765 -0.312501
v -10.000001 0.527941 -0.000001
v -10.000001 0.541177 0.312499
v -10.000000 0.607843 0.624999
v -10.000001 0.417647 0.937499
v -10.000001 0.386765 1.249999
v -10.000000 0.435294 1.562499
v -10.000001 0.391176 1.874999
v -10.000001 0.372059 2.187499
v -10.000000 0.351471 2.499999
v -10.000001 0.276471 2.812499
v -10.000001 0.258824 3.124999
v -10.000000 0.272059 3.437499
v -10.000000 0.257353 3.750000
v -10.000001 0.244118 4.062500
v -10.000000 0.239706 4.374999
v -10.000000 0.223529 4.687500
v -10.000001 0.229411 5.000000
v -10.000000 0.222059 5.312499
v -10.000002 0.220588 5.625000
v -10.000002 0.223529 5.937500
v -10.000001 0.229412 6.249999
v -10.000002 0.227941 6.562500
v -10.000002 0.245588 6.875000
v -10.000002 0.235294 7.187500
v -10.000001 0.220588 7.500000
v -10.000002 0.261765 7.812500
v -10.000002 0.280883 8.125000
v -10.000001 0.301471 8.437500
v -10.000002 0.397059 8.750000
v -10.000002 0.382352 9.062500
v -10.000001 0.341177 9.375000
v -10.000002 0.351471 9.687500
v -9.687501 0.414706 9.999999
v -9.375002 0.410294 10.000000
v -9.062502 0.420588 10.000000
v -8.750001 0.420588 9.999999
v -8.437502 0.438235 10.000000
v -8.125002 0.426471 10.000000
v -7.812501 0.433824 9.999999
v -7.500002 0.429412 10.000000
v -7.187502 0.429412 10.000000
v -6.875001 0.479412 9.999999
v -6.562502 0.467647 10.000000
v -6.250002 0.469117 10.000000
v -5.937501 0.429412 9.999999
v -5.625002 0.435294 10.000000
v -5.312502 0.438235 10.000001
v -5.000000 0.453431 10.000000
v -4.687502 0.449020 10.000001
v -4.375001 0.439706 10.000001
v -4.062500 0.436765 10.000000
v -3.750002 0.430883 10.000001
v -3.437501 0.426471 10.000001
v -3.125000 0.423529 10.000000
v -2.812502 0.426471 10.000001
v -2.500001 0.425000 10.000001
v -2.187500 0.425000 10.000000
v -1.875002 0.423529 10.000001
v -1.562501 0.429412 10.000001
v -1.250000 0.432353 10.000000
v -0.937501 0.432353 10.000001
v -0.625001 0.435294 10.000001
v -0.312500 0.404412 10.000000
v -0.000001 0.411765 10.000001
v 0.312499 0.413235 10.000000
v 0.624999 0.419118 10.000001
v 0.937500 0.411765 10.000001
v 1.249999 0.510294 10.000000
v 1.562499 0.554412 10.000001
v 1.875000 0.633824 10.000001
v 2.187499 0.538235 10.000000
v 2.499999 0.454412 10.000001
v 2.812500 0.430392 10.000001
v 3.124999 0.455882 10.000000
v 3.437499 0.469118 10.000001
v 3.750000 0.480883 10.000001
v 4.062499 0.431373 10.000000
v 4.375000 0.466177 10.000001
v 4.687500 0.533824 10.000001
v 4.999999 0.539706 10.000000
v 5.312500 0.535294 10.000001
v 5.625000 0.554411 10.000002
v 5.937499 0.520588 10.000001
v 6.250000 0.569118 10.000002
v 6.562500 0.670588 10.000002
v 6.874999 0.585294 10.000001
v 7.187500 0.560295 10.000002
v 7.500000 0.586765 10.000002
v 7.812499 0.583824 10.000001
v 8.125000 0.564706 10.000002
v 8.437500 0.567647 10.000002
v 8.749999 0.541177 10.000001
v 9.062500 0.530882 10.000002
v 9.375000 0.523529 10.000002
v 9.687499 0.466177 10.000001
v 10.000000 0.351471 9.687502
v 9.999999 0.341177 9.375002
v 10.000000 0.382352 9.062502
v 10.000000 0.397059 8.750002
v 9.999999 0.301471 8.437502
v 10.000000 0.280883 8.125002
v 10.000000 0.261765 7.812501
v 9.999999 0.220588 7.500001
v 10.000000 0.235294 7.187502
v 10.000000 0.245588 6.875001
v 10.000000 0.227941 6.562501
v 9.999999 0.229412 6.250001
v 10.000000 0.223529 5.937501
v 10.000000 0.220588 5.625001
v 10.000000 0.222059 5.312501
v 10.000001 0.229412 5.000001
v 10.000000 0.223529 4.687501
v 10.000000 0.239706 4.375000
v 10.000000 0.244118 4.062500
v 10.000000 0.257353 3.750001
v 10.000000 0.272059 3.437500
v 10.000000 0.258823 3.125000
v 10.000001 0.276471 2.812501
v 10.000000 0.351471 2.500000
v 10.000000 0.372059 2.187500
v 10.000001 0.391176 1.875001
v 10.000000 0.435294 1.562500
v 10.000000 0.386765 1.250000
v 10.000001 0.417647 0.937501
v 10.000000 0.607843 0.625000
v 10.000000 0.541176 0.312500
v 10.000001 0.527941 0.000001
v 10.000000 0.536765 -0.312500
v 10.000001 0.577941 -0.624999
v 10.000001 0.573529 -0.937499
v 10.000001 0.622059 -1.249999
v 10.000001 0.652941 -1.562499
v 10.000001 0.633824 -1.874999
v 10.000001 0.523530 -2.187499
v 10.000001 0.536765 -2.499999
v 10.000001 0.554412 -2.812499
v 10.000001 0.569118 -3.124999
v 10.000001 0.591177 -3.437499
v 10.000001 0.611765 -3.749999
v 10.000001 0.623529 -4.062500
v 10.000001 0.647059 -4.375000
v 10.000001 0.682353 -4.687500
v 10.000001 0.725000 -4.999999
v 10.000001 0.686765 -5.312500
v 10.000002 0.695588 -5.624999
v 10.000002 0.655882 -5.937499
v 10.000002 0.592647 -6.250000
v 10.000002 0.586765 -6.562499
v 10.000002 0.602941 -6.874999
v 10.000002 0.586765 -7.187500
v 10.000001 0.572059 -7.500000
v 10.000001 0.557353 -7.812500
v 10.000002 0.580882 -8.125000
v 10.000001 0.569118 -8.437500
v 10.000001 0.551471 -8.750000
v 10.000002 0.545588 -9.062500
v 10.000001 0.570588 -9.375000
v 10.000001 0.522059 -9.687500
v 9.687502 0.466177 -10.000000
v 9.375002 0.523530 -9.999999
v 9.062502 0.530882 -10.000000
v 8.750002 0.541177 -10.000000
v 8.437502 0.567647 -9.999999
v 8.125002 0.564706 -10.000000
v 7.812501 0.583824 -10.000000
v 7.500001 0.586765 -9.999999
v 7.187502 0.560295 -10.000000
v 6.875001 0.585294 -10.000000
v 6.562501 0.670588 -10.000000
v 6.250001 0.569118 -9.999999
v 5.937501 0.520588 -10.000000
v 5.625001 0.554412 -10.000000
v 5.312501 0.535294 -10.000000
v 5.000001 0.539706 -10.000001
v 4.687501 0.533824 -10.000000
v 4.375000 0.466177 -10.000000
v 4.062500 0.431373 -10.000000
v 3.750001 0.480882 -10.000000
v 3.437500 0.469118 -10.000000
v 3.125000 0.455882 -10.000000
v 2.812501 0.430392 -10.000001
v 2.500000 0.454412 -10.000000
v 2.187500 0.538235 -10.000000
v 1.875001 0.633824 -10.000001
v 1.562500 0.554412 -10.000000
v 1.250000 0.510294 -10.000000
v 0.937501 0.411765 -10.000001
v 0.625000 0.419118 -10.000000
v 0.312500 0.413235 -10.000000
v 0.000001 0.411765 -10.000001
v -0.312500 0.404412 -10.000000
v -0.624999 0.435294 -10.000001
v -0.937499 0.432353 -10.000001
v -1.249999 0.432353 -10.000001
v -1.562499 0.429412 -10.000001
v -1.874999 0.423529 -10.000001
v -2.187499 0.425000 -10.000001
v -2.499999 0.425000 -10.000001
v -2.812499 0.426471 -10.000001
v -3.124999 0.423529 -10.000001
v -3.437499 0.426471 -10.000001
v -3.749999 0.430882 -10.000001
v -4.062500 0.436765 -10.000001
v -4.375000 0.439706 -10.000001
v -4.687500 0.449020 -10.000001
v -4.999999 0.453431 -10.000001
v -5.312500 0.438235 -10.000001
v -5.624999 0.435294 -10.000002
v -5.937499 0.429412 -10.000002
v -6.250000 0.469117 -10.000002
v -6.562499 0.467647 -10.000002
v -6.874999 0.479412 -10.000002
v -7.187500 0.429412 -10.000002
v -7.500000 0.429412 -10.000001
v -7.812500 0.433824 -10.000001
v -8.125000 0.426471 -10.000002
v -8.437500 0.438235 -10.000001
v -8.750000 0.420588 -10.000001
v -9.062500 0.420588 -10.000002
v -9.375000 0.410294 -10.000001
v -9.687500 0.414706 -10.000001
v -9.687501 0.261765 9.687499
v -9.375002 0.264706 9.687500
v -9.062501 0.282353 9.687499
v -8.750002 0.282353 9.687500
v -8.437501 0.279412 9.687499
v -8.125002 0.285294 9.687500
v -7.812501 0.285294 9.687499
v -7.500001 0.297059 9.687500
v -7.187501 0.308824 9.687499
v -6.875001 0.305882 9.687499
v -6.562501 0.310294 9.687499
v -6.250001 0.311765 9.687499
v -5.937501 0.305882 9.687499
v -5.625001 0.316176 9.687499
v -5.312501 0.323530 9.687500
v -5.000001 0.341177 9.687500
v -4.687500 0.360294 9.687500
v -4.375001 0.343137 9.687501
v -4.062501 0.327941 9.687500
v -3.750001 0.320588 9.687501
v -3.437501 0.316176 9.687500
v -3.125001 0.295588 9.687501
v -2.812501 0.289706 9.687500
v -2.500001 0.276471 9.687500
v -2.187501 0.276471 9.687500
v -1.875000 0.282353 9.687500
v -1.562501 0.294118 9.687500
v -1.250001 0.291177 9.687501
v -0.937501 0.301471 9.687501
v -0.625001 0.305882 9.687501
v -0.312500 0.305882 9.687500
v -0.000001 0.307353 9.687500
v 0.312499 0.329412 9.687500
v 0.624999 0.342157 9.687501
v 0.937499 0.398529 9.687500
v 1.250000 0.536765 9.687501
v 1.562499 0.633825 9.687501
v 1.874999 0.572059 9.687501
v 2.187499 0.444118 9.687500
v 2.499999 0.379412 9.687500
v 2.812499 0.341177 9.687500
v 3.124999 0.320588 9.687501
v 3.437499 0.314706 9.687500
v 3.749999 0.323530 9.687501
v 4.062498 0.343137 9.687500
v 4.374999 0.346078 9.687500
v 4.687499 0.500000 9.687499
v 4.999999 0.558824 9.687501
v 5.312500 0.797057 9.687501
v 5.625000 0.682354 9.687502
v 5.937499 0.560294 9.687501
v 6.249999 0.602941 9.687501
v 6.562499 0.648530 9.687502
v 6.874999 0.608824 9.687501
v 7.187499 0.517647 9.687501
v 7.500000 0.523530 9.687502
v 7.812499 0.514706 9.687501
v 8.125000 0.470588 9.687502
v 8.437499 0.529412 9.687501
v 8.750000 0.544118 9.687502
v 9.062499 0.532353 9.687501
v 9.375000 0.545589 9.687502
v 9.687499 0.502941 9.687501
v -9.687502 0.269118 9.375000
v -9.375002 0.279412 9.375000
v -9.062502 0.279412 9.375000
v -8.750001 0.282353 9.374999
v -8.437502 0.282353 9.375000
v -8.125002 0.276471 9.375000
v -7.812502 0.277941 9.375000
v -7.500001 0.285294 9.375000
v -7.187501 0.288235 9.375000
v -6.875001 0.298529 9.375000
v -6.562500 0.301471 9.375000
v -6.250001 0.305882 9.375000
v -5.937501 0.311765 9.375000
v -5.625001 0.317647 9.374999
v -5.312501 0.319118 9.375001
v -5.000000 0.343137 9.375000
v -4.687500 0.339216 9.375001
v -4.375001 0.341667 9.375001
v -4.062501 0.332353 9.375001
v -3.750002 0.322059 9.375001
v -3.437501 0.314706 9.375000
v -3.125000 0.310294 9.375000
v -2.812502 0.286765 9.375001
v -2.500001 0.276471 9.375001
v -2.187501 0.282353 9.375001
v -1.875000 0.279412 9.375001
v -1.562501 0.285294 9.375001
v -1.250001 0.292647 9.375001
v -0.937500 0.301471 9.375001
v -0.625001 0.307353 9.375001
v -0.312501 0.311765 9.375001
v -0.000001 0.300001 9.375001
v 0.312499 0.216177 9.375001
v 0.624999 0.398528 9.375001
v 0.937499 0.501471 9.375001
v 1.250000 0.542647 9.375001
v 1.562500 0.560294 9.375001
v 1.874999 0.564706 9.375001
v 2.187499 0.504412 9.375001
v 2.500000 0.404412 9.375001
v 2.812500 0.405882 9.375001
v 3.124999 0.336765 9.375000
v 3.437499 0.360294 9.375000
v 3.750000 0.308824 9.375001
v 4.062500 0.310294 9.375001
v 4.374999 0.322059 9.375000
v 4.687499 0.345589 9.375001
v 4.999999 0.388727 9.375001
v 5.312500 0.425000 9.375001
v 5.624999 0.554412 9.375001
v 5.937500 0.544117 9.375002
v 6.250000 0.500000 9.375002
v 6.562500 0.548529 9.375002
v 6.874999 0.475001 9.375002
v 7.187500 0.425000 9.375002
v 7.500000 0.447059 9.375002
v 7.812500 0.479412 9.375002
v 8.125000 0.352941 9.375002
v 8.437500 0.497059 9.375002
v 8.750000 0.466177 9.375002
v 9.062500 0.464706 9.375002
v 9.375000 0.492647 9.375002
v 9.687500 0.445590 9.375002
v -9.687502 0.280882 9.062500
v -9.375002 0.285294 9.062500
v -9.062502 0.286765 9.062500
v -8.750001 0.282353 9.062499
v -8.437502 0.282353 9.062500
v -8.125001 0.286765 9.062499
v -7.812501 0.288235 9.062500
v -7.500001 0.285294 9.062500
v -7.187501 0.310294 9.062499
v -6.875001 0.313235 9.062500
v -6.562501 0.292647 9.062500
v -6.250001 0.302941 9.062499
v -5.937501 0.307353 9.062499
v -5.625001 0.310294 9.062500
v -5.312502 0.327941 9.062501
v -5.000002 0.343137 9.062501
v -4.687501 0.347059 9.062501
v -4.375002 0.341667 9.062501
v -4.062501 0.322059 9.062501
v -3.750001 0.317647 9.062501
v -3.437501 0.322059 9.062501
v -3.125000 0.316176 9.062500
v -2.812501 0.307353 9.062501
v -2.500000 0.279412 9.062500
v -2.187500 0.280882 9.062500
v -1.875001 0.280882 9.062501
v -1.562501 0.282353 9.062500
v -1.250001 0.285294 9.062501
v -0.937501 0.289706 9.062500
v -0.625000 0.222060 9.062501
v -0.312500 0.289705 9.062501
v -0.000001 0.439705 9.062501
v 0.312499 0.500000 9.062501
v 0.624999 0.511765 9.062501
v 0.937499 0.572059 9.062500
v 1.249999 0.622059 9.062501
v 1.562499 0.583824 9.062500
v 1.875000 0.566176 9.062501
v 2.187500 0.505882 9.062501
v 2.499999 0.486765 9.062500
v 2.812499 0.416177 9.062500
v 3.124999 0.379412 9.062501
v 3.437500 0.327941 9.062501
v 3.750000 0.328431 9.062501
v 4.062499 0.297059 9.062500
v 4.375000 0.297059 9.062501
v 4.687500 0.295588 9.062501
v 4.999999 0.294118 9.062500
v 5.312500 0.319118 9.062501
v 5.624999 0.388235 9.062502
v 5.937499 0.467647 9.062501
v 6.250000 0.482353 9.062502
v 6.562499 0.564706 9.062502
v 6.875000 0.386765 9.062502
v 7.187499 0.311765 9.062501
v 7.500000 0.285294 9.062502
v 7.812500 0.232353 9.062502
v 8.125000 0.258824 9.062502
v 8.437499 0.326471 9.062501
v 8.750000 0.441176 9.062502
v 9.062499 0.364706 9.062501
v 9.375000 0.510295 9.062502
v 9.687499 0.388235 9.062501
v -9.687502 0.286765 8.750000
v -9.375002 0.288235 8.750000
v -9.062501 0.276471 8.749999
v -8.750001 0.279412 8.749999
v -8.437502 0.288235 8.750000
v -8.125002 0.294118 8.750000
v -7.812501 0.285294 8.750000
v -7.500001 0.292647 8.750000
v -7.187501 0.308823 8.750000
v -6.875001 0.292647 8.750000
v -6.562501 0.307353 8.749999
v -6.250001 0.302941 8.749999
v -5.937500 0.301471 8.750000
v -5.625001 0.310294 8.750000
v -5.312501 0.322059 8.750001
v -5.000001 0.343137 8.750000
v -4.687501 0.341666 8.750001
v -4.375001 0.335784 8.750001
v -4.062500 0.314706 8.750000
v -3.750002 0.319117 8.750001
v -3.437500 0.317647 8.750000
v -3.125001 0.316176 8.750000
v -2.812500 0.313235 8.750000
v -2.500001 0.301471 8.750001
v -2.187500 0.276471 8.750000
v -1.875001 0.294118 8.750001
v -1.562501 0.273530 8.750001
v -1.250001 0.201471 8.750000
v -0.937501 0.355881 8.750001
v -0.625001 0.500000 8.750001
v -0.312501 0.505882 8.750000
v -0.000000 0.567647 8.750000
v 0.312499 0.580882 8.750000
v 0.625000 0.573529 8.750001
v 0.937499 0.692647 8.750000
v 1.249999 0.658824 8.750000
v 1.562500 0.585294 8.750001
v 1.875000 0.570588 8.750001
v 2.187499 0.504412 8.750001
v 2.500000 0.505882 8.750001
v 2.812499 0.455882 8.750000
v 3.124999 0.429412 8.750000
v 3.437499 0.351471 8.750000
v 3.750000 0.380882 8.750001
v 4.062499 0.276471 8.750000
v 4.375000 0.285294 8.750001
v 4.687500 0.285294 8.750001
v 4.999999 0.288235 8.750000
v 5.312500 0.285294 8.750001
v 5.625000 0.279412 8.750002
v 5.937499 0.276471 8.750002
v 6.249999 0.260294 8.750002
v 6.562499 0.247059 8.750001
v 6.875000 0.235294 8.750002
v 7.187500 0.220588 8.750002
v 7.499999 0.217647 8.750001
v 7.812500 0.227941 8.750002
v 8.125000 0.283823 8.750002
v 8.437500 0.329412 8.750002
v 8.749999 0.460294 8.750001
v 9.062500 0.366176 8.750002
v 9.375000 0.494118 8.750002
v 9.687500 0.466176 8.750002
v -9.687501 0.288235 8.437499
v -9.375002 0.286765 8.437500
v -9.062501 0.285294 8.437499
v -8.750002 0.294118 8.437500
v -8.437502 0.307353 8.437500
v -8.125002 0.295588 8.437500
v -7.812501 0.298530 8.437499
v -7.500002 0.304412 8.437500
v -7.187501 0.322549 8.437500
v -6.875001 0.305883 8.437500
v -6.562502 0.295588 8.437500
v -6.250001 0.294118 8.437500
v -5.937501 0.304412 8.437499
v -5.625000 0.320588 8.437500
v -5.312501 0.325000 8.437501
v -5.000001 0.346078 8.437500
v -4.687502 0.332353 8.437501
v -4.375001 0.313235 8.437501
v -4.062500 0.313235 8.437501
v -3.750002 0.308824 8.437501
v -3.437501 0.316176 8.437501
v -3.125001 0.322059 8.437501
v -2.812501 0.314706 8.437501
v -2.500001 0.317647 8.437501
v -2.187500 0.304412 8.437500
v -1.875001 0.238236 8.437501
v -1.562501 0.323527 8.437501
v -1.250001 0.479411 8.437501
v -0.937500 0.532353 8.437500
v -0.625001 0.694115 8.437501
v -0.312501 0.654412 8.437501
v -0.000001 0.683824 8.437501
v 0.312500 0.748529 8.437500
v 0.624999 0.713236 8.437501
v 0.937500 0.705882 8.437501
v 1.250000 0.623529 8.437501
v 1.562499 0.583824 8.437500
v 1.874999 0.572059 8.437500
v 2.187499 0.511765 8.437500
v 2.500000 0.505882 8.437501
v 2.812499 0.482353 8.437501
v 3.125000 0.404412 8.437501
v 3.437499 0.392647 8.437500
v 3.750000 0.394117 8.437501
v 4.062499 0.367647 8.437500
v 4.375000 0.288235 8.437501
v 4.687500 0.273530 8.437501
v 5.000000 0.282353 8.437501
v 5.312499 0.308824 8.437500
v 5.624999 0.337745 8.437502
v 5.937499 0.314706 8.437502
v 6.250000 0.289706 8.437502
v 6.562500 0.285294 8.437502
v 6.874999 0.263235 8.437502
v 7.187500 0.241176 8.437502
v 7.500000 0.214706 8.437502
v 7.812499 0.232353 8.437501
v 8.125000 0.272059 8.437502
v 8.437500 0.327941 8.437502
v 8.750000 0.422059 8.437502
v 9.062499 0.367647 8.437501
v 9.375000 0.517647 8.437502
v 9.687499 0.445588 8.437501
v -9.687502 0.298529 8.125000
v -9.375002 0.294118 8.125000
v -9.062502 0.300000 8.125000
v -8.750002 0.292647 8.125000
v -8.437501 0.300000 8.124999
v -8.125002 0.304412 8.125000
v -7.812501 0.305882 8.125000
v -7.500001 0.320588 8.125000
v -7.187500 0.331863 8.124999
v -6.875000 0.316176 8.124999
v -6.562500 0.305882 8.125000
v -6.250000 0.292647 8.124999
v -5.937500 0.276471 8.125000
v -5.625001 0.325000 8.125000
v -5.312500 0.361765 8.125000
v -5.000000 0.335784 8.125000
v -4.687500 0.327941 8.125000
v -4.375000 0.316176 8.125001
v -4.062500 0.313235 8.125000
v -3.750002 0.317647 8.125001
v -3.437501 0.311765 8.125000
v -3.125001 0.269119 8.125001
v -2.812501 0.311763 8.125001
v -2.500001 0.457352 8.125001
v -2.187501 0.495587 8.125001
v -1.875001 0.467647 8.125001
v -1.562501 0.492647 8.125001
v -1.250000 0.536765 8.125000
v -0.937501 0.789706 8.125001
v -0.625001 0.922059 8.125001
v -0.312501 0.695590 8.125001
v -0.000001 0.616177 8.125001
v 0.312500 0.579413 8.125001
v 0.625000 0.586765 8.125001
v 0.937499 0.610296 8.125001
v 1.249999 0.594118 8.125001
v 1.562500 0.577941 8.125001
v 1.875000 0.529412 8.125001
v 2.187499 0.504412 8.125000
v 2.500000 0.505882 8.125001
v 2.812500 0.504412 8.125000
v 3.124999 0.450000 8.125000
v 3.437499 0.410294 8.125000
v 3.750000 0.392647 8.125001
v 4.062499 0.394118 8.125000
v 4.375000 0.356862 8.125001
v 4.687500 0.320588 8.125001
v 5.000000 0.301471 8.125000
v 5.312500 0.288235 8.125000
v 5.625000 0.375000 8.125002
v 5.937500 0.304412 8.125002
v 6.250000 0.282353 8.125002
v 6.562500 0.298530 8.125002
v 6.875000 0.292647 8.125001
v 7.187500 0.252941 8.125002
v 7.500000 0.238235 8.125002
v 7.812499 0.241176 8.125000
v 8.125000 0.264706 8.125002
v 8.437499 0.313235 8.125001
v 8.750000 0.400000 8.125002
v 9.062500 0.389706 8.125002
v 9.375000 0.551471 8.125002
v 9.687500 0.370588 8.125002
v -9.687501 0.291176 7.812499
v -9.375001 0.311765 7.812499
v -9.062501 0.301471 7.812499
v -8.750002 0.289706 7.812500
v -8.437502 0.304412 7.812500
v -8.125001 0.301471 7.812500
v -7.812501 0.317647 7.812500
v -7.500001 0.316176 7.812500
v -7.187501 0.324020 7.812500
v -6.875001 0.331373 7.812500
v -6.562500 0.301471 7.812500
v -6.250000 0.325000 7.812500
v -5.937500 0.314706 7.812500
v -5.625000 0.333823 7.812500
v -5.312500 0.343627 7.812500
v -5.000000 0.345588 7.812500
v -4.687500 0.320588 7.812500
v -4.375000 0.316176 7.812500
v -4.062500 0.269118 7.812500
v -3.750001 0.295588 7.812500
v -3.437501 0.483823 7.812500
v -3.125001 0.544117 7.812500
v -2.812501 0.616175 7.812500
v -2.500001 0.813235 7.812501
v -2.187500 0.786765 7.812500
v -1.875000 0.594118 7.812500
v -1.562500 0.645588 7.812500
v -1.250000 0.698529 7.812500
v -0.937501 0.842647 7.812500
v -0.625001 0.689706 7.812500
v -0.312501 0.573530 7.812500
v -0.000000 0.601471 7.812500
v 0.312499 0.591176 7.812500
v 0.625000 0.463235 7.812500
v 0.937499 0.292647 7.812500
v 1.250000 0.364710 7.812501
v 1.562499 0.438235 7.812500
v 1.874999 0.439706 7.812500
v 2.187499 0.448529 7.812500
v 2.500000 0.494118 7.812501
v 2.812499 0.488235 7.812500
v 3.125000 0.491177 7.812501
v 3.437499 0.441177 7.812500
v 3.749999 0.467647 7.812501
v 4.062500 0.438235 7.812500
v 4.375000 0.404412 7.812501
v 4.687499 0.410294 7.812500
v 4.999999 0.366176 7.812501
v 5.312500 0.275000 7.812500
v 5.625000 0.272059 7.812501
v 5.937500 0.389706 7.812500
v 6.250000 0.286765 7.812501
v 6.562500 0.264706 7.812500
v 6.875000 0.254412 7.812501
v 7.187500 0.241176 7.812500
v 7.500000 0.236765 7.812500
v 7.812500 0.258824 7.812501
v 8.125000 0.260294 7.812501
v 8.437500 0.316177 7.812502
v 8.750000 0.435294 7.812501
v 9.062499 0.525000 7.812501
v 9.375000 0.530883 7.812501
v 9.687498 0.217647 7.812500
v -9.687502 0.297059 7.500000
v -9.375002 0.291176 7.500000
v -9.062501 0.295588 7.499999
v -8.750001 0.301471 7.499999
v -8.437502 0.302941 7.500000
v -8.125002 0.308823 7.500000
v -7.812500 0.317647 7.500000
v -7.500001 0.314706 7.500000
v -7.187500 0.350000 7.500000
v -6.875000 0.325000 7.500000
v -6.562500 0.314706 7.500000
v -6.250000 0.311765 7.500000
v -5.937500 0.307353 7.500000
v -5.625000 0.327941 7.500000
v -5.312500 0.341667 7.500000
v -5.000000 0.351471 7.500000
v -4.687500 0.269118 7.500000
v -4.375001 0.374998 7.500000
v -4.062500 0.474999 7.500000
v -3.750002 0.591176 7.500000
v -3.437502 0.730881 7.500000
v -3.125000 0.814706 7.500000
v -2.812500 0.861765 7.500000
v -2.500001 0.866176 7.500001
v -2.187501 0.733825 7.500000
v -1.875001 0.569118 7.500001
v -1.562501 0.572059 7.500000
v -1.250001 0.591177 7.500000
v -0.937500 0.598530 7.500001
v -0.625001 0.569118 7.500000
v -0.312501 0.573529 7.500000
v -0.000001 0.594118 7.500001
v 0.312500 0.567647 7.500000
v 0.625000 0.494118 7.500000
v 0.937499 0.298530 7.500000
v 1.249999 0.270588 7.500000
v 1.562499 0.229412 7.500000
v 1.874999 0.252942 7.500000
v 2.187500 0.185294 7.500000
v 2.500000 0.288237 7.500001
v 2.812499 0.367647 7.500000
v 3.125000 0.369118 7.500001
v 3.437500 0.420589 7.500001
v 3.750000 0.473530 7.500001
v 4.062500 0.499999 7.500001
v 4.375000 0.472058 7.500001
v 4.687500 0.458823 7.500001
v 5.000000 0.420588 7.500001
v 5.312500 0.294118 7.500001
v 5.625000 0.393137 7.500001
v 5.937499 0.469117 7.500001
v 6.250000 0.325490 7.500001
v 6.562500 0.338235 7.500000
v 6.875000 0.345587 7.500001
v 7.187500 0.347059 7.500000
v 7.500000 0.367646 7.500001
v 7.812500 0.401470 7.500001
v 8.125000 0.486764 7.500001
v 8.437500 0.444117 7.500001
v 8.750000 0.497059 7.500001
v 9.062500 0.495588 7.500001
v 9.375000 0.373530 7.500001
v 9.687500 0.197059 7.500001
v -9.687502 0.286765 7.187500
v -9.375002 0.294118 7.187500
v -9.062502 0.292647 7.187500
v -8.750002 0.297059 7.187500
v -8.437502 0.305883 7.187500
v -8.125002 0.314706 7.187500
v -7.812501 0.317647 7.187500
v -7.500000 0.317647 7.187500
v -7.187501 0.362253 7.187500
v -6.875000 0.317647 7.187500
v -6.562501 0.313235 7.187500
v -6.250001 0.326470 7.187500
v -5.937500 0.339706 7.187500
v -5.625001 0.349020 7.187500
v -5.312501 0.354413 7.187501
v -5.000000 0.366177 7.187500
v -4.687501 0.536764 7.187500
v -4.375000 0.632353 7.187500
v -4.062501 0.629412 7.187500
v -3.750000 0.613235 7.187500
v -3.437500 0.772059 7.187500
v -3.125001 0.741177 7.187500
v -2.812501 0.805882 7.187500
v -2.500001 0.814706 7.187500
v -2.187501 0.567647 7.187501
v -1.875001 0.572059 7.187500
v -1.562501 0.504412 7.187500
v -1.250000 0.529412 7.187500
v -0.937501 0.564706 7.187501
v -0.625001 0.550000 7.187500
v -0.312501 0.576471 7.187500
v -0.000001 0.588235 7.187501
v 0.312500 0.567647 7.187500
v 0.624999 0.539706 7.187500
v 0.937500 0.345588 7.187500
v 1.249999 0.248529 7.187500
v 1.562499 0.310295 7.187500
v 1.875000 0.466177 7.187501
v 2.187500 0.355879 7.187501
v 2.500000 0.222060 7.187501
v 2.812499 0.270588 7.187500
v 3.124999 0.233824 7.187500
v 3.437500 0.328432 7.187501
v 3.749999 0.513235 7.187500
v 4.062500 0.527942 7.187501
v 4.375000 0.441178 7.187501
v 4.687499 0.445588 7.187500
v 5.000000 0.544118 7.187501
v 5.312500 0.555883 7.187501
v 5.625000 0.544118 7.187501
v 5.937500 0.636765 7.187501
v 6.250000 0.598529 7.187501
v 6.562500 0.560294 7.187501
v 6.875000 0.563235 7.187500
v 7.187500 0.508824 7.187501
v 7.500000 0.551471 7.187500
v 7.812500 0.544118 7.187501
v 8.125000 0.470589 7.187501
v 8.437500 0.548530 7.187501
v 8.750000 0.419120 7.187501
v 9.062499 0.238235 7.187501
v 9.375000 0.161765 7.187502
v 9.687499 0.117647 7.187501
v -9.687501 0.285294 6.874999
v -9.375001 0.294118 6.874999
v -9.062502 0.294118 6.874999
v -8.750002 0.295588 6.875000
v -8.437501 0.307353 6.874999
v -8.125002 0.314706 6.875000
v -7.812501 0.317647 6.875000
v -7.500001 0.322059 6.875000
v -7.187500 0.340196 6.875000
v -6.875000 0.327941 6.875000
v -6.562500 0.345588 6.875000
v -6.250000 0.363235 6.875000
v -5.937500 0.325000 6.875000
v -5.625000 0.319118 6.875000
v -5.312500 0.416176 6.875000
v -5.000000 0.575000 6.875000
v -4.687501 0.649999 6.875000
v -4.375000 0.654412 6.875000
v -4.062500 0.827941 6.875000
v -3.750001 0.772057 6.875000
v -3.437501 0.979902 6.875000
v -3.125001 0.946569 6.875000
v -2.812501 0.880883 6.875000
v -2.500001 0.657354 6.875001
v -2.187501 0.522059 6.875000
v -1.875001 0.404412 6.875001
v -1.562500 0.435294 6.875000
v -1.250001 0.461765 6.875000
v -0.937500 0.498530 6.875001
v -0.625001 0.504412 6.875000
v -0.312501 0.561765 6.875000
v -0.000000 0.573530 6.875000
v 0.312499 0.570588 6.875001
v 0.624999 0.557353 6.875000
v 0.937500 0.435293 6.875001
v 1.250000 0.251471 6.875000
v 1.562499 0.251471 6.875000
v 1.874999 0.280882 6.875000
v 2.187500 0.357353 6.875000
v 2.500000 0.304412 6.875001
v 2.812500 0.513235 6.875000
v 3.125000 0.488234 6.875001
v 3.437500 0.376468 6.875001
v 3.749999 0.320588 6.875000
v 4.062500 0.404412 6.875000
v 4.375000 0.308824 6.875000
v 4.687500 0.263235 6.875000
v 5.000000 0.317647 6.875000
v 5.312500 0.467647 6.875000
v 5.625000 0.558824 6.875000
v 5.937499 0.591177 6.875001
v 6.250000 0.589706 6.875001
v 6.562500 0.551471 6.875001
v 6.875000 0.422059 6.875000
v 7.187500 0.251471 6.875000
v 7.500000 0.019118 6.875001
v 7.812500 0.023530 6.875000
v 8.124999 0.097059 6.875000
v 8.437500 0.125000 6.875001
v 8.750000 0.094118 6.875001
v 9.062500 0.092647 6.875001
v 9.375000 0.210294 6.875001
v 9.687500 0.207353 6.875001
v -9.687502 0.279412 6.562500
v -9.375001 0.314706 6.562499
v -9.062502 0.307353 6.562499
v -8.750001 0.288235 6.562499
v -8.437502 0.304412 6.562500
v -8.125002 0.297059 6.562500
v -7.812501 0.314706 6.562500
v -7.500001 0.319118 6.562500
v -7.187501 0.320588 6.562500
v -6.875001 0.337745 6.562500
v -6.562500 0.358824 6.562500
v -6.250000 0.340196 6.562500
v -5.937500 0.336765 6.562500
v -5.625001 0.308824 6.562500
v -5.312501 0.542647 6.562500
v -5.000000 0.660294 6.562500
v -4.687501 0.810294 6.562500
v -4.375000 0.810294 6.562500
v -4.062500 0.838235 6.562500
v -3.750000 0.852941 6.562500
v -3.437501 0.900001 6.562500
v -3.125000 0.879412 6.562500
v -2.812500 0.726471 6.562500
v -2.500001 0.554412 6.562501
v -2.187500 0.460294 6.562500
v -1.875001 0.366177 6.562500
v -1.562501 0.374020 6.562501
v -1.250001 0.411765 6.562501
v -0.937501 0.402941 6.562501
v -0.625000 0.505882 6.562500
v -0.312501 0.542647 6.562500
v -0.000001 0.567647 6.562501
v 0.312500 0.570588 6.562500
v 0.624999 0.570588 6.562500
v 0.937500 0.519118 6.562501
v 1.249999 0.310294 6.562500
v 1.562499 0.254412 6.562500
v 1.875000 0.261765 6.562501
v 2.187500 0.273529 6.562500
v 2.500000 0.277941 6.562501
v 2.812500 0.326471 6.562501
v 3.125000 0.410295 6.562501
v 3.437500 0.348529 6.562500
v 3.749999 0.464705 6.562501
v 4.062500 0.525000 6.562501
v 4.375000 0.570588 6.562500
v 4.687500 0.573530 6.562501
v 5.000000 0.526471 6.562500
v 5.312500 0.382353 6.562501
v 5.625000 0.353431 6.562501
v 5.937500 0.283823 6.562501
v 6.250000 0.318137 6.562500
v 6.562500 0.489706 6.562501
v 6.875000 0.419119 6.562501
v 7.187500 0.230882 6.562500
v 7.500000 0.202941 6.562501
v 7.812500 0.188235 6.562500
v 8.125000 0.192647 6.562500
v 8.437500 0.219118 6.562501
v 8.749999 0.200000 6.562501
v 9.062501 0.207352 6.562501
v 9.374999 0.194118 6.562501
v 9.687499 0.186765 6.562501
v -9.687501 0.292647 6.249999
v -9.375002 0.301470 6.250000
v -9.062502 0.291177 6.250000
v -8.750002 0.302941 6.250000
v -8.437502 0.313235 6.250000
v -8.125001 0.305882 6.250000
v -7.812500 0.319118 6.250000
v -7.500001 0.314706 6.250000
v -7.187500 0.326471 6.250000
v -6.875000 0.337255 6.250000
v -6.562501 0.348039 6.250000
v -6.250001 0.343627 6.250000
v -5.937501 0.348039 6.250000
v -5.625001 0.473526 6.250000
v -5.312501 0.505882 6.250000
v -5.000000 0.691177 6.250000
v -4.687500 0.810294 6.250000
v -4.375001 0.845588 6.250000
v -4.062500 0.866176 6.250000
v -3.750001 0.870588 6.250000
v -3.437500 0.826471 6.250000
v -3.125000 0.697058 6.250000
v -2.812500 0.575000 6.250000
v -2.500001 0.507353 6.250001
v -2.187500 0.407353 6.250000
v -1.875001 0.350981 6.250000
v -1.562501 0.316177 6.250001
v -1.250000 0.347059 6.250001
v -0.937501 0.430882 6.250000
v -0.625000 0.505882 6.250001
v -0.312500 0.504412 6.250000
v -0.000001 0.530883 6.250000
v 0.312500 0.551471 6.250001
v 0.624999 0.555883 6.250000
v 0.937500 0.530882 6.250000
v 1.249999 0.433823 6.250001
v 1.562500 0.349999 6.250000
v 1.875000 0.358824 6.250000
v 2.187500 0.473528 6.250000
v 2.500000 0.383821 6.250001
v 2.812499 0.336765 6.250000
v 3.124999 0.363235 6.250001
v 3.437499 0.522059 6.250000
v 3.750000 0.566176 6.250001
v 4.062500 0.558824 6.250001
v 4.375000 0.454413 6.250001
v 4.687500 0.362255 6.250001
v 5.000000 0.373529 6.250000
v 5.312500 0.397059 6.250001
v 5.625000 0.433823 6.250001
v 5.937500 0.507353 6.250000
v 6.250000 0.419118 6.250001
v 6.562500 0.248530 6.250001
v 6.875000 0.197059 6.250000
v 7.187500 0.202941 6.250000
v 7.500000 0.207353 6.250000
v 7.812500 0.191176 6.250001
v 8.125000 0.189706 6.250000
v 8.437500 0.185294 6.250002
v 8.749999 0.185294 6.250001
v 9.062500 0.179412 6.250002
v 9.375000 0.179412 6.250001
v 9.687500 0.170588 6.250001
v -9.687502 0.273529 5.937500
v -9.375003 0.294118 5.937500
v -9.062502 0.288235 5.937499
v -8.750002 0.291177 5.937500
v -8.437502 0.298529 5.937500
v -8.125001 0.304412 5.937500
v -7.812500 0.310294 5.937500
v -7.500000 0.320588 5.937500
v -7.187501 0.326471 5.937500
v -6.875000 0.347549 5.937500
v -6.562501 0.357353 5.937500
v -6.250000 0.350980 5.937500
v -5.937500 0.361765 5.937500
v -5.625001 0.461764 5.937500
v -5.312500 0.555882 5.937500
v -5.000000 0.736765 5.937500
v -4.687501 0.841176 5.937500
v -4.375001 0.892647 5.937500
v -4.062500 0.894118 5.937500
v -3.750001 0.858824 5.937500
v -3.437500 0.736765 5.937500
v -3.125000 0.595588 5.937500
v -2.812500 0.564706 5.937500
v -2.500000 0.464706 5.937500
v -2.187501 0.376471 5.937500
v -1.875001 0.332843 5.937500
v -1.562500 0.305882 5.937500
v -1.250001 0.310294 5.937500
v -0.937501 0.316177 5.937501
v -0.625000 0.479412 5.937500
v -0.312500 0.502941 5.937500
v -0.000000 0.505882 5.937500
v 0.312500 0.505882 5.937500
v 0.624999 0.505882 5.937500
v 0.937500 0.498530 5.937501
v 1.250000 0.439706 5.937500
v 1.562500 0.476471 5.937500
v 1.875000 0.564706 5.937501
v 2.187500 0.529412 5.937500
v 2.499999 0.532353 5.937500
v 2.812500 0.567647 5.937500
v 3.124999 0.569118 5.937500
v 3.437500 0.550000 5.937500
v 3.750000 0.547059 5.937500
v 4.062499 0.495588 5.937500
v 4.375000 0.505882 5.937501
v 4.687500 0.407353 5.937500
v 5.000000 0.447058 5.937501
v 5.312500 0.454412 5.937500
v 5.625000 0.470588 5.937501
v 5.937500 0.408824 5.937500
v 6.250000 0.308824 5.937501
v 6.562500 0.191176 5.937500
v 6.875000 0.192647 5.937500
v 7.187500 0.201471 5.937500
v 7.500000 0.191177 5.937500
v 7.812500 0.177941 5.937500
v 8.124999 0.161765 5.937500
v 8.437499 0.164706 5.937501
v 8.750000 0.167647 5.937501
v 9.062500 0.164706 5.937500
v 9.375000 0.164706 5.937501
v 9.687499 0.164706 5.937501
v -9.687501 0.288235 5.624999
v -9.375001 0.285294 5.624999
v -9.062501 0.286765 5.624999
v -8.750001 0.292647 5.624999
v -8.437502 0.295588 5.624999
v -8.125002 0.298530 5.625000
v -7.812500 0.316176 5.625000
v -7.500000 0.323530 5.625000
v -7.187500 0.445588 5.625000
v -6.875000 0.527941 5.625000
v -6.562501 0.519119 5.625000
v -6.250001 0.373529 5.625000
v -5.937500 0.438235 5.625000
v -5.625001 0.541176 5.625000
v -5.312500 0.663235 5.625000
v -5.000000 0.866176 5.625000
v -4.687500 0.927941 5.625000
v -4.375001 0.889706 5.625000
v -4.062500 0.879412 5.625000
v -3.750000 0.857353 5.625000
v -3.437500 0.811765 5.625000
v -3.125001 0.630883 5.625000
v -2.812501 0.597059 5.625000
v -2.500000 0.472059 5.625000
v -2.187500 0.383824 5.625000
v -1.875001 0.329412 5.625001
v -1.562500 0.305882 5.625000
v -1.250000 0.300000 5.625000
v -0.937501 0.305882 5.625001
v -0.625001 0.297059 5.625000
v -0.312501 0.322060 5.625001
v -0.000000 0.495588 5.625001
v 0.312500 0.501471 5.625000
v 0.625000 0.500000 5.625000
v 0.937500 0.472059 5.625001
v 1.250000 0.392648 5.625000
v 1.562500 0.388236 5.625001
v 1.875000 0.367647 5.625001
v 2.187500 0.408824 5.625000
v 2.500000 0.482353 5.625000
v 2.812500 0.480883 5.625001
v 3.125000 0.470588 5.625001
v 3.437499 0.480882 5.625000
v 3.750000 0.505882 5.625000
v 4.062500 0.502941 5.625000
v 4.375000 0.504412 5.625000
v 4.687500 0.517647 5.625000
v 5.000000 0.436764 5.625000
v 5.312500 0.307352 5.625000
v 5.625000 0.255882 5.625000
v 5.937500 0.216177 5.625001
v 6.250000 0.202941 5.625001
v 6.562500 0.200000 5.625001
v 6.875000 0.200000 5.625000
v 7.187500 0.197059 5.625000
v 7.500000 0.194118 5.625001
v 7.812500 0.170588 5.625001
v 8.125000 0.170588 5.625000
v 8.437500 0.170588 5.625001
v 8.750000 0.164706 5.625001
v 9.062500 0.166177 5.625001
v 9.374999 0.164706 5.625001
v 9.687499 0.161765 5.625001
v -9.687501 0.279412 5.312500
v -9.375001 0.291176 5.312499
v -9.062501 0.294118 5.312499
v -8.750001 0.297059 5.312499
v -8.437500 0.301471 5.312499
v -8.125002 0.316176 5.312500
v -7.812501 0.316176 5.312500
v -7.500001 0.488235 5.312500
v -7.187501 0.554411 5.312500
v -6.875000 0.533824 5.312500
v -6.562500 0.438236 5.312500
v -6.250001 0.452941 5.312500
v -5.937500 0.547059 5.312500
v -5.625001 0.617646 5.312500
v -5.312501 0.895588 5.312500
v -5.000001 0.870589 5.312500
v -4.687500 0.898530 5.312500
v -4.375000 0.863235 5.312500
v -4.062500 0.852941 5.312500
v -3.750001 0.845589 5.312500
v -3.437501 0.841177 5.312500
v -3.125000 0.583824 5.312500
v -2.812500 0.573529 5.312500
v -2.500000 0.498529 5.312500
v -2.187500 0.398529 5.312500
v -1.875001 0.319118 5.312501
v -1.562500 0.305882 5.312500
v -1.250000 0.300000 5.312500
v -0.937500 0.305882 5.312500
v -0.625000 0.305882 5.312501
v -0.312501 0.305882 5.312500
v -0.000000 0.308823 5.312500
v 0.312500 0.372060 5.312500
v 0.624999 0.479412 5.312500
v 0.937500 0.425000 5.312500
v 1.250000 0.311765 5.312501
v 1.562500 0.314706 5.312500
v 1.875000 0.427941 5.312500
v 2.187500 0.473529 5.312501
v 2.500000 0.480882 5.312500
v 2.812500 0.476471 5.312500
v 3.124999 0.469118 5.312501
v 3.437501 0.486765 5.312501
v 3.750000 0.511764 5.312501
v 4.062500 0.463236 5.312501
v 4.375000 0.461766 5.312501
v 4.687500 0.533823 5.312501
v 5.000000 0.448530 5.312501
v 5.312500 0.238235 5.312500
v 5.625000 0.192647 5.312501
v 5.937500 0.191177 5.312500
v 6.250000 0.194118 5.312500
v 6.562500 0.198529 5.312501
v 6.875000 0.191177 5.312500
v 7.187500 0.191177 5.312500
v 7.500000 0.179412 5.312500
v 7.812500 0.179412 5.312501
v 8.125001 0.188235 5.312500
v 8.437501 0.188235 5.312501
v 8.750001 0.164706 5.312501
v 9.062500 0.186765 5.312501
v 9.375001 0.179412 5.312502
v 9.687500 0.188235 5.312501
v -9.687500 0.288235 4.999999
v -9.375001 0.298530 4.999999
v -9.062501 0.289706 4.999999
v -8.750000 0.304412 4.999999
v -8.437501 0.291176 4.999999
v -8.125001 0.320589 5.000000
v -7.812500 0.429412 5.000000
v -7.500000 0.547059 5.000000
v -7.187501 0.577941 5.000000
v -6.875000 0.425000 5.000000
v -6.562500 0.405882 5.000000
v -6.250001 0.544118 5.000000
v -5.937500 0.580882 5.000000
v -5.625000 0.800000 5.000000
v -5.312501 0.913236 5.000000
v -5.000000 0.847059 5.000000
v -4.687500 0.801471 5.000000
v -4.375001 0.797059 5.000000
v -4.062500 0.833824 5.000000
v -3.750000 0.876471 5.000000
v -3.437501 0.725002 5.000000
v -3.125000 0.583824 5.000000
v -2.812500 0.570588 5.000000
v -2.500001 0.504412 5.000000
v -2.187500 0.464706 5.000000
v -1.875000 0.340196 5.000000
v -1.562501 0.310294 5.000000
v -1.250000 0.311765 5.000000
v -0.937500 0.317647 5.000000
v -0.625001 0.320588 5.000000
v -0.312501 0.311765 5.000000
v -0.000000 0.314706 5.000000
v 0.312499 0.314706 5.000000
v 0.625000 0.316176 5.000000
v 0.937500 0.326471 5.000000
v 1.249999 0.329412 5.000000
v 1.562499 0.324020 5.000000
v 1.875000 0.498530 5.000000
v 2.187500 0.505882 5.000000
v 2.500000 0.505882 5.000000
v 2.812500 0.535294 5.000001
v 3.124999 0.504412 5.000000
v 3.437500 0.482353 5.000001
v 3.750000 0.511765 5.000000
v 4.062499 0.458825 5.000001
v 4.375000 0.538235 5.000000
v 4.687500 0.367647 5.000000
v 4.999999 0.242647 5.000000
v 5.312500 0.211765 5.000001
v 5.625000 0.194118 5.000000
v 5.937500 0.194118 5.000001
v 6.250000 0.189706 5.000000
v 6.562500 0.192647 5.000001
v 6.875000 0.194118 5.000000
v 7.187500 0.186765 5.000001
v 7.500000 0.194118 5.000000
v 7.812500 0.194118 5.000000
v 8.125000 0.192647 5.000000
v 8.437501 0.195588 5.000001
v 8.750000 0.175000 5.000001
v 9.062501 0.192647 5.000001
v 9.375001 0.186765 5.000001
v 9.687500 0.188235 5.000001
v -9.687501 0.277941 4.687500
v -9.375000 0.285294 4.687499
v -9.062501 0.291176 4.687500
v -8.750001 0.300000 4.687500
v -8.437501 0.302941 4.687500
v -8.125001 0.366176 4.687500
v -7.812500 0.495588 4.687499
v -7.500001 0.558823 4.687500
v -7.187501 0.517648 4.687500
v -6.875001 0.404412 4.687500
v -6.562500 0.539706 4.687500
v -6.250001 0.577941 4.687500
v -5.937500 0.736765 4.687500
v -5.625000 0.952941 4.687500
v -5.312501 0.866177 4.687500
v -5.000000 0.835294 4.687500
v -4.687501 0.751471 4.687500
v -4.375000 0.742647 4.687500
v -4.062501 0.779412 4.687500
v -3.750000 0.708824 4.687500
v -3.437500 0.644117 4.687500
v -3.125001 0.573529 4.687500
v -2.812501 0.570588 4.687500
v -2.500002 0.520589 4.687500
v -2.187501 0.482353 4.687500
v -1.875000 0.408823 4.687500
v -1.562500 0.364216 4.687500
v -1.250000 0.363725 4.687500
v -0.937500 0.391176 4.687501
v -0.625000 0.382353 4.687500
v -0.312501 0.327941 4.687500
v -0.000000 0.333824 4.687501
v 0.312500 0.349510 4.687500
v 0.624999 0.337255 4.687500
v 0.937499 0.332353 4.687501
v 1.250000 0.332353 4.687500
v 1.562500 0.416176 4.687500
v 1.875000 0.501471 4.687500
v 2.187500 0.505882 4.687500
v 2.500000 0.510294 4.687500
v 2.812500 0.569118 4.687501
v 3.124999 0.554412 4.687500
v 3.437500 0.489706 4.687500
v 3.750000 0.470588 4.687500
v 4.062500 0.525000 4.687501
v 4.375000 0.292647 4.687500
v 4.687500 0.247059 4.687501
v 5.000000 0.241176 4.687501
v 5.312500 0.213235 4.687501
v 5.625000 0.202941 4.687500
v 5.937500 0.197059 4.687500
v 6.250000 0.192647 4.687501
v 6.562500 0.194118 4.687500
v 6.875000 0.194118 4.687501
v 7.187500 0.194118 4.687501
v 7.500000 0.197059 4.687500
v 7.812500 0.197059 4.687500
v 8.125000 0.213235 4.687500
v 8.437501 0.202941 4.687502
v 8.750001 0.192647 4.687501
v 9.062500 0.194118 4.687501
v 9.375000 0.176471 4.687500
v 9.687500 0.161765 4.687501
v -9.687500 0.298529 4.374999
v -9.375001 0.289706 4.375000
v -9.062501 0.292647 4.375000
v -8.750001 0.304412 4.375000
v -8.437501 0.298530 4.375000
v -8.125000 0.552941 4.374999
v -7.812501 0.569118 4.375000
v -7.500001 0.569119 4.375000
v -7.187501 0.408824 4.375000
v -6.875000 0.523530 4.375000
v -6.562501 0.570588 4.375000
v -6.250001 0.636764 4.375000
v -5.937501 0.839705 4.375000
v -5.625000 0.882353 4.375000
v -5.312500 0.835294 4.375000
v -5.000000 0.788235 4.375000
v -4.687501 0.739706 4.375000
v -4.375001 0.766176 4.375000
v -4.062500 0.704412 4.375000
v -3.750000 0.664706 4.375000
v -3.437501 0.582353 4.375000
v -3.125000 0.577941 4.375000
v -2.812501 0.569118 4.375000
v -2.500000 0.507353 4.375000
v -2.187500 0.491176 4.375000
v -1.875000 0.444118 4.375000
v -1.562500 0.438235 4.375000
v -1.250000 0.448529 4.375000
v -0.937500 0.430882 4.375000
v -0.625000 0.404412 4.375001
v -0.312501 0.419118 4.375000
v -0.000000 0.379412 4.375000
v 0.312500 0.377941 4.375000
v 0.625000 0.357353 4.375000
v 0.937500 0.343137 4.375000
v 1.250000 0.323530 4.375001
v 1.562500 0.486765 4.375000
v 1.875000 0.504412 4.375000
v 2.187500 0.504412 4.375000
v 2.499999 0.560294 4.375000
v 2.812500 0.547059 4.375001
v 3.125000 0.547059 4.375001
v 3.437500 0.491176 4.375001
v 3.750000 0.500000 4.375000
v 4.062500 0.454412 4.375000
v 4.375000 0.232353 4.375000
v 4.687500 0.245588 4.375001
v 5.000000 0.255882 4.375000
v 5.312500 0.258824 4.375001
v 5.625000 0.236765 4.375000
v 5.937500 0.214706 4.375000
v 6.250000 0.200000 4.375001
v 6.562500 0.194118 4.375001
v 6.875000 0.192647 4.375000
v 7.187500 0.202941 4.375001
v 7.500000 0.207353 4.375001
v 7.812500 0.208824 4.375000
v 8.125000 0.229412 4.375000
v 8.437501 0.229412 4.375001
v 8.750000 0.225000 4.375001
v 9.062501 0.201471 4.375001
v 9.375001 0.194118 4.375001
v 9.687500 0.176471 4.375001
v -9.687500 0.292647 4.062499
v -9.375000 0.304412 4.062499
v -9.062500 0.294118 4.062499
v -8.750000 0.285294 4.062499
v -8.437501 0.517647 4.062500
v -8.125001 0.560294 4.062500
v -7.812500 0.611765 4.062500
v -7.500001 0.454412 4.062500
v -7.187501 0.539705 4.062500
v -6.875000 0.577941 4.062499
v -6.562501 0.636764 4.062500
v -6.250000 0.786765 4.062499
v -5.937500 0.925000 4.062499
v -5.625001 0.841177 4.062500
v -5.312501 0.777941 4.062500
v -5.000000 0.785294 4.062499
v -4.687501 0.777941 4.062500
v -4.375000 0.772059 4.062499
v -4.062501 0.725001 4.062500
v -3.750000 0.620588 4.062500
v -3.437500 0.586765 4.062500
v -3.125000 0.573529 4.062500
v -2.812500 0.572059 4.062500
v -2.500001 0.541177 4.062500
v -2.187500 0.504412 4.062500
v -1.875000 0.502941 4.062500
v -1.562500 0.500000 4.062500
v -1.250001 0.497059 4.062500
v -0.937500 0.498530 4.062500
v -0.625000 0.497059 4.062501
v -0.312501 0.483823 4.062500
v -0.000000 0.450000 4.062500
v 0.312500 0.395588 4.062500
v 0.625000 0.358823 4.062501
v 0.937500 0.349020 4.062500
v 1.250000 0.452941 4.062501
v 1.562500 0.494118 4.062500
v 1.875000 0.505882 4.062500
v 2.187500 0.516176 4.062500
v 2.500000 0.566177 4.062500
v 2.812500 0.570588 4.062500
v 3.125000 0.502941 4.062500
v 3.437500 0.470588 4.062500
v 3.750000 0.452941 4.062501
v 4.062500 0.444118 4.062500
v 4.375000 0.270588 4.062500
v 4.687501 0.232353 4.062501
v 4.999999 0.235294 4.062500
v 5.312500 0.255882 4.062500
v 5.625000 0.239706 4.062500
v 5.937500 0.235294 4.062500
v 6.250000 0.205882 4.062501
v 6.562500 0.194118 4.062500
v 6.875000 0.194118 4.062500
v 7.187500 0.201471 4.062500
v 7.500000 0.210294 4.062501
v 7.812500 0.217647 4.062500
v 8.125000 0.229412 4.062500
v 8.437500 0.229412 4.062500
v 8.750000 0.229412 4.062500
v 9.062501 0.223529 4.062502
v 9.375000 0.205882 4.062500
v 9.687500 0.192647 4.062500
v -9.687501 0.305882 3.749999
v -9.375001 0.311765 3.750000
v -9.062500 0.314706 3.749999
v -8.750000 0.439706 3.749999
v -8.437501 0.498529 3.750000
v -8.125001 0.585294 3.750000
v -7.812500 0.514706 3.749999
v -7.500001 0.554412 3.750000
v -7.187501 0.575000 3.750000
v -6.875001 0.627941 3.750000
v -6.562500 0.692647 3.749999
v -6.250000 0.842647 3.749999
v -5.937501 0.883824 3.750000
v -5.625000 0.879412 3.749999
v -5.312501 0.755883 3.750000
v -5.000000 0.766177 3.750000
v -4.687501 0.772059 3.750000
v -4.375001 0.738235 3.750001
v -4.062500 0.733824 3.750000
v -3.750001 0.608824 3.750000
v -3.437500 0.582353 3.750000
v -3.125000 0.577941 3.749999
v -2.812500 0.575000 3.750000
v -2.500000 0.569118 3.750000
v -2.187500 0.567647 3.750000
v -1.875001 0.532352 3.750001
v -1.562501 0.502941 3.750001
v -1.250000 0.505882 3.750000
v -0.937501 0.502941 3.750000
v -0.625001 0.501471 3.750000
v -0.312501 0.502941 3.750000
v -0.000000 0.508823 3.750001
v 0.312500 0.463235 3.750000
v 0.625000 0.407353 3.750001
v 0.937500 0.479412 3.750000
v 1.250000 0.495588 3.750000
v 1.562500 0.505882 3.750001
v 1.875000 0.505882 3.750001
v 2.187500 0.510294 3.750000
v 2.500000 0.570588 3.750001
v 2.812500 0.567647 3.750001
v 3.125000 0.494118 3.750000
v 3.437499 0.464706 3.750000
v 3.750000 0.454412 3.750001
v 4.062500 0.451471 3.750000
v 4.375000 0.251471 3.750001
v 4.687500 0.229412 3.750000
v 5.000000 0.230882 3.750001
v 5.312500 0.252941 3.750001
v 5.625000 0.247059 3.750000
v 5.937500 0.247059 3.750001
v 6.250000 0.216177 3.750001
v 6.562500 0.200000 3.750000
v 6.875000 0.192647 3.750001
v 7.187500 0.197059 3.750001
v 7.500000 0.211765 3.750001
v 7.812500 0.211765 3.750001
v 8.125001 0.216176 3.750001
v 8.437501 0.229412 3.750001
v 8.750001 0.229412 3.750002
v 9.062501 0.227941 3.750001
v 9.375001 0.229412 3.750001
v 9.687501 0.210294 3.750001
v -9.687501 0.317647 3.437499
v -9.375000 0.329902 3.437499
v -9.062501 0.411764 3.437500
v -8.750000 0.467647 3.437499
v -8.437500 0.610294 3.437499
v -8.125000 0.508824 3.437499
v -7.812501 0.497059 3.437500
v -7.500001 0.595588 3.437500
v -7.187501 0.647059 3.437500
v -6.875001 0.682353 3.437500
v -6.562500 0.698529 3.437499
v -6.250001 0.875000 3.437500
v -5.937500 0.866176 3.437499
v -5.625001 0.833824 3.437500
v -5.312501 0.783823 3.437500
v -5.000000 0.725000 3.437500
v -4.687500 0.744118 3.437500
v -4.375000 0.692647 3.437500
v -4.062500 0.636765 3.437500
v -3.750000 0.623530 3.437499
v -3.437501 0.644118 3.437500
v -3.125000 0.626471 3.437500
v -2.812500 0.589706 3.437500
v -2.500001 0.576471 3.437500
v -2.187500 0.569118 3.437500
v -1.875001 0.569118 3.437501
v -1.562500 0.566177 3.437500
v -1.250000 0.560294 3.437500
v -0.937500 0.567647 3.437500
v -0.625000 0.563235 3.437500
v -0.312500 0.566177 3.437500
v -0.000000 0.548530 3.437500
v 0.312500 0.502941 3.437500
v 0.625000 0.502941 3.437500
v 0.937499 0.497059 3.437500
v 1.250000 0.502941 3.437501
v 1.562500 0.557353 3.437500
v 1.875000 0.519118 3.437500
v 2.187500 0.569118 3.437500
v 2.500001 0.570588 3.437500
v 2.812500 0.526471 3.437501
v 3.125000 0.480882 3.437501
v 3.437500 0.464706 3.437501
v 3.750000 0.464706 3.437500
v 4.062500 0.455882 3.437501
v 4.375000 0.379411 3.437501
v 4.687500 0.219118 3.437501
v 5.000000 0.257353 3.437500
v 5.312500 0.252941 3.437501
v 5.625000 0.283823 3.437501
v 5.937500 0.217647 3.437501
v 6.250000 0.200000 3.437500
v 6.562500 0.200000 3.437500
v 6.875000 0.200000 3.437500
v 7.187500 0.205882 3.437502
v 7.500000 0.210294 3.437501
v 7.812500 0.217647 3.437501
v 8.125000 0.217647 3.437501
v 8.437500 0.226471 3.437501
v 8.750000 0.236765 3.437500
v 9.062501 0.235294 3.437502
v 9.375001 0.236764 3.437501
v 9.687501 0.229412 3.437501
v -9.687501 0.343137 3.124999
v -9.375000 0.394118 3.124999
v -9.062501 0.407353 3.124999
v -8.750001 0.569117 3.125000
v -8.437501 0.651472 3.125000
v -8.125001 0.502941 3.125000
v -7.812500 0.544118 3.124999
v -7.500000 0.600000 3.124999
v -7.187501 0.670588 3.125000
v -6.875000 0.760294 3.124999
v -6.562501 0.763235 3.125000
v -6.250001 0.833824 3.125000
v -5.937501 0.788236 3.125000
v -5.625001 0.758823 3.125000
v -5.312500 0.782353 3.124999
v -5.000000 0.766177 3.124999
v -4.687501 0.786765 3.124999
v -4.375000 0.733824 3.125000
v -4.062500 0.676471 3.124999
v -3.750000 0.670588 3.125000
v -3.437500 0.660294 3.125000
v -3.125000 0.626471 3.125001
v -2.812500 0.605882 3.125000
v -2.500000 0.576471 3.125000
v -2.187500 0.573530 3.124999
v -1.875000 0.572059 3.125000
v -1.562500 0.570588 3.125000
v -1.250000 0.569118 3.125000
v -0.937501 0.570588 3.125000
v -0.625000 0.570588 3.125000
v -0.312500 0.566177 3.125000
v -0.000000 0.569118 3.125000
v 0.312500 0.570588 3.125000
v 0.625000 0.563235 3.125000
v 0.937500 0.567647 3.125000
v 1.250000 0.570588 3.125000
v 1.562500 0.570588 3.125000
v 1.875000 0.564706 3.125000
v 2.187500 0.570588 3.125000
v 2.500000 0.570588 3.125000
v 2.812500 0.504412 3.125001
v 3.125000 0.488235 3.125001
v 3.437500 0.461765 3.125000
v 3.750000 0.458824 3.125000
v 4.062499 0.450000 3.125000
v 4.375000 0.332353 3.125000
v 4.687500 0.289706 3.125001
v 5.000000 0.298530 3.125000
v 5.312500 0.300000 3.125001
v 5.625000 0.216177 3.125001
v 5.937500 0.198529 3.125000
v 6.250000 0.200000 3.125001
v 6.562500 0.200000 3.125001
v 6.875000 0.200000 3.125000
v 7.187500 0.204412 3.125001
v 7.500000 0.214706 3.125001
v 7.812500 0.213235 3.125000
v 8.125001 0.229412 3.125001
v 8.437501 0.239706 3.125001
v 8.750001 0.251470 3.125001
v 9.062500 0.252941 3.125001
v 9.375000 0.255882 3.125000
v 9.687501 0.225000 3.125001
v -9.687500 0.442647 2.812499
v -9.375000 0.417647 2.812499
v -9.062501 0.491176 2.812499
v -8.750000 0.711765 2.812499
v -8.437501 0.576471 2.812500
v -8.125000 0.557353 2.812499
v -7.812501 0.583823 2.812500
v -7.500000 0.669118 2.812499
v -7.187501 0.747059 2.812500
v -6.875000 0.798529 2.812499
v -6.562501 0.782353 2.812500
v -6.250001 0.791177 2.812499
v -5.937501 0.752941 2.812500
v -5.625001 0.757353 2.812500
v -5.312501 0.777941 2.812500
v -5.000000 0.770588 2.812500
v -4.687501 0.700000 2.812500
v -4.375001 0.686765 2.812500
v -4.062500 0.694118 2.812500
v -3.750001 0.669118 2.812500
v -3.437500 0.635294 2.812500
v -3.125000 0.622059 2.812500
v -2.812501 0.614706 2.812500
v -2.500000 0.579412 2.812500
v -2.187501 0.576471 2.812500
v -1.875000 0.576471 2.812499
v -1.562500 0.576471 2.812500
v -1.250000 0.570588 2.812500
v -0.937501 0.570588 2.812500
v -0.625000 0.570588 2.812500
v -0.312500 0.576471 2.812500
v -0.000000 0.576471 2.812501
v 0.312500 0.570588 2.812500
v 0.625000 0.569118 2.812500
v 0.937500 0.576471 2.812500
v 1.250000 0.576471 2.812500
v 1.562500 0.576471 2.812500
v 1.875000 0.569118 2.812500
v 2.187499 0.575000 2.812500
v 2.500000 0.570588 2.812500
v 2.812500 0.548529 2.812501
v 3.125000 0.505882 2.812500
v 3.437500 0.482353 2.812500
v 3.750000 0.475000 2.812501
v 4.062500 0.461765 2.812501
v 4.374999 0.366176 2.812501
v 4.687500 0.339216 2.812501
v 5.000000 0.332353 2.812501
v 5.312500 0.226471 2.812501
v 5.625000 0.207353 2.812501
v 5.937500 0.200000 2.812500
v 6.250000 0.198529 2.812500
v 6.562500 0.200000 2.812501
v 6.875000 0.200000 2.812501
v 7.187500 0.205882 2.812500
v 7.500000 0.211765 2.812500
v 7.812500 0.222059 2.812501
v 8.125001 0.229412 2.812501
v 8.437502 0.366179 2.812501
v 8.750001 0.404411 2.812501
v 9.062501 0.252941 2.812502
v 9.375001 0.258824 2.812501
v 9.687500 0.251471 2.812501
v -9.687501 0.450000 2.499999
v -9.375000 0.436765 2.499999
v -9.062500 0.583824 2.499999
v -8.750000 0.689706 2.499999
v -8.437501 0.567647 2.500000
v -8.125001 0.592647 2.500000
v -7.812500 0.605882 2.499999
v -7.500000 0.661765 2.499999
v -7.187501 0.669117 2.500000
v -6.875000 0.773529 2.499999
v -6.562500 0.748530 2.500000
v -6.250000 0.807353 2.499999
v -5.937500 0.780882 2.500000
v -5.625000 0.779412 2.500000
v -5.312500 0.805882 2.500000
v -5.000000 0.772059 2.500000
v -4.687500 0.726471 2.499999
v -4.375000 0.720589 2.499999
v -4.062500 0.695588 2.500001
v -3.750000 0.663235 2.500000
v -3.437501 0.648530 2.500000
v -3.125000 0.627941 2.500000
v -2.812500 0.602941 2.500000
v -2.500001 0.591177 2.500000
v -2.187500 0.573529 2.500000
v -1.875000 0.576471 2.499999
v -1.562500 0.576471 2.500000
v -1.250000 0.569118 2.500000
v -0.937500 0.570588 2.500000
v -0.625001 0.570588 2.500000
v -0.312500 0.567647 2.500000
v -0.000000 0.576471 2.500000
v 0.312499 0.576471 2.500000
v 0.625000 0.570588 2.500000
v 0.937500 0.569118 2.500000
v 1.250000 0.573529 2.500000
v 1.562500 0.573530 2.500000
v 1.874999 0.575000 2.500000
v 2.187500 0.576471 2.500000
v 2.500000 0.572059 2.500000
v 2.812500 0.570588 2.500001
v 3.125000 0.551470 2.500001
v 3.437500 0.502941 2.500001
v 3.750000 0.492647 2.500000
v 4.062500 0.476471 2.500001
v 4.375000 0.439706 2.500000
v 4.687500 0.357353 2.500000
v 5.000000 0.273529 2.500001
v 5.312500 0.235294 2.500001
v 5.625000 0.210294 2.500001
v 5.937500 0.198530 2.500001
v 6.250000 0.198529 2.500000
v 6.562501 0.197059 2.500001
v 6.875000 0.197059 2.500000
v 7.187501 0.205882 2.500001
v 7.500001 0.211765 2.500001
v 7.812501 0.219118 2.500001
v 8.125001 0.236765 2.500001
v 8.437501 0.323530 2.500001
v 8.750000 0.526471 2.500000
v 9.062500 0.417647 2.500000
v 9.375000 0.248529 2.500001
v 9.687501 0.241176 2.500001
v -9.687501 0.475000 2.187499
v -9.375001 0.529411 2.187500
v -9.062501 0.642646 2.187499
v -8.750001 0.547059 2.187499
v -8.437501 0.600000 2.187499
v -8.125000 0.636765 2.187499
v -7.812500 0.607353 2.187499
v -7.500000 0.604412 2.187499
v -7.187501 0.699999 2.187500
v -6.875000 0.754412 2.187499
v -6.562500 0.841176 2.187500
v -6.250000 0.913236 2.187500
v -5.937500 0.838235 2.187500
v -5.625000 0.801471 2.187499
v -5.312501 0.889706 2.187500
v -5.000000 0.752941 2.187500
v -4.687500 0.764706 2.187500
v -4.375000 0.741177 2.187500
v -4.062500 0.716177 2.187500
v -3.750001 0.664706 2.187500
v -3.437500 0.632353 2.187499
v -3.125000 0.614706 2.187500
v -2.812500 0.602941 2.187500
v -2.500000 0.591177 2.187499
v -2.187501 0.586765 2.187501
v -1.875000 0.575000 2.187500
v -1.562500 0.576471 2.187500
v -1.250000 0.576471 2.187500
v -0.937500 0.570588 2.187500
v -0.625001 0.570588 2.187500
v -0.312500 0.570588 2.187500
v -0.000000 0.576471 2.187500
v 0.312500 0.572059 2.187500
v 0.625000 0.576471 2.187500
v 0.937500 0.583824 2.187500
v 1.250000 0.589706 2.187500
v 1.562500 0.586765 2.187500
v 1.875000 0.579412 2.187500
v 2.187500 0.573529 2.187501
v 2.500000 0.576471 2.187500
v 2.812500 0.573530 2.187500
v 3.125000 0.570588 2.187500
v 3.437500 0.558824 2.187500
v 3.750000 0.500000 2.187501
v 4.062500 0.505882 2.187500
v 4.375000 0.483823 2.187501
v 4.687500 0.372059 2.187501
v 5.000000 0.297059 2.187501
v 5.312500 0.252941 2.187501
v 5.625000 0.223529 2.187501
v 5.937500 0.210294 2.187501
v 6.250000 0.200000 2.187500
v 6.562500 0.198529 2.187500
v 6.875001 0.197059 2.187501
v 7.187501 0.205882 2.187501
v 7.500000 0.211765 2.187501
v 7.812500 0.214706 2.187500
v 8.125000 0.226471 2.187501
v 8.437500 0.239706 2.187500
v 8.750001 0.267648 2.187501
v 9.062500 0.500000 2.187500
v 9.375001 0.367647 2.187501
v 9.687500 0.242647 2.187501
v -9.687500 0.591177 1.874999
v -9.375001 0.719117 1.875000
v -9.062501 0.805882 1.874999
v -8.750000 0.655882 1.874999
v -8.437500 0.616177 1.874999
v -8.125001 0.601471 1.875000
v -7.812501 0.698529 1.875000
v -7.500001 0.783824 1.875000
v -7.187501 0.854411 1.875000
v -6.875000 0.908824 1.875000
v -6.562500 0.910784 1.875000
v -6.250000 0.911765 1.874999
v -5.937500 0.886765 1.875000
v -5.625001 0.833823 1.875000
v -5.312500 0.863235 1.874999
v -5.000000 0.782353 1.875000
v -4.687500 0.766177 1.874999
v -4.375000 0.748529 1.874999
v -4.062500 0.727941 1.874999
v -3.750001 0.680883 1.875000
v -3.437500 0.632353 1.874999
v -3.125000 0.608824 1.875000
v -2.812500 0.597059 1.875000
v -2.500000 0.595588 1.875000
v -2.187500 0.588235 1.874999
v -1.875000 0.585294 1.875000
v -1.562501 0.594118 1.875000
v -1.250000 0.583824 1.875000
v -0.937500 0.576471 1.875001
v -0.625000 0.570588 1.875000
v -0.312500 0.570588 1.875000
v -0.000000 0.576471 1.875001
v 0.312500 0.575000 1.874999
v 0.625000 0.588235 1.875000
v 0.937500 0.585294 1.875001
v 1.250000 0.595588 1.875000
v 1.562500 0.588235 1.875000
v 1.875000 0.586765 1.875001
v 2.187500 0.589706 1.875000
v 2.500000 0.579412 1.875001
v 2.812500 0.576471 1.875000
v 3.125000 0.570588 1.875000
v 3.437500 0.570588 1.875001
v 3.750000 0.570588 1.875001
v 4.062500 0.519118 1.875000
v 4.375000 0.502941 1.875000
v 4.687500 0.472059 1.875000
v 5.000000 0.325000 1.875001
v 5.312500 0.288235 1.875001
v 5.625000 0.260294 1.875000
v 5.937500 0.238235 1.875000
v 6.250000 0.217647 1.875001
v 6.562500 0.202941 1.875002
v 6.875000 0.204412 1.875001
v 7.187501 0.205882 1.875001
v 7.500000 0.207353 1.875000
v 7.812501 0.217647 1.875001
v 8.125001 0.217647 1.875001
v 8.437500 0.229412 1.875000
v 8.750001 0.219118 1.875001
v 9.062500 0.232353 1.875001
v 9.375000 0.220588 1.875001
v 9.687501 0.254412 1.875001
v -9.687501 0.632352 1.562499
v -9.375001 0.701470 1.562500
v -9.062501 0.719118 1.562500
v -8.750001 0.652940 1.562500
v -8.437501 0.733825 1.562499
v -8.125000 0.751471 1.562499
v -7.812500 0.866176 1.562499
v -7.500001 0.922549 1.562499
v -7.187500 0.895588 1.562499
v -6.875000 0.860294 1.562499
v -6.562501 0.880883 1.562500
v -6.250001 0.913235 1.562500
v -5.937500 0.883824 1.562500
v -5.625000 0.839706 1.562500
v -5.312500 0.870588 1.562500
v -5.000000 0.798529 1.562499
v -4.687500 0.761765 1.562500
v -4.375000 0.757353 1.562500
v -4.062500 0.735294 1.562500
v -3.750000 0.704412 1.562501
v -3.437501 0.657353 1.562500
v -3.125000 0.629412 1.562500
v -2.812500 0.614706 1.562499
v -2.500001 0.605883 1.562500
v -2.187500 0.594118 1.562500
v -1.875000 0.585294 1.562500
v -1.562500 0.583824 1.562500
v -1.250000 0.586765 1.562500
v -0.937499 0.573529 1.562500
v -0.625000 0.567647 1.562501
v -0.312500 0.569118 1.562500
v -0.000000 0.576471 1.562499
v 0.312500 0.576471 1.562500
v 0.625000 0.591177 1.562501
v 0.937500 0.580882 1.562500
v 1.250000 0.595588 1.562501
v 1.562500 0.597059 1.562501
v 1.875000 0.698529 1.562500
v 2.187500 0.798529 1.562500
v 2.500000 0.591177 1.562500
v 2.812500 0.588235 1.562501
v 3.125000 0.576471 1.562501
v 3.437500 0.576471 1.562501
v 3.750000 0.570588 1.562501
v 4.062500 0.570588 1.562501
v 4.375000 0.541176 1.562501
v 4.687500 0.523529 1.562501
v 5.000000 0.405882 1.562501
v 5.312500 0.327941 1.562501
v 5.625000 0.286765 1.562500
v 5.937500 0.264706 1.562501
v 6.250000 0.263235 1.562501
v 6.562500 0.244118 1.562501
v 6.875000 0.217647 1.562501
v 7.187500 0.214706 1.562501
v 7.500001 0.208824 1.562501
v 7.812501 0.217647 1.562501
v 8.125000 0.226471 1.562500
v 8.437501 0.229412 1.562501
v 8.750000 0.226471 1.562500
v 9.062500 0.219118 1.562501
v 9.375001 0.229412 1.562501
v 9.687500 0.232353 1.562501
v -9.687501 0.711763 1.250000
v -9.375000 0.838235 1.249999
v -9.062501 0.691177 1.249999
v -8.750000 0.747059 1.249999
v -8.437501 0.657353 1.249999
v -8.125001 0.708823 1.249999
v -7.812500 0.857353 1.249999
v -7.500000 0.904412 1.249999
v -7.187500 0.848529 1.249999
v -6.875000 0.925000 1.250000
v -6.562500 0.933333 1.250000
v -6.250001 0.847059 1.250000
v -5.937500 0.877941 1.250000
v -5.625000 0.951471 1.249999
v -5.312500 0.987745 1.249999
v -5.000000 0.854412 1.249999
v -4.687500 0.802941 1.250000
v -4.375000 0.758824 1.250000
v -4.062500 0.732353 1.250000
v -3.750000 0.700000 1.250000
v -3.437500 0.675000 1.250000
v -3.125000 0.645588 1.250000
v -2.812500 0.608824 1.250000
v -2.500000 0.601471 1.250000
v -2.187500 0.594118 1.250000
v -1.875000 0.588235 1.250000
v -1.562501 0.616177 1.250000
v -1.250000 0.638235 1.250000
v -0.937500 0.600000 1.250000
v -0.625000 0.579412 1.250000
v -0.312500 0.573529 1.250000
v -0.000000 0.573530 1.250000
v 0.312500 0.576471 1.250001
v 0.625000 0.580882 1.249999
v 0.937500 0.586765 1.250001
v 1.250000 0.566177 1.250001
v 1.562500 0.645588 1.250000
v 1.875000 0.577941 1.250000
v 2.187500 0.633824 1.250000
v 2.500000 0.811765 1.250000
v 2.812500 0.600000 1.250000
v 3.125000 0.585294 1.250000
v 3.437500 0.583824 1.250000
v 3.750000 0.575000 1.250000
v 4.062500 0.570588 1.250001
v 4.375000 0.555883 1.250000
v 4.687500 0.519118 1.250000
v 5.000000 0.500000 1.250000
v 5.312500 0.363235 1.250000
v 5.625000 0.305882 1.250001
v 5.937500 0.288235 1.250001
v 6.250000 0.272059 1.250000
v 6.562500 0.260294 1.250001
v 6.875000 0.242647 1.250001
v 7.187500 0.236765 1.250000
v 7.500000 0.226471 1.250001
v 7.812501 0.229412 1.250001
v 8.125001 0.223529 1.250001
v 8.437501 0.226471 1.250001
v 8.750000 0.229412 1.250000
v 9.062501 0.226471 1.250000
v 9.375000 0.229412 1.250001
v 9.687501 0.229412 1.250001
v -9.687501 1.025489 0.937499
v -9.375001 0.848530 0.937499
v -9.062501 0.811765 0.937499
v -8.750000 0.817647 0.937499
v -8.437500 0.766177 0.937499
v -8.125001 0.725000 0.937499
v -7.812500 0.825000 0.937500
v -7.500000 0.891176 0.937499
v -7.187500 0.810294 0.937499
v -6.875000 0.870588 0.937500
v -6.562500 0.863235 0.937499
v -6.250000 0.869118 0.937499
v -5.937500 0.870588 0.937500
v -5.625000 0.987745 0.937500
v -5.312500 0.955882 0.937499
v -5.000000 0.902941 0.937499
v -4.687500 0.847059 0.937499
v -4.375000 0.772059 0.937500
v -4.062500 0.732353 0.937500
v -3.750000 0.697059 0.937499
v -3.437500 0.658824 0.937499
v -3.125000 0.635294 0.937500
v -2.812500 0.608824 0.937500
v -2.500000 0.607353 0.937499
v -2.187500 0.594118 0.937500
v -1.875001 0.594118 0.937500
v -1.562500 0.607353 0.937499
v -1.250000 0.613235 0.937500
v -0.937501 0.605882 0.937500
v -0.625000 0.598530 0.937499
v -0.312501 0.580882 0.937500
v 0.000000 0.576471 0.937500
v 0.312500 0.576471 0.937500
v 0.625000 0.573529 0.937500
v 0.937500 0.583824 0.937501
v 1.249999 0.585294 0.937500
v 1.562500 0.573529 0.937500
v 1.875000 0.586765 0.937500
v 2.187500 0.677941 0.937500
v 2.500000 0.691177 0.937500
v 2.812500 0.773529 0.937501
v 3.125000 0.723530 0.937501
v 3.437500 0.588235 0.937501
v 3.750000 0.576471 0.937500
v 4.062500 0.570588 0.937501
v 4.375000 0.547059 0.937500
v 4.687500 0.502941 0.937500
v 5.000000 0.505882 0.937500
v 5.312500 0.373529 0.937500
v 5.625001 0.335784 0.937501
v 5.937500 0.311765 0.937501
v 6.250000 0.283824 0.937501
v 6.562500 0.266177 0.937501
v 6.875000 0.257353 0.937500
v 7.187500 0.252941 0.937500
v 7.500001 0.247059 0.937501
v 7.812500 0.241176 0.937500
v 8.125001 0.232353 0.937501
v 8.437501 0.235294 0.937501
v 8.750000 0.235294 0.937501
v 9.062501 0.229412 0.937502
v 9.375000 0.220588 0.937501
v 9.687500 0.220588 0.937501
v -9.687501 0.954902 0.624999
v -9.375001 0.867647 0.624999
v -9.062501 0.880883 0.624999
v -8.750001 0.892647 0.625000
v -8.437501 0.866177 0.624999
v -8.125000 0.925000 0.624999
v -7.812500 0.894118 0.624999
v -7.500000 1.036275 0.624999
v -7.187501 0.938727 0.624999
v -6.875000 0.857353 0.624999
v -6.562501 0.968138 0.624999
v -6.250000 1.017157 0.625000
v -5.937500 1.107353 0.624999
v -5.625001 1.009805 0.625000
v -5.312500 0.969117 0.624999
v -5.000000 0.839706 0.625000
v -4.687500 0.776471 0.624999
v -4.375000 0.764706 0.625000
v -4.062500 0.729412 0.625000
v -3.750001 0.707353 0.625000
v -3.437501 0.682353 0.625000
v -3.125000 0.661765 0.625000
v -2.812500 0.632353 0.624999
v -2.500000 0.616177 0.625000
v -2.187500 0.608824 0.625000
v -1.875000 0.602941 0.624999
v -1.562500 0.594118 0.625000
v -1.250000 0.602941 0.625000
v -0.937501 0.607353 0.625000
v -0.625000 0.608824 0.624999
v -0.312501 0.601471 0.625000
v -0.000000 0.576471 0.624999
v 0.312500 0.573529 0.625000
v 0.625000 0.576471 0.625000
v 0.937500 0.576471 0.625000
v 1.250000 0.589706 0.625000
v 1.562500 0.594118 0.625000
v 1.875000 0.582353 0.625000
v 2.187500 0.607353 0.625001
v 2.500000 0.608824 0.625001
v 2.812500 0.707353 0.625000
v 3.125000 0.710294 0.625001
v 3.437500 0.625000 0.625001
v 3.750000 0.575000 0.625000
v 4.062500 0.570588 0.625000
v 4.375000 0.548530 0.625001
v 4.687500 0.548530 0.625001
v 5.000000 0.505882 0.625001
v 5.312500 0.427941 0.625000
v 5.625000 0.363235 0.625001
v 5.937500 0.323530 0.625001
v 6.250000 0.304412 0.625001
v 6.562500 0.283823 0.625000
v 6.875000 0.276471 0.625001
v 7.187500 0.257353 0.625000
v 7.500000 0.252941 0.625001
v 7.812500 0.247059 0.625001
v 8.125001 0.238235 0.625000
v 8.437501 0.241176 0.625000
v 8.750001 0.232353 0.625001
v 9.062501 0.227941 0.625000
v 9.375001 0.267647 0.625001
v 9.687500 0.226471 0.625001
v -9.687501 0.838236 0.312499
v -9.375001 0.899999 0.312499
v -9.062501 0.992647 0.312499
v -8.750000 0.945098 0.312499
v -8.437501 0.949509 0.312499
v -8.125001 0.929903 0.312499
v -7.812500 0.848529 0.312499
v -7.500000 0.935294 0.312499
v -7.187500 0.948039 0.312499
v -6.875001 0.820589 0.312499
v -6.562500 0.861765 0.312500
v -6.250000 0.943627 0.312500
v -5.937500 0.973040 0.312500
v -5.625000 1.050000 0.312500
v -5.312500 0.978431 0.312500
v -5.000000 0.844118 0.312500
v -4.687500 0.805882 0.312500
v -4.375000 0.770588 0.312500
v -4.062500 0.744118 0.312500
v -3.750000 0.707353 0.312499
v -3.437500 0.675000 0.312500
v -3.125000 0.647059 0.312499
v -2.812500 0.630882 0.312500
v -2.500000 0.619118 0.312499
v -2.187500 0.614706 0.312499
v -1.875000 0.600000 0.312500
v -1.562500 0.597059 0.312500
v -1.250000 0.594118 0.312499
v -0.937500 0.594118 0.312500
v -0.625000 0.585294 0.312500
v -0.312500 0.583824 0.312500
v -0.000000 0.572059 0.312500
v 0.312500 0.570588 0.312500
v 0.625000 0.576471 0.312500
v 0.937500 0.573530 0.312500
v 1.250000 0.591177 0.312500
v 1.562500 0.585294 0.312500
v 1.875000 0.591177 0.312500
v 2.187500 0.591177 0.312500
v 2.500000 0.592647 0.312501
v 2.812500 0.576471 0.312501
v 3.125000 0.752941 0.312500
v 3.437500 0.770588 0.312500
v 3.750000 0.648529 0.312501
v 4.062500 0.564706 0.312501
v 4.375000 0.550000 0.312501
v 4.687500 0.567647 0.312501
v 5.000000 0.501471 0.312500
v 5.312500 0.502941 0.312501
v 5.625000 0.398529 0.312501
v 5.937500 0.349510 0.312500
v 6.250000 0.346079 0.312500
v 6.562500 0.326471 0.312501
v 6.875000 0.314706 0.312500
v 7.187500 0.291176 0.312500
v 7.500000 0.263235 0.312501
v 7.812500 0.250000 0.312501
v 8.125000 0.241176 0.312501
v 8.437501 0.247059 0.312501
v 8.750000 0.294118 0.312500
v 9.062501 0.217647 0.312501
v 9.375001 0.220588 0.312501
v 9.687501 0.238235 0.312500
v -9.687501 0.791177 -0.000001
v -9.375001 0.830882 -0.000001
v -9.062501 0.936275 -0.000001
v -8.750001 0.932353 -0.000001
v -8.437501 0.959314 -0.000000
v -8.125001 0.942157 -0.000001
v -7.812500 0.888235 -0.000001
v -7.500001 0.886765 -0.000001
v -7.187501 1.001960 -0.000001
v -6.875000 0.994118 -0.000000
v -6.562501 0.945098 -0.000000
v -6.250001 0.968138 -0.000001
v -5.937500 0.952941 -0.000000
v -5.625001 1.012745 -0.000000
v -5.312501 1.024021 -0.000001
v -5.000000 0.838235 -0.000000
v -4.687500 0.808824 -0.000000
v -4.375001 0.773530 -0.000001
v -4.062500 0.735294 -0.000000
v -3.750000 0.708824 -0.000000
v -3.437500 0.672059 -0.000000
v -3.125000 0.639706 -0.000000
v -2.812500 0.627941 -0.000000
v -2.500000 0.614706 -0.000000
v -2.187500 0.614706 -0.000000
v -1.875000 0.605882 -0.000000
v -1.562500 0.601471 -0.000000
v -1.250000 0.589706 0.000000
v -0.937500 0.594118 0.000000
v -0.624999 0.585294 -0.000000
v -0.312500 0.580882 -0.000000
v 0.000000 0.586765 0.000000
v 0.312500 0.586765 0.000001
v 0.625000 0.582353 0.000000
v 0.937500 0.585294 0.000000
v 1.250000 0.592647 0.000000
v 1.562500 0.597059 0.000000
v 1.875001 0.595588 0.000000
v 2.187500 0.594118 0.000001
v 2.500000 0.591177 0.000001
v 2.812501 0.588235 0.000000
v 3.125000 0.594118 0.000001
v 3.437500 0.738235 0.000001
v 3.750001 0.595588 0.000000
v 4.062500 0.579412 0.000001
v 4.375000 0.569118 0.000001
v 4.687501 0.551471 0.000000
v 5.000000 0.564706 0.000001
v 5.312500 0.505882 0.000001
v 5.625001 0.502941 0.000000
v 5.937500 0.444118 0.000001
v 6.250000 0.366176 0.000001
v 6.562500 0.364706 0.000001
v 6.875000 0.360294 0.000001
v 7.187501 0.337745 0.000001
v 7.500001 0.310294 0.000001
v 7.812500 0.276471 0.000000
v 8.125001 0.270588 0.000001
v 8.437501 0.244118 0.000001
v 8.750001 0.230882 0.000001
v 9.062501 0.230882 0.000001
v 9.375001 0.223529 0.000001
v 9.687501 0.229412 0.000001
v -9.687501 0.836765 -0.312501
v -9.375001 0.851470 -0.312501
v -9.062501 0.850000 -0.312500
v -8.750000 0.888235 -0.312501
v -8.437501 0.923530 -0.312501
v -8.125001 0.886765 -0.312501
v -7.812500 0.829412 -0.312501
v -7.500000 0.800000 -0.312500
v -7.187500 0.829412 -0.312500
v -6.875000 1.031863 -0.312501
v -6.562500 0.897549 -0.312501
v -6.250000 0.873530 -0.312500
v -5.937500 0.880883 -0.312501
v -5.625001 0.972549 -0.312500
v -5.312500 0.998040 -0.312501
v -5.000000 0.788235 -0.312501
v -4.687500 0.775000 -0.312501
v -4.375000 0.764706 -0.312500
v -4.062500 0.726471 -0.312501
v -3.750001 0.702941 -0.312500
v -3.437500 0.670588 -0.312501
v -3.125000 0.667647 -0.312500
v -2.812500 0.636765 -0.312500
v -2.500000 0.625000 -0.312500
v -2.187500 0.611765 -0.312500
v -1.875000 0.602941 -0.312500
v -1.562500 0.598530 -0.312500
v -1.250000 0.597059 -0.312500
v -0.937500 0.594118 -0.312500
v -0.625000 0.582353 -0.312500
v -0.312500 0.585294 -0.312500
v -0.000000 0.577941 -0.312500
v 0.312500 0.591177 -0.312500
v 0.625000 0.583824 -0.312500
v 0.937500 0.591177 -0.312500
v 1.250000 0.591177 -0.312500
v 1.562500 0.604412 -0.312500
v 1.875000 0.605882 -0.312500
v 2.187500 0.600000 -0.312500
v 2.500000 0.601471 -0.312500
v 2.812500 0.602941 -0.312500
v 3.125000 0.608824 -0.312500
v 3.437500 0.626471 -0.312500
v 3.750000 0.633824 -0.312500
v 4.062500 0.589706 -0.312499
v 4.375000 0.583824 -0.312500
v 4.687500 0.576471 -0.312500
v 5.000000 0.561765 -0.312500
v 5.312500 0.520588 -0.312500
v 5.625000 0.502941 -0.312499
v 5.937500 0.505882 -0.312500
v 6.250000 0.495588 -0.312499
v 6.562500 0.498530 -0.312500
v 6.875001 0.502941 -0.312499
v 7.187500 0.464706 -0.312499
v 7.500000 0.408824 -0.312499
v 7.812500 0.347549 -0.312499
v 8.125001 0.294118 -0.312500
v 8.437500 0.258824 -0.312500
v 8.750000 0.250000 -0.312499
v 9.062500 0.248529 -0.312499
v 9.375001 0.239706 -0.312499
v 9.687501 0.239706 -0.312499
v -9.687501 0.870589 -0.625001
v -9.375001 0.844117 -0.625001
v -9.062501 0.875000 -0.625000
v -8.750001 0.948530 -0.625001
v -8.437501 0.935785 -0.625001
v -8.125001 0.867647 -0.625001
v -7.812500 0.777941 -0.625001
v -7.500000 0.770588 -0.625001
v -7.187501 0.827941 -0.625000
v -6.875000 0.886765 -0.625001
v -6.562500 0.883824 -0.625001
v -6.250000 0.889706 -0.625000
v -5.937500 0.904412 -0.625001
v -5.625000 0.949509 -0.625001
v -5.312500 0.904412 -0.625000
v -5.000000 0.838235 -0.625001
v -4.687500 0.794118 -0.625001
v -4.375000 0.752941 -0.625001
v -4.062500 0.729412 -0.625001
v -3.750000 0.708824 -0.625001
v -3.437500 0.697059 -0.625000
v -3.125000 0.664706 -0.625000
v -2.812500 0.635294 -0.625000
v -2.500000 0.629412 -0.625000
v -2.187500 0.611765 -0.625001
v -1.875000 0.608824 -0.625000
v -1.562500 0.614706 -0.625000
v -1.250000 0.597059 -0.625000
v -0.937500 0.594118 -0.625000
v -0.625000 0.589706 -0.625001
v -0.312500 0.591177 -0.625000
v 0.000000 0.589706 -0.624999
v 0.312500 0.588235 -0.625000
v 0.625000 0.588235 -0.625000
v 0.937500 0.589706 -0.625000
v 1.250000 0.594118 -0.625000
v 1.562500 0.592647 -0.625000
v 1.875000 0.591177 -0.625000
v 2.187500 0.586765 -0.625000
v 2.500000 0.595588 -0.625000
v 2.812500 0.611765 -0.624999
v 3.125001 0.607353 -0.625000
v 3.437500 0.611765 -0.624999
v 3.750000 0.633824 -0.625000
v 4.062500 0.608824 -0.624999
v 4.375000 0.591177 -0.624999
v 4.687500 0.635294 -0.625000
v 5.000000 0.595588 -0.625000
v 5.312500 0.569118 -0.624999
v 5.625000 0.551471 -0.625000
v 5.937500 0.542647 -0.624999
v 6.250000 0.525000 -0.625000
v 6.562500 0.507353 -0.624999
v 6.875000 0.505882 -0.625000
v 7.187501 0.505882 -0.624999
v 7.500000 0.505882 -0.624999
v 7.812500 0.494118 -0.625000
v 8.125001 0.357843 -0.624999
v 8.437501 0.314706 -0.624999
v 8.750001 0.300000 -0.624999
v 9.062501 0.294118 -0.625000
v 9.375001 0.267647 -0.624999
v 9.687501 0.257353 -0.624999
v -9.687500 0.866176 -0.937501
v -9.375001 0.811765 -0.937500
v -9.062501 0.869117 -0.937501
v -8.750000 0.847059 -0.937501
v -8.437500 0.802941 -0.937500
v -8.125001 0.808823 -0.937501
v -7.812500 0.832353 -0.937500
v -7.500000 0.795588 -0.937501
v -7.187501 0.898529 -0.937501
v -6.875000 0.918137 -0.937500
v -6.562500 0.885294 -0.937500
v -6.250001 0.888235 -0.937500
v -5.937500 0.879412 -0.937501
v -5.625000 0.894118 -0.937501
v -5.312500 0.898530 -0.937500
v -5.000000 0.782353 -0.937501
v -4.687500 0.776471 -0.937500
v -4.375000 0.752941 -0.937500
v -4.062500 0.750000 -0.937500
v -3.750000 0.716177 -0.937500
v -3.437500 0.691177 -0.937500
v -3.125000 0.670588 -0.937501
v -2.812500 0.647059 -0.937501
v -2.500000 0.629412 -0.937501
v -2.187500 0.607353 -0.937500
v -1.875000 0.620588 -0.937500
v -1.562500 0.604412 -0.937500
v -1.250000 0.597059 -0.937501
v -0.937500 0.597059 -0.937500
v -0.625000 0.592647 -0.937500
v -0.312500 0.591177 -0.937500
v -0.000000 0.591177 -0.937500
v 0.312500 0.594118 -0.937501
v 0.625001 0.550000 -0.937500
v 0.937500 0.511765 -0.937500
v 1.250000 0.594118 -0.937500
v 1.562500 0.601471 -0.937500
v 1.875001 0.592647 -0.937500
v 2.187500 0.558824 -0.937500
v 2.500000 0.520588 -0.937500
v 2.812500 0.502941 -0.937500
v 3.125000 0.544118 -0.937500
v 3.437500 0.630882 -0.937500
v 3.750000 0.648529 -0.937500
v 4.062500 0.644118 -0.937500
v 4.375000 0.614706 -0.937499
v 4.687500 0.641177 -0.937499
v 5.000000 0.666177 -0.937500
v 5.312500 0.582353 -0.937500
v 5.625000 0.579412 -0.937500
v 5.937500 0.579412 -0.937500
v 6.250000 0.551471 -0.937500
v 6.562500 0.508824 -0.937499
v 6.875000 0.500000 -0.937500
v 7.187500 0.494118 -0.937499
v 7.500000 0.505882 -0.937499
v 7.812501 0.500000 -0.937499
v 8.125001 0.457352 -0.937500
v 8.437501 0.392647 -0.937500
v 8.750000 0.385294 -0.937499
v 9.062501 0.372059 -0.937499
v 9.375001 0.338235 -0.937499
v 9.687501 0.310294 -0.937500
v -9.687501 0.792647 -1.250001
v -9.375000 0.810294 -1.250001
v -9.062501 0.761765 -1.250000
v -8.750000 0.754412 -1.250001
v -8.437500 0.888235 -1.250000
v -8.125001 0.864706 -1.250001
v -7.812501 0.850000 -1.250001
v -7.500000 0.844118 -1.250001
v -7.187500 0.935784 -1.250001
v -6.875000 0.961765 -1.250001
v -6.562500 0.961765 -1.250001
v -6.250000 0.807353 -1.250001
v -5.937500 0.845588 -1.250001
v -5.625001 0.817647 -1.250000
v -5.312500 0.805882 -1.250000
v -5.000000 0.775000 -1.250000
v -4.687500 0.741177 -1.250000
v -4.375000 0.720588 -1.250000
v -4.062500 0.722059 -1.250001
v -3.750000 0.701471 -1.250000
v -3.437500 0.670588 -1.250000
v -3.125000 0.641177 -1.250001
v -2.812500 0.625000 -1.250000
v -2.500000 0.614706 -1.250000
v -2.187500 0.617647 -1.250000
v -1.875000 0.622059 -1.250000
v -1.562500 0.611765 -1.250000
v -1.250000 0.611765 -1.250000
v -0.937500 0.602941 -1.250000
v -0.625000 0.604412 -1.250000
v -0.312500 0.601471 -1.250000
v 0.000000 0.597059 -1.250000
v 0.312500 0.597059 -1.250000
v 0.625001 0.525000 -1.250000
v 0.937500 0.504412 -1.250000
v 1.250000 0.582353 -1.250000
v 1.562500 0.591177 -1.250000
v 1.875000 0.597059 -1.250000
v 2.187500 0.592647 -1.250000
v 2.500000 0.566177 -1.250000
v 2.812500 0.582353 -1.250000
v 3.125000 0.579412 -1.250000
v 3.437500 0.558824 -1.249999
v 3.750000 0.620588 -1.249999
v 4.062500 0.611765 -1.249999
v 4.375000 0.598530 -1.250000
v 4.687500 0.629412 -1.250000
v 5.000000 0.627941 -1.249999
v 5.312500 0.580882 -1.249999
v 5.625000 0.617647 -1.250000
v 5.937500 0.597059 -1.249999
v 6.250000 0.550000 -1.250000
v 6.562500 0.502941 -1.249999
v 6.875000 0.494118 -1.250000
v 7.187500 0.494118 -1.249999
v 7.500000 0.494118 -1.249999
v 7.812501 0.498529 -1.249999
v 8.125001 0.502941 -1.250000
v 8.437501 0.500000 -1.250000
v 8.750000 0.500000 -1.249999
v 9.062501 0.501471 -1.249999
v 9.375001 0.500000 -1.250000
v 9.687501 0.466176 -1.249999
v -9.687501 0.838235 -1.562501
v -9.375001 0.805883 -1.562501
v -9.062501 0.713235 -1.562501
v -8.750001 0.864705 -1.562501
v -8.437501 1.005882 -1.562501
v -8.125001 0.995588 -1.562501
v -7.812500 1.001471 -1.562501
v -7.500001 0.875000 -1.562501
v -7.187500 0.915196 -1.562501
v -6.875000 0.983333 -1.562500
v -6.562500 0.973039 -1.562500
v -6.250000 0.794118 -1.562501
v -5.937500 0.817647 -1.562500
v -5.625001 0.791177 -1.562501
v -5.312500 0.791177 -1.562501
v -5.000000 0.770588 -1.562500
v -4.687500 0.836765 -1.562500
v -4.375000 0.702941 -1.562500
v -4.062500 0.676471 -1.562500
v -3.750000 0.661765 -1.562500
v -3.437500 0.638235 -1.562501
v -3.125000 0.632353 -1.562500
v -2.812500 0.614706 -1.562500
v -2.500000 0.626471 -1.562500
v -2.187500 0.626471 -1.562500
v -1.875000 0.626471 -1.562500
v -1.562500 0.610294 -1.562500
v -1.250000 0.610294 -1.562500
v -0.937499 0.614706 -1.562500
v -0.625000 0.601471 -1.562500
v -0.312500 0.607353 -1.562500
v 0.000000 0.595588 -1.562500
v 0.312500 0.598530 -1.562500
v 0.625000 0.545588 -1.562500
v 0.937500 0.514706 -1.562500
v 1.250000 0.592647 -1.562500
v 1.562500 0.594118 -1.562500
v 1.875001 0.551471 -1.562500
v 2.187501 0.575000 -1.562500
v 2.500000 0.507353 -1.562500
v 2.812500 0.607353 -1.562499
v 3.125001 0.602941 -1.562500
v 3.437500 0.557353 -1.562500
v 3.750000 0.526471 -1.562500
v 4.062500 0.530882 -1.562500
v 4.375000 0.530882 -1.562499
v 4.687500 0.610294 -1.562499
v 5.000000 0.655882 -1.562500
v 5.312500 0.601471 -1.562499
v 5.625000 0.627941 -1.562500
v 5.937501 0.605882 -1.562500
v 6.250000 0.580882 -1.562500
v 6.562500 0.538235 -1.562499
v 6.875001 0.502941 -1.562499
v 7.187500 0.502941 -1.562499
v 7.500001 0.502941 -1.562499
v 7.812501 0.541177 -1.562500
v 8.125001 0.560294 -1.562500
v 8.437501 0.497059 -1.562500
v 8.750000 0.495588 -1.562499
v 9.062500 0.497059 -1.562499
v 9.375001 0.498529 -1.562499
v 9.687501 0.505882 -1.562499
v -9.687500 0.801471 -1.875001
v -9.375001 0.788235 -1.875001
v -9.062501 0.844118 -1.875001
v -8.750001 0.945098 -1.875001
v -8.437500 0.952941 -1.875000
v -8.125001 0.943138 -1.875001
v -7.812500 0.955882 -1.875001
v -7.500001 0.955392 -1.875001
v -7.187501 1.013236 -1.875001
v -6.875001 0.962255 -1.875001
v -6.562500 0.903922 -1.875001
v -6.250000 0.786765 -1.875001
v -5.937500 0.833824 -1.875001
v -5.625000 0.757353 -1.875000
v -5.312500 0.747059 -1.875001
v -5.000000 0.748529 -1.875000
v -4.687500 0.707353 -1.875000
v -4.375001 0.700000 -1.875001
v -4.062500 0.666177 -1.875000
v -3.750001 0.639706 -1.875001
v -3.437500 0.641177 -1.875000
v -3.125000 0.625000 -1.875000
v -2.812500 0.620588 -1.875000
v -2.500000 0.633824 -1.875000
v -2.187500 0.619118 -1.875001
v -1.875000 0.604412 -1.875000
v -1.562500 0.604412 -1.875000
v -1.250000 0.601471 -1.875000
v -0.937500 0.597059 -1.875001
v -0.624999 0.600000 -1.874999
v -0.312500 0.601471 -1.875000
v -0.000000 0.605882 -1.875000
v 0.312500 0.592647 -1.875000
v 0.625000 0.552941 -1.875000
v 0.937500 0.504412 -1.875000
v 1.250000 0.577941 -1.875000
v 1.562500 0.611765 -1.875000
v 1.875001 0.600000 -1.875000
v 2.187500 0.508824 -1.875000
v 2.500001 0.505882 -1.875000
v 2.812500 0.558824 -1.875000
v 3.125000 0.535294 -1.875000
v 3.437500 0.594118 -1.874999
v 3.750001 0.591177 -1.875000
v 4.062500 0.573530 -1.875000
v 4.375000 0.573530 -1.874999
v 4.687500 0.576471 -1.875000
v 5.000000 0.629412 -1.874999
v 5.312500 0.626471 -1.875000
v 5.625000 0.613235 -1.874999
v 5.937500 0.614706 -1.875000
v 6.250000 0.607353 -1.875000
v 6.562500 0.575000 -1.875000
v 6.875000 0.564706 -1.875000
v 7.187501 0.563235 -1.874999
v 7.500001 0.529411 -1.875000
v 7.812500 0.508824 -1.874999
v 8.125000 0.569118 -1.874999
v 8.437500 0.558824 -1.874999
v 8.750001 0.542647 -1.875000
v 9.062501 0.504412 -1.874999
v 9.375001 0.502941 -1.874999
v 9.687501 0.502941 -1.875000
v -9.687501 0.607353 -2.187501
v -9.375001 0.776471 -2.187501
v -9.062501 0.763236 -2.187501
v -8.750000 0.826471 -2.187500
v -8.437501 0.898530 -2.187501
v -8.125001 0.919118 -2.187501
v -7.812500 0.976961 -2.187500
v -7.500000 0.894119 -2.187501
v -7.187501 0.822058 -2.187501
v -6.875000 0.847059 -2.187501
v -6.562500 0.769118 -2.187501
v -6.250000 0.725000 -2.187501
v -5.937500 0.717647 -2.187500
v -5.625000 0.722059 -2.187500
v -5.312500 0.716177 -2.187501
v -5.000000 0.726471 -2.187500
v -4.687500 0.711765 -2.187501
v -4.375000 0.695588 -2.187500
v -4.062500 0.669118 -2.187500
v -3.750000 0.651471 -2.187501
v -3.437500 0.644118 -2.187500
v -3.125000 0.627941 -2.187500
v -2.812500 0.619118 -2.187500
v -2.500000 0.638235 -2.187500
v -2.187500 0.608824 -2.187500
v -1.875000 0.608824 -2.187500
v -1.562500 0.607353 -2.187500
v -1.250000 0.600000 -2.187500
v -0.937500 0.607353 -2.187500
v -0.625000 0.607353 -2.187500
v -0.312500 0.617647 -2.187500
v 0.000000 0.620588 -2.187500
v 0.312500 0.617647 -2.187500
v 0.625001 0.582353 -2.187500
v 0.937500 0.519118 -2.187500
v 1.250000 0.504412 -2.187500
v 1.562500 0.561765 -2.187500
v 1.875001 0.536765 -2.187500
v 2.187500 0.504412 -2.187500
v 2.500000 0.538235 -2.187500
v 2.812500 0.502941 -2.187499
v 3.125000 0.564706 -2.187500
v 3.437500 0.597059 -2.187499
v 3.750001 0.614706 -2.187500
v 4.062500 0.610294 -2.187500
v 4.375000 0.589706 -2.187499
v 4.687500 0.576471 -2.187500
v 5.000000 0.566177 -2.187500
v 5.312500 0.576471 -2.187500
v 5.625000 0.582353 -2.187500
v 5.937500 0.614706 -2.187500
v 6.250000 0.651471 -2.187500
v 6.562500 0.604412 -2.187500
v 6.875000 0.572059 -2.187500
v 7.187500 0.575000 -2.187499
v 7.500001 0.566176 -2.187500
v 7.812500 0.561765 -2.187499
v 8.125001 0.539706 -2.187500
v 8.437500 0.555882 -2.187499
v 8.750000 0.564706 -2.187499
v 9.062501 0.566176 -2.187500
v 9.375000 0.555883 -2.187499
v 9.687501 0.514706 -2.187499
v -9.687500 0.573529 -2.500001
v -9.375000 0.613235 -2.500001
v -9.062500 0.654412 -2.500000
v -8.750000 0.733824 -2.500001
v -8.437501 0.851471 -2.500001
v -8.125000 0.836765 -2.500001
v -7.812500 0.876471 -2.500001
v -7.500000 0.855883 -2.500001
v -7.187500 0.833824 -2.500001
v -6.875000 0.848529 -2.500001
v -6.562500 0.819118 -2.500000
v -6.250000 0.723529 -2.500000
v -5.937500 0.708824 -2.500000
v -5.625000 0.702941 -2.500000
v -5.312500 0.685294 -2.500000
v -5.000000 0.694118 -2.500001
v -4.687500 0.697059 -2.500000
v -4.375000 0.689706 -2.500000
v -4.062500 0.667647 -2.500000
v -3.750000 0.641177 -2.500000
v -3.437500 0.652941 -2.500000
v -3.125000 0.642647 -2.500001
v -2.812500 0.623529 -2.500000
v -2.500000 0.602941 -2.500000
v -2.187500 0.605882 -2.500000
v -1.875000 0.623529 -2.500000
v -1.562500 0.608824 -2.500000
v -1.250000 0.616177 -2.500000
v -0.937500 0.607353 -2.500000
v -0.625000 0.613235 -2.500000
v -0.312500 0.619118 -2.500000
v 0.000001 0.633824 -2.500000
v 0.312501 0.630882 -2.500000
v 0.625000 0.611765 -2.500000
v 0.937500 0.570588 -2.500000
v 1.250000 0.585294 -2.500000
v 1.562500 0.567647 -2.500000
v 1.875000 0.552941 -2.500000
v 2.187500 0.573529 -2.500000
v 2.500000 0.580882 -2.500000
v 2.812500 0.585294 -2.500000
v 3.125000 0.589706 -2.500000
v 3.437501 0.611765 -2.500000
v 3.750001 0.616177 -2.500000
v 4.062500 0.585294 -2.500000
v 4.375000 0.588235 -2.499999
v 4.687500 0.595588 -2.500000
v 5.000000 0.594118 -2.500000
v 5.312500 0.575000 -2.500000
v 5.625000 0.569118 -2.499999
v 5.937500 0.592647 -2.499999
v 6.250000 0.610294 -2.500000
v 6.562500 0.623529 -2.500000
v 6.875000 0.614706 -2.499999
v 7.187501 0.583824 -2.500000
v 7.500001 0.577941 -2.500000
v 7.812500 0.569118 -2.499999
v 8.125000 0.567647 -2.499999
v 8.437501 0.545588 -2.500000
v 8.750001 0.555882 -2.500000
v 9.062501 0.545588 -2.500000
v 9.375001 0.535294 -2.500000
v 9.687500 0.548530 -2.499999
v -9.687500 0.619118 -2.812501
v -9.375001 0.647059 -2.812501
v -9.062501 0.713235 -2.812500
v -8.750000 0.791177 -2.812501
v -8.437501 0.798530 -2.812501
v -8.125001 0.814705 -2.812501
v -7.812500 0.910294 -2.812501
v -7.500000 0.789706 -2.812501
v -7.187500 0.755882 -2.812501
v -6.875000 0.720588 -2.812500
v -6.562500 0.714706 -2.812501
v -6.250000 0.697059 -2.812500
v -5.937500 0.697059 -2.812500
v -5.625000 0.682353 -2.812500
v -5.312500 0.685294 -2.812501
v -5.000000 0.676471 -2.812500
v -4.687500 0.673530 -2.812500
v -4.375000 0.672059 -2.812501
v -4.062500 0.652941 -2.812501
v -3.750000 0.647059 -2.812500
v -3.437500 0.645588 -2.812500
v -3.125000 0.629412 -2.812500
v -2.812500 0.623529 -2.812500
v -2.499999 0.600000 -2.812500
v -2.187500 0.611765 -2.812500
v -1.875000 0.627941 -2.812500
v -1.562500 0.617647 -2.812500
v -1.250000 0.616177 -2.812500
v -0.937500 0.617647 -2.812500
v -0.625000 0.550000 -2.812500
v -0.312500 0.502941 -2.812500
v -0.000000 0.502941 -2.812501
v 0.312500 0.552941 -2.812500
v 0.625000 0.507353 -2.812500
v 0.937501 0.505882 -2.812500
v 1.250000 0.502941 -2.812500
v 1.562500 0.519118 -2.812500
v 1.875000 0.611765 -2.812500
v 2.187500 0.617647 -2.812500
v 2.500000 0.623529 -2.812500
v 2.812500 0.610294 -2.812500
v 3.125000 0.595588 -2.812500
v 3.437500 0.605882 -2.812500
v 3.750001 0.610294 -2.812500
v 4.062500 0.608824 -2.812500
v 4.375000 0.610294 -2.812500
v 4.687501 0.598530 -2.812500
v 5.000000 0.622059 -2.812500
v 5.312500 0.626471 -2.812500
v 5.625001 0.588235 -2.812500
v 5.937500 0.569118 -2.812500
v 6.250001 0.547059 -2.812500
v 6.562501 0.610294 -2.812500
v 6.875000 0.614706 -2.812500
v 7.187500 0.580882 -2.812499
v 7.500000 0.605882 -2.812499
v 7.812501 0.585294 -2.812500
v 8.125001 0.554412 -2.812500
v 8.437501 0.516177 -2.812499
v 8.750001 0.505882 -2.812500
v 9.062501 0.504412 -2.812499
v 9.375001 0.504412 -2.812499
v 9.687500 0.520588 -2.812499
v -9.687501 0.663235 -3.125000
v -9.375000 0.672059 -3.125000
v -9.062501 0.692647 -3.125000
v -8.750000 0.757353 -3.125001
v -8.437501 0.786765 -3.125001
v -8.125001 0.760293 -3.125001
v -7.812500 0.888235 -3.125001
v -7.500000 0.757353 -3.125001
v -7.187500 0.722059 -3.125000
v -6.875000 0.700000 -3.125001
v -6.562500 0.711765 -3.125001
v -6.250000 0.683824 -3.125000
v -5.937500 0.670588 -3.125000
v -5.625000 0.683824 -3.125001
v -5.312500 0.679412 -3.125000
v -4.999999 0.651471 -3.125000
v -4.687500 0.660294 -3.125000
v -4.375000 0.664706 -3.125000
v -4.062499 0.660294 -3.125000
v -3.750000 0.625000 -3.125000
v -3.437500 0.629412 -3.125000
v -3.125000 0.629412 -3.125001
v -2.812500 0.626471 -3.125000
v -2.500000 0.589706 -3.125000
v -2.187500 0.605882 -3.125000
v -1.875000 0.605882 -3.125000
v -1.562500 0.617647 -3.125001
v -1.250000 0.617647 -3.125000
v -0.937499 0.623529 -3.125000
v -0.625000 0.629412 -3.125000
v -0.312500 0.610294 -3.125000
v 0.000000 0.539706 -3.125000
v 0.312500 0.522059 -3.125000
v 0.625001 0.504412 -3.125000
v 0.937501 0.505882 -3.125000
v 1.250001 0.544118 -3.125000
v 1.562500 0.557353 -3.125000
v 1.875000 0.629412 -3.125000
v 2.187500 0.629412 -3.125000
v 2.500000 0.620588 -3.125000
v 2.812500 0.613235 -3.125000
v 3.125000 0.614706 -3.125000
v 3.437500 0.588235 -3.124999
v 3.750000 0.608824 -3.125000
v 4.062500 0.608824 -3.125000
v 4.375000 0.611765 -3.125000
v 4.687501 0.617647 -3.125000
v 5.000000 0.625000 -3.124999
v 5.312501 0.622059 -3.125000
v 5.625001 0.600000 -3.125000
v 5.937500 0.652941 -3.124999
v 6.250001 0.691177 -3.124999
v 6.562500 0.545588 -3.125000
v 6.875000 0.600000 -3.124999
v 7.187501 0.605883 -3.125000
v 7.500000 0.604412 -3.124999
v 7.812501 0.577941 -3.125000
v 8.125001 0.544118 -3.125000
v 8.437501 0.508824 -3.125000
v 8.750000 0.505882 -3.124999
v 9.062501 0.500000 -3.124999
v 9.375000 0.502941 -3.124999
v 9.687501 0.502941 -3.124999
v -9.687501 0.745588 -3.437501
v -9.375001 0.702941 -3.437501
v -9.062500 0.752941 -3.437500
v -8.750001 0.752941 -3.437501
v -8.437501 0.769118 -3.437501
v -8.125000 0.804412 -3.437501
v -7.812500 0.794118 -3.437501
v -7.500000 0.738235 -3.437501
v -7.187500 0.738235 -3.437500
v -6.875000 0.702941 -3.437500
v -6.562500 0.689706 -3.437501
v -6.250000 0.708824 -3.437501
v -5.937500 0.698529 -3.437500
v -5.625000 0.705882 -3.437500
v -5.312500 0.686765 -3.437500
v -4.999999 0.670588 -3.437500
v -4.687500 0.654412 -3.437500
v -4.375000 0.644118 -3.437500
v -4.062500 0.632353 -3.437500
v -3.750000 0.629412 -3.437500
v -3.437500 0.645588 -3.437501
v -3.125000 0.629412 -3.437500
v -2.812500 0.614706 -3.437500
v -2.500000 0.594118 -3.437501
v -2.187500 0.602941 -3.437500
v -1.875000 0.608824 -3.437500
v -1.562500 0.611765 -3.437501
v -1.250000 0.611765 -3.437500
v -0.937500 0.611765 -3.437500
v -0.624999 0.622059 -3.437501
v -0.312500 0.627941 -3.437500
v 0.000001 0.614706 -3.437500
v 0.312501 0.566177 -3.437500
v 0.625000 0.530882 -3.437500
v 0.937501 0.542647 -3.437500
v 1.250001 0.613235 -3.437500
v 1.562501 0.623529 -3.437500
v 1.875000 0.611765 -3.437500
v 2.187500 0.610294 -3.437500
v 2.500000 0.605882 -3.437500
v 2.812500 0.604412 -3.437500
v 3.125000 0.607353 -3.437500
v 3.437501 0.602941 -3.437500
v 3.750000 0.605882 -3.437500
v 4.062501 0.602941 -3.437500
v 4.375000 0.620588 -3.437500
v 4.687500 0.620588 -3.437500
v 5.000000 0.605882 -3.437499
v 5.312500 0.632353 -3.437499
v 5.625000 0.620588 -3.437500
v 5.937501 0.560294 -3.437500
v 6.250001 0.597059 -3.437500
v 6.562501 0.597059 -3.437500
v 6.875000 0.520588 -3.437499
v 7.187501 0.557352 -3.437500
v 7.500001 0.602941 -3.437500
v 7.812501 0.614706 -3.437500
v 8.125000 0.611765 -3.437499
v 8.437501 0.539706 -3.437500
v 8.750000 0.505882 -3.437499
v 9.062500 0.500000 -3.437499
v 9.375001 0.500000 -3.437500
v 9.687501 0.491177 -3.437499
v -9.687501 0.775000 -3.750001
v -9.375001 0.766177 -3.750001
v -9.062500 0.783824 -3.750001
v -8.750000 0.783824 -3.750000
v -8.437501 0.804412 -3.750001
v -8.125001 0.772059 -3.750001
v -7.812500 0.725000 -3.750000
v -7.500000 0.714706 -3.750001
v -7.187500 0.702941 -3.750001
v -6.875000 0.738235 -3.750001
v -6.562500 0.720588 -3.750000
v -6.250000 0.714706 -3.750001
v -5.937500 0.700000 -3.750001
v -5.625000 0.676471 -3.750000
v -5.312500 0.667647 -3.750001
v -5.000000 0.641177 -3.750000
v -4.687500 0.648529 -3.750000
v -4.374999 0.672059 -3.750000
v -4.062499 0.654412 -3.750000
v -3.750000 0.623530 -3.750001
v -3.437500 0.614706 -3.750000
v -3.125000 0.607353 -3.750000
v -2.812500 0.595588 -3.750000
v -2.500000 0.594118 -3.750001
v -2.187500 0.601471 -3.750001
v -1.875000 0.611765 -3.750001
v -1.562500 0.611765 -3.750000
v -1.249999 0.617647 -3.750000
v -0.937500 0.617647 -3.750001
v -0.624999 0.623529 -3.750000
v -0.312499 0.629412 -3.750000
v 0.000000 0.629412 -3.750001
v 0.312500 0.550000 -3.750000
v 0.625000 0.613235 -3.750000
v 0.937501 0.614706 -3.750001
v 1.250000 0.607353 -3.750000
v 1.562500 0.608824 -3.750000
v 1.875001 0.601471 -3.750001
v 2.187501 0.595588 -3.750000
v 2.500001 0.591177 -3.750000
v 2.812500 0.597059 -3.750000
v 3.125000 0.600000 -3.750000
v 3.437501 0.602941 -3.750000
v 3.750001 0.605882 -3.750000
v 4.062500 0.594118 -3.750000
v 4.375001 0.610294 -3.750000
v 4.687500 0.614706 -3.750000
v 5.000001 0.629412 -3.750000
v 5.312501 0.625000 -3.750000
v 5.625000 0.594118 -3.750000
v 5.937501 0.591177 -3.750000
v 6.250001 0.635294 -3.750000
v 6.562500 0.633824 -3.749999
v 6.875001 0.594118 -3.750000
v 7.187501 0.561765 -3.750000
v 7.500000 0.508824 -3.749999
v 7.812501 0.505882 -3.750000
v 8.125000 0.508824 -3.749999
v 8.437501 0.500000 -3.750000
v 8.750001 0.557353 -3.750000
v 9.062500 0.558824 -3.749999
v 9.375001 0.504412 -3.750000
v 9.687501 0.505882 -3.749999
v -9.687500 0.754412 -4.062500
v -9.375001 0.748529 -4.062501
v -9.062501 0.807352 -4.062501
v -8.750000 0.794118 -4.062500
v -8.437500 0.863235 -4.062500
v -8.125001 0.772059 -4.062501
v -7.812500 0.716177 -4.062500
v -7.500000 0.679412 -4.062501
v -7.187500 0.673530 -4.062500
v -6.875000 0.679412 -4.062500
v -6.562500 0.673530 -4.062500
v -6.250000 0.685294 -4.062500
v -5.937500 0.689706 -4.062500
v -5.625000 0.670588 -4.062501
v -5.312500 0.651471 -4.062501
v -4.999999 0.645588 -4.062500
v -4.687500 0.648529 -4.062500
v -4.374999 0.641177 -4.062500
v -4.062500 0.633824 -4.062500
v -3.750000 0.645588 -4.062500
v -3.437500 0.658824 -4.062500
v -3.125000 0.598530 -4.062500
v -2.812500 0.592647 -4.062500
v -2.500000 0.594118 -4.062500
v -2.187500 0.592647 -4.062500
v -1.875000 0.604412 -4.062500
v -1.562500 0.608824 -4.062500
v -1.250000 0.613235 -4.062500
v -0.937500 0.613235 -4.062500
v -0.625000 0.616177 -4.062500
v -0.312500 0.620588 -4.062500
v 0.000000 0.620588 -4.062500
v 0.312501 0.572059 -4.062500
v 0.625001 0.598530 -4.062500
v 0.937501 0.611765 -4.062500
v 1.250000 0.597059 -4.062501
v 1.562500 0.583824 -4.062500
v 1.875000 0.585294 -4.062500
v 2.187500 0.585294 -4.062500
v 2.500001 0.583824 -4.062500
v 2.812500 0.592647 -4.062500
v 3.125000 0.602941 -4.062499
v 3.437500 0.591177 -4.062500
v 3.750001 0.597059 -4.062500
v 4.062500 0.594118 -4.062500
v 4.375001 0.597059 -4.062500
v 4.687500 0.611765 -4.062499
v 5.000000 0.614706 -4.062499
v 5.312500 0.623529 -4.062500
v 5.625000 0.622059 -4.062500
v 5.937500 0.623529 -4.062500
v 6.250001 0.617647 -4.062500
v 6.562500 0.626471 -4.062500
v 6.875000 0.622059 -4.062499
v 7.187500 0.608824 -4.062499
v 7.500001 0.579412 -4.062500
v 7.812500 0.536765 -4.062499
v 8.125001 0.522059 -4.062500
v 8.437500 0.522059 -4.062499
v 8.750000 0.532353 -4.062499
v 9.062500 0.525000 -4.062499
v 9.375000 0.547059 -4.062499
v 9.687501 0.532353 -4.062499
v -9.687500 0.748529 -4.375001
v -9.375001 0.791176 -4.375001
v -9.062501 0.858824 -4.375001
v -8.750001 0.844117 -4.375001
v -8.437501 0.852942 -4.375001
v -8.125001 0.733824 -4.375000
v -7.812500 0.705882 -4.375000
v -7.500000 0.675000 -4.375000
v -7.187500 0.669118 -4.375001
v -6.875000 0.664706 -4.375000
v -6.562500 0.664706 -4.375000
v -6.250000 0.648529 -4.375001
v -5.937500 0.669118 -4.375000
v -5.625000 0.644118 -4.375001
v -5.312500 0.644118 -4.375000
v -4.999999 0.639706 -4.375000
v -4.687500 0.642647 -4.375000
v -4.375000 0.629412 -4.375001
v -4.062499 0.636765 -4.375001
v -3.750000 0.660294 -4.375000
v -3.437500 0.595588 -4.375001
v -3.125000 0.588235 -4.375001
v -2.812500 0.550000 -4.375000
v -2.500000 0.569118 -4.375000
v -2.187500 0.583824 -4.375000
v -1.875000 0.608824 -4.375000
v -1.562500 0.617647 -4.375000
v -1.250000 0.614706 -4.375000
v -0.937499 0.623529 -4.375000
v -0.625000 0.614706 -4.375000
v -0.312500 0.614706 -4.375000
v 0.000001 0.611765 -4.375000
v 0.312501 0.611765 -4.375000
v 0.625001 0.602941 -4.375000
v 0.937500 0.597059 -4.375000
v 1.250000 0.585294 -4.375000
v 1.562501 0.576470 -4.375001
v 1.875001 0.576471 -4.375000
v 2.187501 0.582353 -4.375000
v 2.500000 0.576471 -4.375000
v 2.812501 0.567647 -4.374999
v 3.125000 0.583824 -4.375000
v 3.437501 0.576471 -4.375000
v 3.750000 0.589706 -4.375000
v 4.062500 0.597059 -4.375000
v 4.375001 0.600000 -4.375000
v 4.687501 0.611765 -4.375000
v 5.000000 0.617647 -4.375000
v 5.312500 0.536765 -4.375000
v 5.625000 0.626471 -4.375000
v 5.937500 0.638235 -4.375000
v 6.250000 0.644118 -4.375000
v 6.562501 0.652941 -4.375000
v 6.875000 0.629412 -4.375000
v 7.187501 0.633824 -4.375000
v 7.500001 0.629412 -4.375000
v 7.812501 0.617647 -4.375000
v 8.125001 0.636765 -4.374999
v 8.437501 0.613236 -4.375000
v 8.750001 0.613235 -4.375000
v 9.062501 0.601471 -4.375000
v 9.375001 0.592647 -4.375000
v 9.687500 0.598530 -4.374999
v -9.687501 0.791177 -4.687501
v -9.375000 0.845588 -4.687500
v -9.062501 0.863235 -4.687501
v -8.750001 0.910294 -4.687501
v -8.437501 0.785294 -4.687501
v -8.125000 0.720588 -4.687500
v -7.812500 0.692647 -4.687500
v -7.500000 0.702941 -4.687501
v -7.187500 0.682353 -4.687500
v -6.875000 0.667647 -4.687501
v -6.562500 0.670588 -4.687500
v -6.250000 0.657353 -4.687501
v -5.937500 0.644118 -4.687500
v -5.625000 0.642647 -4.687500
v -5.312500 0.639706 -4.687500
v -5.000000 0.635294 -4.687500
v -4.687500 0.644118 -4.687501
v -4.375000 0.632353 -4.687501
v -4.062499 0.654412 -4.687500
v -3.750000 0.598529 -4.687500
v -3.437500 0.589706 -4.687500
v -3.124999 0.539706 -4.687501
v -2.812500 0.589706 -4.687500
v -2.500000 0.557353 -4.687500
v -2.187499 0.576471 -4.687500
v -1.874999 0.605882 -4.687500
v -1.562500 0.611765 -4.687500
v -1.250000 0.614706 -4.687500
v -0.937500 0.619118 -4.687500
v -0.624999 0.620588 -4.687500
v -0.312500 0.611765 -4.687500
v 0.000000 0.611765 -4.687500
v 0.312501 0.604412 -4.687500
v 0.625000 0.600000 -4.687500
v 0.937501 0.594118 -4.687500
v 1.250000 0.582353 -4.687500
v 1.562500 0.579412 -4.687500
v 1.875000 0.575000 -4.687500
v 2.187500 0.569118 -4.687500
v 2.500001 0.570588 -4.687500
v 2.812501 0.569118 -4.687500
v 3.125000 0.502941 -4.687500
v 3.437500 0.519118 -4.687500
v 3.750000 0.570588 -4.687500
v 4.062501 0.585294 -4.687500
v 4.375000 0.594118 -4.687500
v 4.687501 0.605882 -4.687500
v 5.000001 0.611765 -4.687500
v 5.312500 0.611765 -4.687500
v 5.625000 0.542647 -4.687500
v 5.937500 0.642647 -4.687500
v 6.250001 0.644118 -4.687500
v 6.562501 0.647059 -4.687500
v 6.875001 0.555882 -4.687500
v 7.187500 0.526471 -4.687499
v 7.500001 0.661765 -4.687500
v 7.812500 0.655882 -4.687500
v 8.125001 0.655883 -4.687500
v 8.437501 0.669118 -4.687499
v 8.750001 0.642647 -4.687499
v 9.062500 0.641177 -4.687499
v 9.375000 0.626471 -4.687499
v 9.687500 0.620588 -4.687499
v -9.687500 0.826471 -5.000000
v -9.375001 0.880882 -5.000001
v -9.062501 0.913236 -5.000001
v -8.750000 0.802941 -5.000000
v -8.437501 0.725000 -5.000001
v -8.125001 0.711765 -5.000001
v -7.812500 0.694118 -5.000000
v -7.500000 0.682353 -5.000000
v -7.187500 0.676471 -5.000001
v -6.875000 0.670588 -5.000000
v -6.562500 0.664706 -5.000000
v -6.250000 0.667647 -5.000000
v -5.937500 0.635294 -5.000000
v -5.625000 0.635294 -5.000000
v -5.312500 0.645588 -5.000000
v -4.999999 0.645588 -5.000000
v -4.687499 0.644118 -5.000000
v -4.375000 0.641177 -5.000000
v -4.062499 0.633824 -5.000000
v -3.749999 0.592647 -5.000000
v -3.437499 0.542647 -5.000000
v -3.124999 0.592647 -5.000000
v -2.812500 0.526471 -5.000000
v -2.500000 0.541176 -5.000000
v -2.187499 0.600000 -5.000000
v -1.875000 0.605882 -5.000000
v -1.562500 0.602941 -5.000000
v -1.249999 0.607353 -5.000000
v -0.937500 0.602941 -5.000000
v -0.625000 0.610294 -5.000000
v -0.312500 0.608824 -5.000000
v 0.000000 0.605882 -5.000000
v 0.312501 0.598530 -5.000000
v 0.625001 0.592647 -5.000000
v 0.937500 0.589706 -5.000000
v 1.250000 0.582353 -5.000000
v 1.562500 0.580882 -5.000000
v 1.875001 0.576471 -5.000000
v 2.187500 0.570588 -5.000000
v 2.500001 0.569118 -5.000000
v 2.812501 0.501471 -5.000000
v 3.125000 0.505882 -5.000000
v 3.437500 0.502941 -5.000000
v 3.750000 0.561765 -5.000000
v 4.062500 0.582353 -5.000000
v 4.375000 0.592647 -4.999999
v 4.687500 0.595588 -5.000000
v 5.000000 0.605882 -5.000000
v 5.312500 0.608824 -4.999999
v 5.625000 0.623529 -4.999999
v 5.937500 0.666177 -5.000000
v 6.250001 0.676471 -5.000000
v 6.562500 0.667647 -5.000000
v 6.875000 0.647059 -5.000000
v 7.187500 0.642647 -5.000000
v 7.500000 0.642647 -4.999999
v 7.812500 0.652941 -5.000000
v 8.125001 0.658824 -5.000000
v 8.437500 0.639706 -4.999999
v 8.750000 0.644118 -4.999999
v 9.062501 0.625000 -4.999999
v 9.375001 0.620588 -4.999999
v 9.687500 0.614706 -4.999999
v -9.687500 0.858824 -5.312501
v -9.375001 0.817647 -5.312501
v -9.062501 0.779412 -5.312501
v -8.750000 0.729412 -5.312501
v -8.437500 0.700000 -5.312501
v -8.125000 0.692647 -5.312500
v -7.812500 0.673530 -5.312501
v -7.500000 0.670588 -5.312501
v -7.187500 0.669118 -5.312501
v -6.875000 0.663235 -5.312500
v -6.562500 0.645588 -5.312501
v -6.250000 0.639706 -5.312501
v -5.937500 0.670588 -5.312500
v -5.625000 0.635294 -5.312500
v -5.312500 0.626471 -5.312501
v -5.000000 0.620588 -5.312501
v -4.687499 0.613235 -5.312500
v -4.375000 0.639706 -5.312500
v -4.062500 0.600000 -5.312501
v -3.750000 0.536765 -5.312500
v -3.437499 0.514706 -5.312501
v -3.124999 0.545588 -5.312500
v -2.812500 0.504412 -5.312501
v -2.500000 0.582353 -5.312500
v -2.187500 0.591177 -5.312500
v -1.875000 0.591177 -5.312500
v -1.562499 0.591177 -5.312500
v -1.249999 0.600000 -5.312500
v -0.937499 0.600000 -5.312500
v -0.624999 0.595588 -5.312501
v -0.312500 0.594118 -5.312500
v 0.000000 0.594118 -5.312500
v 0.312501 0.594118 -5.312500
v 0.625000 0.586765 -5.312500
v 0.937500 0.580882 -5.312500
v 1.250000 0.576471 -5.312500
v 1.562501 0.576471 -5.312500
v 1.875001 0.572059 -5.312500
v 2.187501 0.570588 -5.312500
v 2.500001 0.539706 -5.312500
v 2.812500 0.538235 -5.312500
v 3.125000 0.511765 -5.312500
v 3.437500 0.507353 -5.312500
v 3.750001 0.567647 -5.312500
v 4.062501 0.579412 -5.312500
v 4.375000 0.585294 -5.312500
v 4.687500 0.598530 -5.312500
v 5.000000 0.610294 -5.312500
v 5.312501 0.614706 -5.312500
v 5.625000 0.629412 -5.312500
v 5.937501 0.639706 -5.312500
v 6.250001 0.638235 -5.312500
v 6.562500 0.657353 -5.312500
v 6.875000 0.664706 -5.312500
v 7.187501 0.657353 -5.312500
v 7.500001 0.654412 -5.312500
v 7.812501 0.642647 -5.312500
v 8.125000 0.642647 -5.312500
v 8.437501 0.626471 -5.312500
v 8.750000 0.617647 -5.312499
v 9.062501 0.619118 -5.312500
v 9.375001 0.616177 -5.312500
v 9.687501 0.569118 -5.312500
v -9.687499 0.810294 -5.625001
v -9.375000 0.755883 -5.625001
v -9.062500 0.736765 -5.625001
v -8.750000 0.698529 -5.625001
v -8.437500 0.677941 -5.625002
v -8.125000 0.669118 -5.625000
v -7.812500 0.661765 -5.625000
v -7.500000 0.650000 -5.625000
v -7.187500 0.655882 -5.625000
v -6.875000 0.648529 -5.625001
v -6.562500 0.658824 -5.625001
v -6.250000 0.663235 -5.625001
v -5.937500 0.642647 -5.625000
v -5.625000 0.651471 -5.625000
v -5.312500 0.633824 -5.625000
v -5.000000 0.626471 -5.625000
v -4.687499 0.608824 -5.625001
v -4.375000 0.598530 -5.625000
v -4.062499 0.594118 -5.625000
v -3.750000 0.592647 -5.625000
v -3.437500 0.533824 -5.625001
v -3.125000 0.539706 -5.625001
v -2.812500 0.532353 -5.625000
v -2.500000 0.594118 -5.625000
v -2.187499 0.594118 -5.625000
v -1.875000 0.585294 -5.625000
v -1.562500 0.530882 -5.625000
v -1.249999 0.588235 -5.625000
v -0.937500 0.588235 -5.625000
v -0.625000 0.594118 -5.625000
v -0.312499 0.589706 -5.625000
v 0.000000 0.585294 -5.625000
v 0.312501 0.579412 -5.625000
v 0.625001 0.573530 -5.625000
v 0.937500 0.576471 -5.625000
v 1.250000 0.576471 -5.625000
v 1.562501 0.576471 -5.625001
v 1.875000 0.576471 -5.625000
v 2.187500 0.570588 -5.625000
v 2.500001 0.529412 -5.625000
v 2.812501 0.505882 -5.625000
v 3.125001 0.505882 -5.625000
v 3.437501 0.520588 -5.625000
v 3.750000 0.572059 -5.625000
v 4.062501 0.535294 -5.625000
v 4.375000 0.517647 -5.625000
v 4.687500 0.597059 -5.625000
v 5.000001 0.597059 -5.625000
v 5.312500 0.614706 -5.625000
v 5.625000 0.620588 -5.625000
v 5.937501 0.629412 -5.625000
v 6.250000 0.632353 -5.625000
v 6.562500 0.641177 -5.625000
v 6.875001 0.647059 -5.625000
v 7.187500 0.642647 -5.625000
v 7.500001 0.652941 -5.625000
v 7.812500 0.636765 -5.625000
v 8.125002 0.558824 -5.625000
v 8.437503 0.551471 -5.625000
v 8.750002 0.619118 -5.624999
v 9.062502 0.635294 -5.625000
v 9.375001 0.617647 -5.624999
v 9.687502 0.586765 -5.625000
v -9.687500 0.711765 -5.937502
v -9.375001 0.704412 -5.937501
v -9.062500 0.685294 -5.937500
v -8.749999 0.726471 -5.937501
v -8.437500 0.688236 -5.937501
v -8.124999 0.657353 -5.937500
v -7.812500 0.658824 -5.937500
v -7.500000 0.648530 -5.937500
v -7.187500 0.650000 -5.937500
v -6.875000 0.638235 -5.937500
v -6.562500 0.647059 -5.937500
v -6.250000 0.627941 -5.937500
v -5.937500 0.627941 -5.937501
v -5.625000 0.644118 -5.937500
v -5.312500 0.630882 -5.937501
v -4.999999 0.638235 -5.937500
v -4.687500 0.607353 -5.937501
v -4.375000 0.605882 -5.937501
v -4.062499 0.600000 -5.937500
v -3.750000 0.601471 -5.937501
v -3.437500 0.597059 -5.937500
v -3.125000 0.591177 -5.937500
v -2.812500 0.566177 -5.937501
v -2.499999 0.591177 -5.937500
v -2.187500 0.588235 -5.937500
v -1.874999 0.588235 -5.937500
v -1.562500 0.536765 -5.937500
v -1.249999 0.580882 -5.937500
v -0.937500 0.576471 -5.937500
v -0.625000 0.573530 -5.937500
v -0.312500 0.573530 -5.937500
v 0.000001 0.576471 -5.937500
v 0.312501 0.576471 -5.937500
v 0.625001 0.576471 -5.937500
v 0.937501 0.576471 -5.937500
v 1.250000 0.576471 -5.937500
v 1.562500 0.576471 -5.937500
v 1.875001 0.575000 -5.937500
v 2.187501 0.570588 -5.937500
v 2.500000 0.519118 -5.937500
v 2.812500 0.505882 -5.937500
v 3.125000 0.505882 -5.937500
v 3.437501 0.561765 -5.937500
v 3.750001 0.576471 -5.937500
v 4.062500 0.580882 -5.937500
v 4.375001 0.575000 -5.937500
v 4.687500 0.591177 -5.937500
v 5.000000 0.610294 -5.937500
v 5.312500 0.623529 -5.937500
v 5.625000 0.623529 -5.937500
v 5.937500 0.629412 -5.937500
v 6.250000 0.638235 -5.937500
v 6.562500 0.641177 -5.937500
v 6.875000 0.641177 -5.937500
v 7.187500 0.645588 -5.937500
v 7.500001 0.650000 -5.937499
v 7.812501 0.602941 -5.937499
v 8.125002 0.536765 -5.937500
v 8.437501 0.502941 -5.937499
v 8.750001 0.501471 -5.937499
v 9.062502 0.613235 -5.937499
v 9.375003 0.620588 -5.937500
v 9.687501 0.579412 -5.937499
v -9.687499 0.666177 -6.250001
v -9.375000 0.670588 -6.250001
v -9.062500 0.666177 -6.250001
v -8.750000 0.670588 -6.250001
v -8.437500 0.683824 -6.250001
v -8.124999 0.648529 -6.250000
v -7.812500 0.652941 -6.250001
v -7.500000 0.648529 -6.250000
v -7.187500 0.661765 -6.250001
v -6.875000 0.669118 -6.250001
v -6.562500 0.655882 -6.250001
v -6.250000 0.625000 -6.250000
v -5.937500 0.605882 -6.250001
v -5.625000 0.620588 -6.250001
v -5.312500 0.611765 -6.250001
v -5.000000 0.610294 -6.250001
v -4.687500 0.616177 -6.250001
v -4.375000 0.611765 -6.250001
v -4.062500 0.602941 -6.250001
v -3.749999 0.604412 -6.250000
v -3.437500 0.604412 -6.250001
v -3.125000 0.595588 -6.250000
v -2.812500 0.588235 -6.250001
v -2.500000 0.586765 -6.250000
v -2.187500 0.585294 -6.250000
v -1.874999 0.588235 -6.250000
v -1.562500 0.582353 -6.250001
v -1.250000 0.573529 -6.250000
v -0.937499 0.576471 -6.250000
v -0.625000 0.576471 -6.250000
v -0.312499 0.576471 -6.250000
v 0.000001 0.576471 -6.250000
v 0.312501 0.576471 -6.250000
v 0.625001 0.573529 -6.250000
v 0.937501 0.570588 -6.250000
v 1.250001 0.569118 -6.250000
v 1.562501 0.523530 -6.250000
v 1.875001 0.523530 -6.250000
v 2.187501 0.511765 -6.250000
v 2.500000 0.504412 -6.250000
v 2.812501 0.505882 -6.250000
v 3.125000 0.505882 -6.250000
v 3.437501 0.502941 -6.250000
v 3.750001 0.502941 -6.250000
v 4.062500 0.563235 -6.250000
v 4.375001 0.588235 -6.250000
v 4.687501 0.600000 -6.250000
v 5.000000 0.607353 -6.250000
v 5.312501 0.595588 -6.250000
v 5.625001 0.542647 -6.250000
v 5.937500 0.616177 -6.250000
v 6.250000 0.626471 -6.250000
v 6.562501 0.633824 -6.250000
v 6.875000 0.638235 -6.250000
v 7.187501 0.635294 -6.250000
v 7.500001 0.635294 -6.250000
v 7.812501 0.532353 -6.250000
v 8.125001 0.629412 -6.250000
v 8.437502 0.583824 -6.250000
v 8.750001 0.636765 -6.249999
v 9.062502 0.630882 -6.249999
v 9.375002 0.598529 -6.249999
v 9.687501 0.555882 -6.249999
v -9.687500 0.639706 -6.562501
v -9.375000 0.638236 -6.562502
v -9.062500 0.661765 -6.562501
v -8.750000 0.670588 -6.562501
v -8.437500 0.661765 -6.562500
v -8.125000 0.642647 -6.562500
v -7.812500 0.642647 -6.562501
v -7.500000 0.655882 -6.562500
v -7.187500 0.660294 -6.562500
v -6.875000 0.630882 -6.562500
v -6.562500 0.613235 -6.562500
v -6.250000 0.522059 -6.562501
v -5.937500 0.554412 -6.562501
v -5.625000 0.626471 -6.562500
v -5.312500 0.623529 -6.562501
v -5.000000 0.626471 -6.562500
v -4.687500 0.614706 -6.562501
v -4.375000 0.610294 -6.562501
v -4.062499 0.605882 -6.562500
v -3.749999 0.602941 -6.562500
v -3.437500 0.600000 -6.562500
v -3.125000 0.594118 -6.562501
v -2.812500 0.591177 -6.562500
v -2.500000 0.583824 -6.562500
v -2.187500 0.582353 -6.562501
v -1.874999 0.582353 -6.562500
v -1.562500 0.579412 -6.562500
v -1.249999 0.573530 -6.562500
v -0.937499 0.576471 -6.562500
v -0.624999 0.576471 -6.562500
v -0.312500 0.576471 -6.562501
v 0.000001 0.576471 -6.562500
v 0.312501 0.567647 -6.562500
v 0.625000 0.554412 -6.562500
v 0.937501 0.504412 -6.562500
v 1.250001 0.502941 -6.562500
v 1.562501 0.505882 -6.562500
v 1.875001 0.505882 -6.562500
v 2.187501 0.505882 -6.562501
v 2.500001 0.505882 -6.562500
v 2.812501 0.505882 -6.562500
v 3.125001 0.511765 -6.562500
v 3.437500 0.557353 -6.562500
v 3.750001 0.502941 -6.562500
v 4.062500 0.504412 -6.562500
v 4.375000 0.564706 -6.562500
v 4.687501 0.588235 -6.562500
v 5.000001 0.601471 -6.562500
v 5.312500 0.605882 -6.562500
v 5.625001 0.611765 -6.562500
v 5.937501 0.614706 -6.562500
v 6.250001 0.617647 -6.562500
v 6.562501 0.635294 -6.562500
v 6.875001 0.617647 -6.562500
v 7.187500 0.613235 -6.562500
v 7.500001 0.619118 -6.562500
v 7.812500 0.617647 -6.562500
v 8.125002 0.629412 -6.562500
v 8.437502 0.625000 -6.562500
v 8.750002 0.629412 -6.562500
v 9.062501 0.607353 -6.562499
v 9.375002 0.547059 -6.562500
v 9.687502 0.500000 -6.562499
v -9.687499 0.694118 -6.875001
v -9.374999 0.660294 -6.875001
v -9.062500 0.645588 -6.875001
v -8.749999 0.663235 -6.875001
v -8.437499 0.654412 -6.875001
v -8.124999 0.660294 -6.875000
v -7.812500 0.632353 -6.875000
v -7.500000 0.626471 -6.875000
v -7.187500 0.613235 -6.875000
v -6.875000 0.626471 -6.875000
v -6.562500 0.627941 -6.875000
v -6.250000 0.536765 -6.875000
v -5.937500 0.627941 -6.875000
v -5.625000 0.636765 -6.875000
v -5.312500 0.641177 -6.875000
v -4.999999 0.629412 -6.875000
v -4.687500 0.597059 -6.875001
v -4.374999 0.538235 -6.875000
v -4.062499 0.608824 -6.875000
v -3.750000 0.605882 -6.875001
v -3.437499 0.598530 -6.875000
v -3.124999 0.600000 -6.875000
v -2.812500 0.600000 -6.875001
v -2.499999 0.592647 -6.875000
v -2.187499 0.588235 -6.875000
v -1.875000 0.583824 -6.875001
v -1.562499 0.575000 -6.875000
v -1.250000 0.567647 -6.875000
v -0.937500 0.563235 -6.875000
v -0.624999 0.566177 -6.875000
v -0.312500 0.567647 -6.875000
v 0.000001 0.560294 -6.875000
v 0.312501 0.529412 -6.875000
v 0.625001 0.504412 -6.875000
v 0.937501 0.505882 -6.875000
v 1.250001 0.505882 -6.875000
v 1.562500 0.505882 -6.875000
v 1.875000 0.505882 -6.875000
v 2.187502 0.505882 -6.875000
v 2.500000 0.505882 -6.875000
v 2.812501 0.505882 -6.875000
v 3.125001 0.505882 -6.875000
v 3.437501 0.504412 -6.875000
v 3.750001 0.505882 -6.875000
v 4.062501 0.505882 -6.875000
v 4.375001 0.554412 -6.875000
v 4.687501 0.594118 -6.875000
v 5.000000 0.566177 -6.875000
v 5.312500 0.595588 -6.875000
v 5.625000 0.607353 -6.875000
v 5.937500 0.610294 -6.875000
v 6.250001 0.608824 -6.875000
v 6.562501 0.608824 -6.875000
v 6.875000 0.592647 -6.875000
v 7.187500 0.592647 -6.875000
v 7.500000 0.600000 -6.875000
v 7.812501 0.605882 -6.875000
v 8.125001 0.620588 -6.875000
v 8.437501 0.638235 -6.874999
v 8.750002 0.645588 -6.875000
v 9.062502 0.550000 -6.874999
v 9.375002 0.541176 -6.874999
v 9.687501 0.505882 -6.874999
v -9.687500 0.692647 -7.187501
v -9.375000 0.664706 -7.187501
v -9.062500 0.620588 -7.187501
v -8.750000 0.667647 -7.187501
v -8.437500 0.630882 -7.187501
v -8.124999 0.667647 -7.187500
v -7.812500 0.676471 -7.187501
v -7.500000 0.648530 -7.187501
v -7.187500 0.605882 -7.187501
v -6.875000 0.630882 -7.187500
v -6.562500 0.635294 -7.187500
v -6.250000 0.635294 -7.187500
v -5.937500 0.635294 -7.187501
v -5.625000 0.519118 -7.187500
v -5.312499 0.604412 -7.187501
v -5.000000 0.629412 -7.187501
v -4.687500 0.617647 -7.187501
v -4.375000 0.527941 -7.187500
v -4.062500 0.582353 -7.187501
v -3.749999 0.610294 -7.187500
v -3.437500 0.605883 -7.187502
v -3.124999 0.601471 -7.187500
v -2.812500 0.594118 -7.187501
v -2.499999 0.594118 -7.187501
v -2.187500 0.582353 -7.187501
v -1.875000 0.588235 -7.187501
v -1.562500 0.573530 -7.187501
v -1.250000 0.570588 -7.187501
v -0.937500 0.533823 -7.187501
v -0.624999 0.500000 -7.187501
v -0.312499 0.500000 -7.187500
v 0.000000 0.505882 -7.187501
v 0.312501 0.505882 -7.187500
v 0.625001 0.505882 -7.187500
v 0.937501 0.505882 -7.187500
v 1.250001 0.505882 -7.187500
v 1.562501 0.505882 -7.187500
v 1.875001 0.505882 -7.187500
v 2.187501 0.505882 -7.187501
v 2.500001 0.505882 -7.187501
v 2.812501 0.505882 -7.187500
v 3.125001 0.505882 -7.187500
v 3.437502 0.505882 -7.187500
v 3.750001 0.505882 -7.187500
v 4.062500 0.504412 -7.187500
v 4.375000 0.569118 -7.187500
v 4.687500 0.547059 -7.187500
v 5.000000 0.550000 -7.187500
v 5.312500 0.597059 -7.187500
v 5.625001 0.611765 -7.187500
v 5.937501 0.601471 -7.187500
v 6.250001 0.597059 -7.187500
v 6.562500 0.592647 -7.187500
v 6.875000 0.585294 -7.187500
v 7.187501 0.585294 -7.187500
v 7.500001 0.583824 -7.187500
v 7.812501 0.601471 -7.187500
v 8.125002 0.616177 -7.187500
v 8.437502 0.661765 -7.187500
v 8.750002 0.636765 -7.187500
v 9.062501 0.554412 -7.187499
v 9.375002 0.508823 -7.187500
v 9.687502 0.505882 -7.187500
v -9.687499 0.647059 -7.500001
v -9.375000 0.614706 -7.500002
v -9.062500 0.608824 -7.500001
v -8.749999 0.604412 -7.500001
v -8.437500 0.600000 -7.500001
v -8.125000 0.597059 -7.500001
v -7.812500 0.630882 -7.500001
v -7.500000 0.623529 -7.500001
v -7.187500 0.595588 -7.500001
v -6.875000 0.608824 -7.500000
v -6.562500 0.625000 -7.500000
v -6.250000 0.632353 -7.500001
v -5.937500 0.633824 -7.500000
v -5.625000 0.623529 -7.500001
v -5.312500 0.620588 -7.500001
v -5.000000 0.630882 -7.500000
v -4.687500 0.575001 -7.500001
v -4.375000 0.535294 -7.500001
v -4.062500 0.538236 -7.500001
v -3.750000 0.616177 -7.500001
v -3.437500 0.611765 -7.500001
v -3.124999 0.604412 -7.500000
v -2.812499 0.604412 -7.500000
v -2.500000 0.600000 -7.500001
v -2.187499 0.588235 -7.500000
v -1.875000 0.573530 -7.500001
v -1.562500 0.570588 -7.500001
v -1.249999 0.570588 -7.500000
v -0.937499 0.504412 -7.500000
v -0.625000 0.505882 -7.500000
v -0.312499 0.505882 -7.500000
v 0.000001 0.505882 -7.500000
v 0.312500 0.505882 -7.500000
v 0.625001 0.505882 -7.500000
v 0.937501 0.505882 -7.500000
v 1.250001 0.505882 -7.500000
v 1.562501 0.505882 -7.500001
v 1.875001 0.505882 -7.500001
v 2.187501 0.505882 -7.500000
v 2.500001 0.505882 -7.500000
v 2.812500 0.505882 -7.500000
v 3.125001 0.505882 -7.500000
v 3.437501 0.505882 -7.500000
v 3.750001 0.502941 -7.500000
v 4.062501 0.554412 -7.500000
v 4.375000 0.576471 -7.500000
v 4.687501 0.588235 -7.500000
v 5.000001 0.592647 -7.500000
v 5.312500 0.591177 -7.500000
v 5.625001 0.588235 -7.500000
v 5.937500 0.595588 -7.500000
v 6.250000 0.597059 -7.500000
v 6.562500 0.588235 -7.500000
v 6.875001 0.583824 -7.500000
v 7.187500 0.561765 -7.500000
v 7.500000 0.564706 -7.500000
v 7.812501 0.577941 -7.500000
v 8.125002 0.611765 -7.500000
v 8.437501 0.669118 -7.499999
v 8.750002 0.582353 -7.500000
v 9.062502 0.517647 -7.500000
v 9.375002 0.505882 -7.500000
v 9.687502 0.501471 -7.500000
v -9.687500 0.608824 -7.812501
v -9.375000 0.611765 -7.812502
v -9.062499 0.617647 -7.812501
v -8.749999 0.655882 -7.812501
v -8.437500 0.682353 -7.812501
v -8.124999 0.604412 -7.812500
v -7.812500 0.594118 -7.812501
v -7.500000 0.550000 -7.812501
v -7.187500 0.558824 -7.812500
v -6.875000 0.536765 -7.812501
v -6.562500 0.598529 -7.812501
v -6.250000 0.611765 -7.812501
v -5.937500 0.620588 -7.812501
v -5.625000 0.617647 -7.812501
v -5.312500 0.602941 -7.812501
v -4.999999 0.611765 -7.812500
v -4.687499 0.620588 -7.812500
v -4.374999 0.558824 -7.812500
v -4.062499 0.610294 -7.812500
v -3.749999 0.607353 -7.812500
v -3.437499 0.605882 -7.812500
v -3.125000 0.591177 -7.812501
v -2.812500 0.591177 -7.812501
v -2.499999 0.591177 -7.812500
v -2.187499 0.575000 -7.812500
v -1.874999 0.570588 -7.812500
v -1.562499 0.516176 -7.812500
v -1.250000 0.513235 -7.812501
v -0.937500 0.505882 -7.812501
v -0.624999 0.505882 -7.812500
v -0.312499 0.505882 -7.812500
v 0.000001 0.505882 -7.812500
v 0.312501 0.505882 -7.812500
v 0.625001 0.505882 -7.812500
v 0.937501 0.505882 -7.812500
v 1.250000 0.505882 -7.812500
v 1.562501 0.505882 -7.812500
v 1.875000 0.505882 -7.812500
v 2.187501 0.505882 -7.812500
v 2.500001 0.505882 -7.812500
v 2.812500 0.505882 -7.812500
v 3.125001 0.505882 -7.812500
v 3.437501 0.505882 -7.812500
v 3.750001 0.555882 -7.812500
v 4.062500 0.569118 -7.812500
v 4.375000 0.576471 -7.812500
v 4.687500 0.579412 -7.812500
v 5.000000 0.582353 -7.812500
v 5.312501 0.594118 -7.812501
v 5.625000 0.594118 -7.812500
v 5.937500 0.588235 -7.812500
v 6.250000 0.589706 -7.812500
v 6.562500 0.575000 -7.812499
v 6.875000 0.547059 -7.812500
v 7.187500 0.501471 -7.812500
v 7.500001 0.504412 -7.812500
v 7.812501 0.530882 -7.812500
v 8.125001 0.585294 -7.812500
v 8.437502 0.663235 -7.812500
v 8.750001 0.566177 -7.812499
v 9.062501 0.505882 -7.812499
v 9.375002 0.505882 -7.812500
v 9.687501 0.505882 -7.812499
v -9.687499 0.661765 -8.125001
v -9.375000 0.625000 -8.125002
v -9.062500 0.607353 -8.125002
v -8.749999 0.654412 -8.125001
v -8.437500 0.683824 -8.125002
v -8.125000 0.614706 -8.125002
v -7.812500 0.602941 -8.125001
v -7.500000 0.597059 -8.125002
v -7.187500 0.594118 -8.125002
v -6.875000 0.602941 -8.125001
v -6.562500 0.529412 -8.125002
v -6.250000 0.554412 -8.125001
v -5.937500 0.552942 -8.125002
v -5.625000 0.614706 -8.125002
v -5.312500 0.623529 -8.125000
v -5.000000 0.614706 -8.125001
v -4.687500 0.617647 -8.125001
v -4.374999 0.623529 -8.125001
v -4.062500 0.616177 -8.125001
v -3.750000 0.610294 -8.125001
v -3.437499 0.567647 -8.125000
v -3.124999 0.561765 -8.125001
v -2.812500 0.598529 -8.125001
v -2.499999 0.594118 -8.125000
v -2.187500 0.579412 -8.125001
v -1.875000 0.570588 -8.125001
v -1.562499 0.505882 -8.125001
v -1.249999 0.505882 -8.125001
v -0.937499 0.505882 -8.125000
v -0.624999 0.505882 -8.125001
v -0.312500 0.505882 -8.125000
v 0.000000 0.505882 -8.125001
v 0.312501 0.505882 -8.125001
v 0.625001 0.505882 -8.125001
v 0.937501 0.505882 -8.125000
v 1.250001 0.505882 -8.125001
v 1.562501 0.505882 -8.125001
v 1.875001 0.505882 -8.125001
v 2.187501 0.505882 -8.125001
v 2.500001 0.505882 -8.125000
v 2.812501 0.505882 -8.125001
v 3.125001 0.505882 -8.125001
v 3.437501 0.505882 -8.125001
v 3.750001 0.504412 -8.125001
v 4.062500 0.561765 -8.125000
v 4.375001 0.572059 -8.125001
v 4.687501 0.576471 -8.125001
v 5.000000 0.573529 -8.125000
v 5.312500 0.577941 -8.125001
v 5.625000 0.583824 -8.125000
v 5.937500 0.583824 -8.124999
v 6.250000 0.591177 -8.124999
v 6.562500 0.566177 -8.125000
v 6.875001 0.505882 -8.125000
v 7.187501 0.505882 -8.125000
v 7.500001 0.505882 -8.125000
v 7.812500 0.505882 -8.124999
v 8.125002 0.560294 -8.125000
v 8.437501 0.573529 -8.124999
v 8.750002 0.502941 -8.125000
v 9.062502 0.505882 -8.125000
v 9.375002 0.505882 -8.125000
v 9.687502 0.505882 -8.125000
v -9.687500 0.636765 -8.437502
v -9.375000 0.655882 -8.437502
v -9.062500 0.610294 -8.437502
v -8.750000 0.597059 -8.437502
v -8.437500 0.597059 -8.437502
v -8.125000 0.597059 -8.437502
v -7.812499 0.591177 -8.437502
v -7.500000 0.582353 -8.437502
v -7.187500 0.594118 -8.437502
v -6.874999 0.608824 -8.437501
v -6.562499 0.619118 -8.437502
v -6.250000 0.626471 -8.437502
v -5.937499 0.632353 -8.437501
v -5.625000 0.629412 -8.437502
v -5.312499 0.629412 -8.437501
v -4.999999 0.622059 -8.437501
v -4.687499 0.595588 -8.437501
v -4.375000 0.602941 -8.437501
v -4.062500 0.519118 -8.437501
v -3.750000 0.611765 -8.437501
v -3.437499 0.595588 -8.437500
v -3.124999 0.552941 -8.437500
v -2.812499 0.595588 -8.437501
v -2.500000 0.585294 -8.437501
v -2.187500 0.576471 -8.437501
v -1.874999 0.570588 -8.437500
v -1.562499 0.505882 -8.437501
v -1.249999 0.505882 -8.437501
v -0.937499 0.505882 -8.437501
v -0.625000 0.505882 -8.437501
v -0.312500 0.505882 -8.437501
v 0.000000 0.505882 -8.437501
v 0.312501 0.505882 -8.437500
v 0.625001 0.505882 -8.437501
v 0.937501 0.505882 -8.437501
v 1.250001 0.505882 -8.437501
v 1.562500 0.505882 -8.437500
v 1.875000 0.505882 -8.437501
v 2.187501 0.505882 -8.437501
v 2.500001 0.505882 -8.437501
v 2.812501 0.505882 -8.437501
v 3.125001 0.505882 -8.437501
v 3.437500 0.505882 -8.437500
v 3.750001 0.505882 -8.437501
v 4.062501 0.558824 -8.437500
v 4.375001 0.575000 -8.437501
v 4.687501 0.573530 -8.437501
v 5.000001 0.585294 -8.437501
v 5.312501 0.591177 -8.437500
v 5.625001 0.591177 -8.437500
v 5.937501 0.586765 -8.437499
v 6.250001 0.585294 -8.437499
v 6.562500 0.566177 -8.437500
v 6.875001 0.505882 -8.437500
v 7.187502 0.530883 -8.437500
v 7.500001 0.505882 -8.437500
v 7.812501 0.505882 -8.437500
v 8.125001 0.519118 -8.437499
v 8.437502 0.520588 -8.437500
v 8.750001 0.505882 -8.437500
v 9.062501 0.505882 -8.437499
v 9.375002 0.505882 -8.437500
v 9.687502 0.505882 -8.437500
v -9.687499 0.600000 -8.750001
v -9.374999 0.589706 -8.750001
v -9.062500 0.583824 -8.750002
v -8.749999 0.551471 -8.750001
v -8.437499 0.555882 -8.750001
v -8.125000 0.566176 -8.750002
v -7.812499 0.586765 -8.750001
v -7.499999 0.588235 -8.750001
v -7.187499 0.602941 -8.750001
v -6.874999 0.604412 -8.750001
v -6.562499 0.616177 -8.750002
v -6.249999 0.629412 -8.750001
v -5.937499 0.629412 -8.750001
v -5.624999 0.629412 -8.750002
v -5.312499 0.617647 -8.750000
v -4.999999 0.613235 -8.750000
v -4.687499 0.591177 -8.750000
v -4.375000 0.611765 -8.750001
v -4.062499 0.605882 -8.750000
v -3.749999 0.532353 -8.750000
v -3.437500 0.605882 -8.750001
v -3.124999 0.585294 -8.750001
v -2.812499 0.588235 -8.750000
v -2.499999 0.582353 -8.750000
v -2.187499 0.575000 -8.750001
v -1.874999 0.570588 -8.750000
v -1.562500 0.547059 -8.750001
v -1.249999 0.505882 -8.750000
v -0.937499 0.505882 -8.750000
v -0.624999 0.505882 -8.750000
v -0.312500 0.505882 -8.750001
v 0.000001 0.505882 -8.750001
v 0.312501 0.505882 -8.750000
v 0.625000 0.505882 -8.750000
v 0.937501 0.505882 -8.750001
v 1.250001 0.505882 -8.750000
v 1.562501 0.505882 -8.750001
v 1.875000 0.505882 -8.750000
v 2.187500 0.505882 -8.750000
v 2.500001 0.505882 -8.750000
v 2.812500 0.505882 -8.750000
v 3.125000 0.505882 -8.750001
v 3.437501 0.505882 -8.750001
v 3.750000 0.525000 -8.750000
v 4.062500 0.563235 -8.750000
v 4.375001 0.573529 -8.750001
v 4.687501 0.586765 -8.750001
v 5.000000 0.601471 -8.750000
v 5.312501 0.608824 -8.750001
v 5.625001 0.607353 -8.750000
v 5.937501 0.614706 -8.750000
v 6.250001 0.594118 -8.749999
v 6.562502 0.544117 -8.750000
v 6.875001 0.505882 -8.750000
v 7.187501 0.502941 -8.750000
v 7.500001 0.505882 -8.749999
v 7.812501 0.505882 -8.749999
v 8.125002 0.505882 -8.750000
v 8.437502 0.505882 -8.750000
v 8.750001 0.505882 -8.749999
v 9.062502 0.505882 -8.750000
v 9.375002 0.505882 -8.750000
v 9.687502 0.505882 -8.750000
v -9.687500 0.586765 -9.062502
v -9.375000 0.579412 -9.062502
v -9.062500 0.576471 -9.062502
v -8.750000 0.564706 -9.062502
v -8.437500 0.502941 -9.062502
v -8.125000 0.505882 -9.062502
v -7.812499 0.526470 -9.062502
v -7.500000 0.561765 -9.062502
v -7.187499 0.605882 -9.062501
v -6.874999 0.611765 -9.062502
v -6.562500 0.608824 -9.062502
v -6.250000 0.626471 -9.062502
v -5.937499 0.614706 -9.062501
v -5.625000 0.614706 -9.062502
v -5.312499 0.614706 -9.062501
v -4.999999 0.611765 -9.062501
v -4.687500 0.608824 -9.062501
v -4.374999 0.602941 -9.062500
v -4.062500 0.607353 -9.062501
v -3.750000 0.605882 -9.062501
v -3.437499 0.605882 -9.062500
v -3.124999 0.597059 -9.062501
v -2.812499 0.586765 -9.062501
v -2.499999 0.577941 -9.062500
v -2.187499 0.573529 -9.062501
v -1.874999 0.570588 -9.062501
v -1.562499 0.570588 -9.062501
v -1.249999 0.508824 -9.062501
v -0.937500 0.505882 -9.062501
v -0.624999 0.505882 -9.062500
v -0.312499 0.505882 -9.062500
v 0.000001 0.505882 -9.062501
v 0.312501 0.505882 -9.062501
v 0.625000 0.505882 -9.062500
v 0.937501 0.505882 -9.062501
v 1.250000 0.505882 -9.062501
v 1.562501 0.505882 -9.062500
v 1.875001 0.505882 -9.062501
v 2.187501 0.505882 -9.062501
v 2.500000 0.505882 -9.062501
v 2.812500 0.505882 -9.062500
v 3.125001 0.508824 -9.062501
v 3.437500 0.504412 -9.062500
v 3.750001 0.504412 -9.062501
v 4.062501 0.561765 -9.062501
v 4.375001 0.579412 -9.062501
v 4.687501 0.605882 -9.062500
v 5.000000 0.605882 -9.062500
v 5.312501 0.629412 -9.062500
v 5.625002 0.627941 -9.062500
v 5.937501 0.550000 -9.062500
v 6.250001 0.505882 -9.062499
v 6.562501 0.505882 -9.062499
v 6.875001 0.505882 -9.062500
v 7.187501 0.505882 -9.062499
v 7.500001 0.505882 -9.062499
v 7.812501 0.502941 -9.062500
v 8.125001 0.552941 -9.062499
v 8.437502 0.505882 -9.062500
v 8.750002 0.505882 -9.062500
v 9.062502 0.505882 -9.062500
v 9.375002 0.505882 -9.062500
v 9.687502 0.505882 -9.062500
v -9.687500 0.620588 -9.375002
v -9.375000 0.583824 -9.375002
v -9.062500 0.594118 -9.375002
v -8.749999 0.582353 -9.375001
v -8.437500 0.542647 -9.375002
v -8.125000 0.535294 -9.375002
v -7.812500 0.582353 -9.375002
v -7.500000 0.560295 -9.375002
v -7.187500 0.551471 -9.375002
v -6.874999 0.580882 -9.375001
v -6.562500 0.604412 -9.375002
v -6.249999 0.607353 -9.375002
v -5.937499 0.610294 -9.375002
v -5.624999 0.608824 -9.375001
v -5.312499 0.602941 -9.375001
v -4.999999 0.602941 -9.375001
v -4.687500 0.602941 -9.375002
v -4.375000 0.597059 -9.375001
v -4.062499 0.600000 -9.375000
v -3.750000 0.575000 -9.375001
v -3.437500 0.594118 -9.375001
v -3.124999 0.588235 -9.375000
v -2.812499 0.542647 -9.375000
v -2.500000 0.561765 -9.375001
v -2.187500 0.576471 -9.375001
v -1.875000 0.567647 -9.375002
v -1.562500 0.569118 -9.375001
v -1.249999 0.569118 -9.375000
v -0.937499 0.517647 -9.375001
v -0.624999 0.505882 -9.375001
v -0.312499 0.505882 -9.375001
v 0.000001 0.505882 -9.375001
v 0.312501 0.505882 -9.375001
v 0.625001 0.505882 -9.375001
v 0.937501 0.505882 -9.375000
v 1.250001 0.505882 -9.375001
v 1.562501 0.505882 -9.375001
v 1.875001 0.511765 -9.375001
v 2.187501 0.547059 -9.375001
v 2.500001 0.501471 -9.375001
v 2.812500 0.505882 -9.375000
v 3.125001 0.541176 -9.375001
v 3.437501 0.541176 -9.375001
v 3.750001 0.517647 -9.375001
v 4.062501 0.592647 -9.375001
v 4.375001 0.594117 -9.375001
v 4.687501 0.554412 -9.375000
v 5.000002 0.550000 -9.375001
v 5.312501 0.583823 -9.375001
v 5.625001 0.519118 -9.374999
v 5.937501 0.505882 -9.375000
v 6.250001 0.501471 -9.375000
v 6.562501 0.505882 -9.374999
v 6.875001 0.513236 -9.375000
v 7.187501 0.550000 -9.375000
v 7.500001 0.566177 -9.375000
v 7.812501 0.547059 -9.375000
v 8.125002 0.500000 -9.375000
v 8.437502 0.505882 -9.375000
v 8.750002 0.505882 -9.375000
v 9.062502 0.505882 -9.375000
v 9.375002 0.505882 -9.375000
v 9.687502 0.505882 -9.375000
v -9.687500 0.598530 -9.687502
v -9.374999 0.600000 -9.687501
v -9.062500 0.588235 -9.687502
v -8.749999 0.550000 -9.687501
v -8.437500 0.589706 -9.687502
v -8.124999 0.600000 -9.687501
v -7.812500 0.602941 -9.687502
v -7.499999 0.617647 -9.687501
v -7.187500 0.608825 -9.687502
v -6.874999 0.555882 -9.687501
v -6.562499 0.567648 -9.687502
v -6.249999 0.610294 -9.687501
v -5.937499 0.611765 -9.687502
v -5.624999 0.611765 -9.687501
v -5.312499 0.602941 -9.687500
v -4.999999 0.591177 -9.687500
v -4.687500 0.602941 -9.687501
v -4.374999 0.600000 -9.687500
v -4.062499 0.548530 -9.687500
v -3.749999 0.508823 -9.687501
v -3.437499 0.598529 -9.687501
v -3.124999 0.598529 -9.687501
v -2.812499 0.573530 -9.687500
v -2.499999 0.566177 -9.687501
v -2.187499 0.576471 -9.687501
v -1.874999 0.576471 -9.687500
v -1.562499 0.576471 -9.687501
v -1.249999 0.570588 -9.687501
v -0.937499 0.558824 -9.687501
v -0.624999 0.555882 -9.687500
v -0.312499 0.505882 -9.687500
v 0.000001 0.505882 -9.687500
v 0.312501 0.505882 -9.687500
v 0.625001 0.505882 -9.687500
v 0.937501 0.505882 -9.687500
v 1.250001 0.504412 -9.687501
v 1.562501 0.502941 -9.687500
v 1.875001 0.504412 -9.687501
v 2.187501 0.547059 -9.687500
v 2.500000 0.558824 -9.687501
v 2.812501 0.505882 -9.687500
v 3.125000 0.505882 -9.687501
v 3.437502 0.505882 -9.687501
v 3.750001 0.502941 -9.687501
v 4.062500 0.501471 -9.687500
v 4.375001 0.504412 -9.687500
v 4.687500 0.505882 -9.687500
v 5.000000 0.508824 -9.687500
v 5.312501 0.504412 -9.687500
v 5.625001 0.505882 -9.687499
v 5.937501 0.502941 -9.687500
v 6.250001 0.551471 -9.687499
v 6.562501 0.560294 -9.687499
v 6.875001 0.564706 -9.687499
v 7.187501 0.564706 -9.687500
v 7.500001 0.533824 -9.687499
v 7.812501 0.520588 -9.687499
v 8.125002 0.555882 -9.687500
v 8.437501 0.504412 -9.687499
v 8.750002 0.505882 -9.687500
v 9.062501 0.505882 -9.687499
v 9.375002 0.505882 -9.687500
v 9.687501 0.505882 -9.687499
vn 0.1426 0.9327 -0.3314
vn 0.3003 0.9526 -0.0493
vn -0.1022 0.9049 -0.4131
vn 0.0459 0.9744 -0.2201
vn -0.1500 0.9510 -0.2704
vn -0.1715 0.9851 -0.0091
vn -0.1431 0.9892 0.0311
vn -0.1621 0.9851 -0.0577
vn -0.2064 0.9759 -0.0713
vn -0.2191 0.9752 0.0312
vn -0.2027 0.9791 0.0180
vn -0.2372 0.9675 -0.0875
vn -0.2888 0.9555 -0.0600
vn -0.2628 0.9640 0.0414
vn -0.2114 0.9770 0.0293
vn -0.1993 0.9739 -0.1086
vn -0.2283 0.9552 -0.1881
vn -0.3382 0.9314 -0.1348
vn -0.4089 0.9120 -0.0335
vn -0.3598 0.9314 0.0546
vn -0.3167 0.9412 0.1174
vn -0.3332 0.9402 0.0712
vn -0.3880 0.9216 0.0066
vn -0.4395 0.8978 0.0298
vn -0.4085 0.9057 0.1133
vn -0.3053 0.9444 0.1221
vn -0.2023 0.9747 0.0952
vn -0.1749 0.9840 0.0334
vn -0.2692 0.9370 -0.2226
vn -0.4180 0.8709 -0.2586
vn -0.4932 0.8698 0.0147
vn -0.5478 0.8359 0.0343
vn -0.6418 0.7666 -0.0209
vn -0.6853 0.7272 0.0395
vn -0.6766 0.7325 0.0753
vn -0.6685 0.7437 -0.0034
vn -0.6852 0.7161 -0.1326
vn -0.7845 0.6189 -0.0386
vn -0.8129 0.5395 0.2193
vn -0.7317 0.6599 0.1705
vn -0.5884 0.8049 0.0763
vn -0.4797 0.8637 0.1545
vn -0.3679 0.9207 0.1300
vn -0.3482 0.9325 0.0957
vn -0.3765 0.9147 0.1471
vn -0.2868 0.9532 0.0959
vn -0.1762 0.9839 0.0305
vn -0.1511 0.9876 0.0418
vn -0.1614 0.9867 0.0197
vn -0.1737 0.9844 0.0279
vn -0.1783 0.9839 0.0161
vn -0.1805 0.9836 -0.0000
vn -0.1894 0.9819 0.0069
vn -0.1906 0.9817 0.0035
vn -0.1816 0.9833 -0.0104
vn -0.1794 0.9837 -0.0081
vn -0.1625 0.9867 -0.0070
vn -0.1443 0.9895 -0.0117
vn -0.1726 0.9849 0.0104
vn -0.1839 0.9827 -0.0242
vn -0.1213 0.9914 -0.0490
vn -0.0411 0.9987 -0.0294
vn 0.0935 0.9922 -0.0822
vn 0.2596 0.9641 -0.0554
vn 0.2944 0.9541 0.0559
vn 0.2589 0.9651 0.0387
vn 0.1984 0.9645 -0.1741
vn 0.0730 0.9211 -0.3824
vn -0.0193 0.9063 -0.4222
vn -0.0203 0.9123 -0.4089
vn -0.0107 0.9088 -0.4170
vn -0.0063 0.9023 -0.4310
vn -0.0011 0.9044 -0.4267
vn -0.0107 0.9097 -0.4152
vn -0.0141 0.9196 -0.3926
vn -0.0432 0.9152 -0.4007
vn -0.0281 0.8940 -0.4472
vn 0.0031 0.8885 -0.4589
vn 0.0305 0.9023 -0.4301
vn 0.0217 0.9221 -0.3862
vn -0.0198 0.9342 -0.3561
vn -0.0325 0.9378 -0.3457
vn -0.0358 0.9455 -0.3235
vn 0.0090 0.9554 -0.2952
vn 0.0341 0.9539 -0.2980
vn 0.0238 0.9466 -0.3214
vn 0.0167 0.9432 -0.3318
vn 0.0242 0.9385 -0.3444
vn 0.0198 0.9276 -0.3731
vn 0.0129 0.9153 -0.4026
vn 0.0107 0.9064 -0.4222
vn -0.0032 0.9052 -0.4249
vn -0.0161 0.9108 -0.4125
vn -0.0129 0.9144 -0.4045
vn -0.0076 0.9157 -0.4018
vn -0.0130 0.9200 -0.3918
vn 0.0175 0.9313 -0.3638
vn 0.0167 0.9453 -0.3259
vn -0.0248 0.9541 -0.2985
vn -0.0324 0.9627 -0.2686
vn -0.0532 0.9791 -0.1961
vn -0.2192 0.9737 -0.0618
vn -0.2880 0.9533 0.0910
vn -0.1266 0.9871 0.0984
vn 0.1532 0.9829 -0.1024
vn 0.2788 0.9295 -0.2413
vn 0.1617 0.9535 -0.2543
vn 0.0443 0.9541 -0.2962
vn -0.0091 0.9248 -0.3803
vn -0.0202 0.9009 -0.4336
vn 0.0069 0.9133 -0.4072
vn -0.0062 0.9400 -0.3412
vn -0.1982 0.9416 -0.2720
vn -0.2160 0.9683 -0.1255
vn -0.2195 0.9574 0.1879
vn -0.1022 0.8773 0.4689
vn 0.1839 0.9013 0.3922
vn 0.0467 0.9811 0.1877
vn -0.1859 0.9802 0.0679
vn -0.0166 0.9998 0.0105
vn 0.1894 0.9818 -0.0140
vn 0.0664 0.9928 -0.0994
vn -0.0161 0.9822 -0.1872
vn 0.0578 0.9716 -0.2295
vn 0.0011 0.9732 -0.2301
vn -0.0391 0.9905 -0.1321
vn 0.0270 0.9993 -0.0247
vn 0.0129 0.9997 0.0223
vn 0.0746 0.9951 0.0655
vn 0.2309 0.9728 0.0209
vn 0.3404 0.9372 -0.0755
vn 0.2782 0.9584 -0.0633
vn 0.1464 0.9874 0.0602
vn 0.2237 0.9745 -0.0168
vn 0.3332 0.9297 -0.1568
vn 0.2094 0.9558 -0.2064
vn -0.0178 0.9829 -0.1834
vn -0.1633 0.9816 -0.0993
vn -0.2311 0.9725 0.0278
vn -0.1839 0.9818 0.0469
vn -0.1419 0.9890 -0.0420
vn -0.1715 0.9850 -0.0209
vn -0.1850 0.9826 -0.0139
vn -0.1658 0.9860 0.0175
vn -0.1328 0.9907 0.0279
vn -0.1408 0.9898 -0.0197
vn -0.1794 0.9838 -0.0012
vn -0.1881 0.9813 0.0404
vn -0.1680 0.9850 0.0406
vn -0.1487 0.9876 0.0511
vn -0.1317 0.9912 0.0127
vn -0.1076 0.9940 0.0211
vn -0.1527 0.9846 0.0857
vn -0.2876 0.9555 0.0659
vn -0.3750 0.9262 0.0393
vn -0.4360 0.8992 0.0381
vn -0.4884 0.8724 -0.0200
vn -0.4963 0.8679 -0.0207
vn -0.5925 0.7936 0.1387
vn -0.7110 0.6998 0.0695
vn -0.7168 0.6959 -0.0432
vn -0.6916 0.7222 -0.0017
vn -0.6959 0.7167 0.0452
vn -0.6912 0.7200 0.0616
vn -0.6127 0.7732 0.1636
vn -0.4866 0.8549 0.1797
vn -0.4210 0.9064 0.0342
vn -0.3178 0.9439 -0.0897
vn -0.1071 0.9935 -0.0393
vn -0.0153 0.9995 0.0294
vn -0.0970 0.9952 -0.0106
vn -0.2081 0.9781 0.0057
vn -0.2852 0.9578 0.0350
vn -0.3063 0.9503 0.0559
vn -0.2581 0.9610 0.0991
vn -0.1945 0.9742 0.1142
vn -0.2200 0.9728 0.0731
vn -0.3040 0.9520 -0.0345
vn -0.3413 0.9389 -0.0436
vn -0.3129 0.9497 -0.0156
vn -0.2318 0.9673 -0.1031
vn -0.1848 0.9759 -0.1161
vn -0.2384 0.9707 -0.0312
vn -0.2780 0.9606 0.0045
vn -0.2548 0.9666 -0.0273
vn -0.2137 0.9766 -0.0230
vn -0.1950 0.9807 0.0104
vn -0.2072 0.9783 0.0092
vn -0.1939 0.9808 -0.0231
vn -0.1534 0.9880 -0.0186
vn -0.1500 0.9886 0.0151
vn -0.1467 0.9890 -0.0184
vn -0.0420 0.9880 -0.1488
vn 0.0686 0.9892 -0.1294
vn 0.0515 0.9985 0.0167
vn 0.0141 0.9965 0.0821
vn 0.0280 0.9916 0.1260
vn 0.0583 0.9891 0.1349
vn 0.0256 0.9931 0.1145
vn -0.0000 0.9889 0.1489
vn 0.0163 0.9913 0.1305
vn 0.0235 0.9984 0.0517
vn 0.0835 0.9898 0.1158
vn -0.0218 0.9790 0.2027
vn -0.1623 0.9785 0.1276
vn -0.0478 0.9956 0.0809
vn 0.0128 0.9932 0.1157
vn -0.0093 0.9936 0.1122
vn -0.0000 0.9954 0.0960
vn -0.0618 0.9973 0.0391
vn -0.0846 0.9919 -0.0947
vn 0.0103 0.9873 -0.1584
vn 0.0334 0.9922 -0.1198
vn -0.0175 0.9931 -0.1157
vn -0.0305 0.9854 -0.1674
vn 0.0390 0.9708 -0.2366
vn 0.1153 0.9668 -0.2279
vn 0.0996 0.9950 0.0050
vn -0.0210 0.9720 0.2341
vn -0.0966 0.9777 0.1863
vn -0.1106 0.9936 -0.0234
vn -0.0686 0.9750 -0.2111
vn 0.0011 0.9609 -0.2770
vn -0.0056 0.9597 -0.2811
vn -0.0068 0.9562 -0.2925
vn 0.0545 0.9472 -0.3161
vn 0.0613 0.9346 -0.3505
vn 0.0087 0.9254 -0.3788
vn 0.0108 0.9153 -0.4027
vn -0.0021 0.9056 -0.4240
vn -0.0032 0.9003 -0.4353
vn -0.0064 0.9023 -0.4310
vn -0.0011 0.9069 -0.4214
vn 0.0221 0.8985 -0.4384
vn 0.0177 0.8816 -0.4717
vn -0.0608 0.9013 -0.4289
vn -0.0284 0.9432 -0.3311
vn 0.0747 0.9359 -0.3442
vn 0.0488 0.9045 -0.4237
vn 0.0035 0.8999 -0.4362
vn -0.0078 0.9031 -0.4293
vn 0.0017 0.8891 -0.4577
vn -0.0000 0.8725 -0.4886
vn 0.0225 0.8774 -0.4791
vn -0.0048 0.9115 -0.4113
vn -0.0330 0.9481 -0.3161
vn 0.0022 0.9453 -0.3263
vn 0.0084 0.8951 -0.4457
vn -0.0010 0.8650 -0.5017
vn -0.0144 0.8724 -0.4885
vn -0.0062 0.8821 -0.4711
vn -0.0408 0.8993 -0.4354
vn -0.0137 0.9076 -0.4197
vn 0.0285 0.8858 -0.4632
vn 0.0030 0.8633 -0.5047
vn -0.0489 0.8841 -0.4647
vn 0.0951 0.9781 -0.1852
vn -0.0225 0.9791 -0.2023
vn -0.0189 0.9783 -0.2064
vn -0.0054 0.9769 -0.2135
vn -0.0021 0.9751 -0.2217
vn -0.0011 0.9738 -0.2275
vn -0.0139 0.9741 -0.2257
vn -0.0209 0.9752 -0.2205
vn -0.0307 0.9731 -0.2284
vn -0.0208 0.9690 -0.2462
vn -0.0038 0.9687 -0.2482
vn 0.0136 0.9740 -0.2263
vn 0.0042 0.9811 -0.1933
vn -0.0202 0.9836 -0.1794
vn -0.0369 0.9834 -0.1774
vn -0.0412 0.9841 -0.1726
vn 0.0044 0.9860 -0.1665
vn 0.0330 0.9868 -0.1585
vn 0.0291 0.9868 -0.1592
vn 0.0204 0.9859 -0.1659
vn 0.0273 0.9850 -0.1702
vn 0.0322 0.9832 -0.1798
vn 0.0282 0.9788 -0.2026
vn 0.0127 0.9766 -0.2145
vn -0.0053 0.9768 -0.2140
vn -0.0166 0.9766 -0.2142
vn -0.0156 0.9765 -0.2148
vn -0.0135 0.9782 -0.2070
vn -0.0186 0.9798 -0.1990
vn 0.0030 0.9834 -0.1817
vn 0.0107 0.9866 -0.1627
vn 0.0162 0.9800 -0.1984
vn -0.0683 0.9762 -0.2058
vn -0.1647 0.9844 -0.0623
vn -0.2385 0.9685 0.0712
vn -0.2574 0.9643 0.0620
vn -0.0839 0.9964 -0.0112
vn 0.1755 0.9823 -0.0658
vn 0.2757 0.9588 -0.0684
vn 0.1600 0.9853 -0.0597
vn 0.0736 0.9938 -0.0829
vn 0.0246 0.9902 -0.1376
vn -0.0000 0.9826 -0.1857
vn 0.0124 0.9767 -0.2142
vn -0.0174 0.9766 -0.2144
vn -0.1658 0.9596 -0.2274
vn -0.2111 0.9451 -0.2496
vn -0.2506 0.9447 -0.2115
vn -0.1429 0.9863 -0.0824
vn 0.1469 0.9889 -0.0225
vn 0.0772 0.9970 -0.0088
vn -0.1315 0.9870 -0.0925
vn -0.0021 0.9871 -0.1601
vn 0.1906 0.9654 -0.1779
vn 0.0762 0.9761 -0.2034
vn -0.0282 0.9788 -0.2029
vn 0.0840 0.9724 -0.2176
vn -0.0121 0.9724 -0.2328
vn -0.0886 0.9820 -0.1667
vn 0.0252 0.9933 -0.1127
vn -0.0046 0.9956 -0.0938
vn 0.0562 0.9967 -0.0582
vn 0.2433 0.9683 -0.0573
vn 0.1193 0.9922 0.0353
vn -0.0188 0.9995 0.0259
vn -0.0082 0.9999 0.0118
vn 0.0006 1.0000 0.0029
vn 0.0018 1.0000 0.0029
vn -0.0012 1.0000 0.0035
vn -0.0112 0.9999 -0.0018
vn -0.0265 0.9996 -0.0076
vn -0.0253 0.9997 -0.0006
vn -0.0041 1.0000 -0.0006
vn -0.0041 0.9999 -0.0147
vn -0.0123 0.9998 -0.0135
vn -0.0141 0.9999 -0.0047
vn -0.0212 0.9998 -0.0024
vn -0.0435 0.9991 0.0020
vn -0.0384 0.9993 -0.0020
vn 0.0010 0.9999 -0.0104
vn 0.0284 0.9996 -0.0088
vn 0.0343 0.9994 -0.0065
vn 0.0188 0.9998 -0.0024
vn 0.0200 0.9997 0.0118
vn 0.0388 0.9989 0.0259
vn 0.0493 0.9985 0.0235
vn 0.0194 0.9997 0.0112
vn -0.0053 1.0000 0.0041
vn -0.0100 0.9999 -0.0041
vn -0.0159 0.9998 -0.0124
vn -0.0188 0.9997 -0.0141
vn 0.0073 0.9990 -0.0448
vn -0.0100 0.9970 -0.0772
vn -0.0799 0.9968 0.0055
vn -0.0165 0.9883 0.1518
vn -0.1064 0.9738 0.2008
vn -0.2645 0.9302 0.2546
vn -0.2250 0.9474 0.2278
vn -0.1423 0.9831 0.1153
vn -0.0093 0.9999 -0.0080
vn 0.1485 0.9889 -0.0006
vn 0.2294 0.9695 0.0865
vn 0.1517 0.9788 0.1377
vn 0.1186 0.9851 0.1245
vn 0.0810 0.9934 0.0818
vn 0.0414 0.9985 0.0360
vn 0.0409 0.9991 -0.0093
vn -0.0070 0.9985 -0.0544
vn -0.0857 0.9871 -0.1350
vn -0.1287 0.9548 -0.2678
vn -0.1560 0.8989 -0.4095
vn -0.1928 0.8511 -0.4883
vn -0.0428 0.9092 -0.4141
vn 0.0371 0.9721 -0.2318
vn -0.0754 0.9840 -0.1613
vn 0.0500 0.9786 -0.1997
vn 0.2376 0.9326 -0.2715
vn 0.0903 0.9406 -0.3273
vn -0.0115 0.9357 -0.3527
vn 0.0985 0.9291 -0.3565
vn -0.0551 0.9367 -0.3458
vn -0.1742 0.9483 -0.2654
vn 0.0099 0.9745 -0.2243
vn -0.0484 0.9814 -0.1859
vn 0.0185 0.9899 -0.1402
vn 0.2417 0.9661 -0.0904
vn 0.1405 0.9893 0.0393
vn -0.0047 0.9999 0.0129
vn 0.0047 1.0000 -0.0000
vn -0.0024 1.0000 -0.0012
vn -0.0071 0.9999 0.0106
vn -0.0018 0.9998 0.0194
vn -0.0018 0.9999 0.0159
vn -0.0311 0.9994 0.0170
vn -0.0276 0.9995 0.0170
vn 0.0094 0.9999 0.0059
vn 0.0012 1.0000 0.0012
vn -0.0135 0.9999 -0.0041
vn -0.0135 0.9998 -0.0124
vn -0.0276 0.9996 -0.0088
vn -0.0495 0.9988 -0.0006
vn -0.0311 0.9995 0.0022
vn 0.0047 1.0000 -0.0004
vn 0.0335 0.9994 -0.0108
vn 0.0337 0.9993 -0.0176
vn 0.0059 0.9999 -0.0082
vn 0.0071 1.0000 0.0035
vn 0.0247 0.9996 0.0164
vn 0.0487 0.9983 0.0335
vn 0.0375 0.9989 0.0282
vn 0.0006 0.9999 0.0112
vn -0.0012 1.0000 0.0047
vn 0.0279 0.9988 -0.0395
vn -0.0444 0.9975 -0.0555
vn -0.0722 0.9947 0.0726
vn -0.0564 0.9785 0.1985
vn -0.1788 0.9410 0.2872
vn -0.1470 0.9054 0.3982
vn -0.0901 0.9083 0.4086
vn -0.1948 0.9254 0.3251
vn -0.1711 0.9514 0.2560
vn 0.0119 0.9844 0.1757
vn 0.0705 0.9952 0.0684
vn 0.1156 0.9932 0.0147
vn 0.1510 0.9876 0.0422
vn 0.1287 0.9867 0.0992
vn 0.1407 0.9832 0.1159
vn 0.1292 0.9876 0.0893
vn 0.0702 0.9958 0.0581
vn 0.0742 0.9964 0.0403
vn 0.0572 0.9983 -0.0132
vn -0.0164 0.9976 -0.0668
vn -0.0251 0.9945 -0.1017
vn -0.0490 0.9867 -0.1551
vn -0.1262 0.9613 -0.2448
vn -0.1515 0.9229 -0.3539
vn -0.0407 0.9249 -0.3779
vn -0.0634 0.9298 -0.3627
vn 0.0805 0.9378 -0.3377
vn 0.2349 0.9039 -0.3576
vn 0.0923 0.9395 -0.3300
vn 0.0373 0.9411 -0.3360
vn 0.0259 0.9597 -0.2799
vn -0.1190 0.9724 -0.2009
vn -0.2519 0.9559 -0.1512
vn -0.0286 0.9934 -0.1113
vn -0.0716 0.9943 -0.0786
vn -0.0452 0.9985 -0.0296
vn 0.1959 0.9798 0.0391
vn 0.1275 0.9915 -0.0254
vn 0.0053 1.0000 0.0041
vn -0.0165 0.9997 0.0188
vn -0.0141 0.9995 0.0282
vn 0.0035 0.9998 0.0212
vn -0.0372 0.9990 0.0243
vn -0.0117 0.9998 0.0145
vn 0.0190 0.9998 0.0002
vn 0.0006 1.0000 -0.0041
vn -0.0047 1.0000 -0.0071
vn -0.0194 0.9998 -0.0018
vn -0.0329 0.9994 0.0059
vn -0.0495 0.9988 0.0029
vn -0.0262 0.9996 -0.0047
vn 0.0196 0.9996 -0.0219
vn 0.0392 0.9987 -0.0321
vn 0.0247 0.9995 -0.0219
vn -0.0035 0.9999 -0.0129
vn -0.0024 1.0000 -0.0059
vn 0.0100 0.9999 0.0053
vn 0.0282 0.9993 0.0235
vn 0.0440 0.9981 0.0429
vn 0.0369 0.9992 0.0170
vn -0.0058 0.9999 -0.0082
vn -0.0214 0.9963 0.0831
vn -0.1303 0.9688 0.2106
vn -0.2526 0.8822 0.3973
vn -0.1478 0.8408 0.5207
vn -0.1195 0.8617 0.4932
vn -0.1593 0.9050 0.3944
vn -0.0426 0.9357 0.3501
vn -0.0972 0.9501 0.2965
vn -0.0676 0.9813 0.1801
vn 0.1286 0.9902 0.0542
vn 0.1123 0.9937 0.0029
vn 0.1230 0.9924 0.0070
vn 0.1084 0.9940 0.0147
vn 0.0853 0.9954 0.0436
vn 0.1430 0.9873 0.0695
vn 0.1520 0.9858 0.0711
vn 0.0622 0.9942 0.0879
vn 0.0795 0.9912 0.1061
vn 0.1275 0.9889 0.0763
vn 0.0308 0.9995 0.0118
vn 0.0012 0.9997 -0.0259
vn -0.0235 0.9995 -0.0223
vn -0.0524 0.9981 -0.0320
vn -0.0525 0.9940 -0.0956
vn -0.0002 0.9814 -0.1922
vn 0.0028 0.9638 -0.2667
vn 0.0654 0.9584 -0.2778
vn 0.1263 0.9717 -0.1995
vn 0.0721 0.9893 -0.1267
vn 0.0290 0.9961 -0.0829
vn -0.0650 0.9976 -0.0229
vn -0.1552 0.9878 0.0110
vn -0.2620 0.9651 -0.0010
vn -0.0541 0.9984 -0.0134
vn -0.0828 0.9966 -0.0028
vn -0.1112 0.9933 0.0302
vn 0.2093 0.9777 0.0180
vn 0.0488 0.9982 -0.0338
vn 0.0059 0.9998 0.0188
vn -0.0018 0.9996 0.0265
vn -0.0223 0.9994 0.0247
vn -0.0117 0.9998 0.0188
vn 0.0059 0.9998 0.0212
vn -0.0129 0.9994 0.0317
vn -0.0390 0.9985 0.0397
vn 0.0006 0.9992 0.0390
vn 0.0325 0.9991 0.0274
vn 0.0147 0.9999 0.0041
vn 0.0071 0.9998 -0.0188
vn -0.0370 0.9991 -0.0182
vn -0.0587 0.9981 0.0176
vn -0.0378 0.9987 0.0346
vn -0.0002 1.0000 0.0045
vn 0.0370 0.9991 -0.0217
vn 0.0319 0.9993 -0.0217
vn 0.0096 0.9999 -0.0096
vn -0.0029 1.0000 -0.0041
vn 0.0099 0.9997 -0.0240
vn 0.0029 0.9992 -0.0404
vn -0.0636 0.9972 0.0403
vn -0.0478 0.9789 0.1988
vn 0.0604 0.9589 0.2773
vn -0.0119 0.9649 0.2622
vn -0.1637 0.9244 0.3446
vn -0.2760 0.8513 0.4463
vn -0.3540 0.7895 0.5013
vn -0.0814 0.8600 0.5038
vn 0.0905 0.9455 0.3127
vn -0.0558 0.9928 0.1057
vn -0.0136 0.9997 0.0192
vn -0.0241 0.9994 -0.0228
vn 0.0344 0.9959 -0.0840
vn 0.1510 0.9847 -0.0865
vn 0.1014 0.9937 -0.0478
vn 0.1180 0.9924 -0.0355
vn 0.0873 0.9960 -0.0164
vn 0.0428 0.9989 0.0193
vn 0.1324 0.9901 0.0467
vn 0.1485 0.9872 0.0584
vn 0.0503 0.9969 0.0598
vn 0.0550 0.9954 0.0789
vn 0.1349 0.9830 0.1248
vn 0.0987 0.9883 0.1162
vn 0.0253 0.9978 0.0612
vn -0.0153 0.9995 0.0258
vn -0.0697 0.9965 0.0458
vn -0.0075 0.9961 0.0882
vn 0.0826 0.9942 0.0689
vn 0.0376 0.9981 0.0492
vn 0.0269 0.9970 0.0726
vn 0.0638 0.9948 0.0790
vn 0.0673 0.9961 0.0568
vn 0.0088 0.9994 0.0346
vn -0.0825 0.9965 0.0112
vn -0.1443 0.9894 -0.0163
vn -0.2360 0.9708 -0.0431
vn -0.0728 0.9963 -0.0449
vn -0.1348 0.9908 0.0152
vn -0.0853 0.9962 0.0162
vn 0.3015 0.9489 -0.0930
vn -0.0247 0.9997 -0.0035
vn -0.0041 0.9996 0.0276
vn 0.0071 0.9998 0.0212
vn -0.0100 0.9999 0.0018
vn -0.0147 0.9999 -0.0018
vn -0.0065 0.9999 0.0112
vn -0.0223 0.9995 0.0223
vn -0.0329 0.9993 0.0176
vn -0.0031 0.9999 0.0161
vn 0.0405 0.9989 0.0233
vn 0.0261 0.9993 0.0272
vn 0.0147 0.9994 0.0311
vn -0.0397 0.9989 0.0257
vn -0.0877 0.9959 0.0221
vn -0.0234 0.9995 0.0199
vn 0.0333 0.9994 0.0023
vn 0.0406 0.9991 -0.0084
vn 0.0399 0.9990 -0.0199
vn 0.0088 0.9992 -0.0393
vn -0.0822 0.9960 0.0356
vn -0.0621 0.9792 0.1933
vn -0.0408 0.9584 0.2827
vn -0.1974 0.9014 0.3853
vn -0.1726 0.8149 0.5533
vn 0.0922 0.8094 0.5799
vn 0.0363 0.8556 0.5163
vn -0.1733 0.8872 0.4277
vn -0.3301 0.8657 0.3762
vn -0.3375 0.8994 0.2779
vn 0.1255 0.9895 0.0718
vn 0.2669 0.9591 -0.0943
vn 0.0483 0.9864 -0.1573
vn 0.0672 0.9677 -0.2428
vn 0.1003 0.9183 -0.3830
vn 0.0639 0.8923 -0.4469
vn 0.0249 0.9292 -0.3686
vn 0.0444 0.9669 -0.2514
vn 0.0823 0.9795 -0.1841
vn 0.0232 0.9940 -0.1071
vn -0.0040 0.9995 -0.0322
vn 0.0851 0.9958 0.0339
vn 0.1286 0.9876 0.0901
vn 0.0587 0.9930 0.1020
vn 0.0241 0.9942 0.1051
vn 0.0945 0.9870 0.1302
vn 0.1056 0.9794 0.1723
vn 0.0608 0.9808 0.1853
vn 0.0648 0.9922 0.1061
vn -0.0427 0.9989 -0.0198
vn -0.0598 0.9976 -0.0343
vn 0.0880 0.9956 0.0325
vn 0.0654 0.9977 0.0185
vn 0.0153 0.9997 -0.0210
vn 0.0632 0.9979 -0.0152
vn 0.0698 0.9975 0.0052
vn 0.0059 0.9996 0.0282
vn -0.0534 0.9983 0.0253
vn -0.1177 0.9930 -0.0034
vn -0.2304 0.9731 -0.0089
vn -0.1564 0.9854 0.0668
vn -0.1837 0.9743 0.1304
vn 0.0793 0.9968 -0.0054
vn 0.3723 0.9113 -0.1758
vn -0.0730 0.9970 -0.0263
vn -0.0082 1.0000 -0.0047
vn 0.0141 0.9999 -0.0012
vn -0.0053 1.0000 0.0065
vn -0.0171 0.9998 0.0076
vn -0.0188 0.9998 0.0094
vn -0.0206 0.9997 0.0088
vn -0.0284 0.9996 0.0072
vn -0.0145 0.9998 0.0157
vn 0.0425 0.9989 0.0178
vn 0.0198 0.9996 0.0182
vn 0.0041 0.9995 0.0310
vn -0.0264 0.9991 0.0334
vn -0.0707 0.9975 0.0065
vn -0.0231 0.9997 -0.0086
vn 0.0604 0.9980 -0.0188
vn 0.0223 0.9996 -0.0172
vn -0.0340 0.9960 0.0828
vn -0.0582 0.9747 0.2157
vn -0.2196 0.9131 0.3435
vn -0.2188 0.8130 0.5396
vn -0.1222 0.7653 0.6320
vn -0.2360 0.7476 0.6208
vn -0.0923 0.8774 0.4709
vn 0.2679 0.9130 0.3076
vn 0.1617 0.9671 0.1963
vn -0.1180 0.9868 0.1108
vn -0.2775 0.9606 -0.0137
vn -0.1342 0.9594 -0.2482
vn 0.2415 0.8971 -0.3700
vn 0.1510 0.9646 -0.2163
vn 0.0344 0.9969 -0.0702
vn 0.1572 0.9861 -0.0544
vn 0.3112 0.9316 -0.1880
vn 0.1539 0.9307 -0.3317
vn -0.0665 0.8901 -0.4508
vn -0.0226 0.8883 -0.4588
vn 0.0351 0.9030 -0.4283
vn -0.0437 0.9185 -0.3930
vn -0.0900 0.9476 -0.3065
vn -0.0044 0.9771 -0.2127
vn 0.0550 0.9924 -0.1097
vn -0.0001 1.0000 0.0088
vn -0.0232 0.9937 0.1097
vn 0.0644 0.9849 0.1608
vn 0.0669 0.9803 0.1858
vn 0.0716 0.9774 0.1991
vn 0.1816 0.9720 0.1494
vn 0.0537 0.9969 0.0583
vn -0.1617 0.9841 0.0739
vn 0.0506 0.9865 0.1555
vn 0.1457 0.9830 0.1120
vn 0.0137 0.9976 0.0683
vn 0.0338 0.9952 0.0922
vn 0.0276 0.9896 0.1412
vn -0.0291 0.9809 0.1923
vn -0.0720 0.9668 0.2451
vn -0.0897 0.9616 0.2594
vn -0.1896 0.9581 0.2148
vn -0.2090 0.9634 0.1678
vn -0.0876 0.9949 0.0493
vn 0.2933 0.9452 -0.1432
vn 0.2980 0.9313 -0.2096
vn -0.0985 0.9949 -0.0211
vn -0.0053 0.9998 -0.0194
vn -0.0006 0.9999 -0.0112
vn -0.0124 0.9999 0.0029
vn -0.0176 0.9998 0.0094
vn -0.0218 0.9997 0.0112
vn -0.0118 0.9999 0.0059
vn -0.0460 0.9988 0.0164
vn -0.0142 0.9996 0.0257
vn 0.0567 0.9983 0.0090
vn 0.0096 0.9999 0.0045
vn -0.0100 0.9998 0.0158
vn -0.0254 0.9993 0.0265
vn -0.0448 0.9986 0.0264
vn -0.0304 0.9993 0.0229
vn -0.0035 0.9950 0.0998
vn -0.0896 0.9658 0.2433
vn -0.1599 0.8965 0.4132
vn -0.1374 0.8698 0.4739
vn -0.2995 0.8595 0.4142
vn -0.2778 0.8996 0.3370
vn -0.1572 0.9499 0.2702
vn -0.1674 0.9699 0.1770
vn 0.1153 0.9933 -0.0082
vn 0.3869 0.9074 -0.1639
vn 0.1908 0.9690 -0.1568
vn -0.0408 0.9819 -0.1849
vn -0.1144 0.9531 -0.2801
vn 0.0121 0.9493 -0.3142
vn 0.1114 0.9735 -0.1995
vn -0.0014 0.9983 -0.0577
vn 0.0011 0.9998 -0.0188
vn 0.1515 0.9884 0.0062
vn 0.3811 0.9222 0.0662
vn 0.2974 0.9546 0.0183
vn 0.0123 0.9932 -0.1159
vn -0.1004 0.9874 -0.1226
vn 0.0120 0.9983 -0.0567
vn 0.0549 0.9893 -0.1348
vn -0.1195 0.9440 -0.3075
vn -0.0624 0.9309 -0.3600
vn -0.0451 0.9464 -0.3199
vn -0.1781 0.9700 -0.1657
vn -0.1379 0.9900 0.0283
vn 0.0545 0.9932 0.1034
vn 0.0767 0.9940 0.0783
vn 0.0149 0.9935 0.1124
vn 0.1325 0.9578 0.2551
vn 0.0586 0.9359 0.3473
vn -0.1973 0.9023 0.3834
vn 0.0195 0.9168 0.3989
vn 0.1648 0.9077 0.3859
vn 0.0098 0.9088 0.4172
vn 0.0205 0.9084 0.4176
vn -0.0052 0.9094 0.4159
vn -0.0586 0.9030 0.4255
vn -0.0661 0.9139 0.4006
vn -0.0526 0.9413 0.3336
vn -0.0565 0.9666 0.2500
vn -0.0059 0.9997 -0.0243
vn 0.1348 0.9371 -0.3219
vn 0.3540 0.8527 -0.3842
vn 0.1553 0.9623 -0.2232
vn -0.0937 0.9956 0.0017
vn -0.0076 1.0000 -0.0029
vn -0.0071 1.0000 -0.0024
vn -0.0188 0.9998 -0.0035
vn -0.0247 0.9997 0.0035
vn -0.0194 0.9998 0.0065
vn -0.0076 1.0000 0.0053
vn -0.0573 0.9984 0.0020
vn -0.0064 1.0000 -0.0037
vn 0.0510 0.9986 0.0108
vn -0.0158 0.9988 0.0462
vn -0.0100 0.9981 0.0605
vn -0.0069 0.9995 0.0311
vn -0.0616 0.9977 0.0297
vn -0.1191 0.9836 0.1352
vn -0.1810 0.9301 0.3196
vn -0.2261 0.8706 0.4370
vn -0.1952 0.8832 0.4264
vn -0.1082 0.9032 0.4153
vn -0.2380 0.9121 0.3338
vn -0.2397 0.9265 0.2902
vn -0.0459 0.9820 0.1834
vn 0.0326 0.9993 -0.0194
vn 0.3291 0.9192 -0.2162
vn 0.3525 0.8922 -0.2823
vn 0.1443 0.9561 -0.2552
vn 0.0017 0.9752 -0.2213
vn -0.0823 0.9776 -0.1938
vn -0.0236 0.9876 -0.1550
vn -0.0247 0.9951 -0.0959
vn -0.0678 0.9968 -0.0432
vn 0.0059 0.9998 -0.0200
vn 0.0847 0.9962 0.0192
vn 0.3036 0.9478 0.0973
vn 0.3991 0.9098 0.1135
vn 0.1208 0.9916 0.0456
vn -0.1746 0.9844 0.0197
vn -0.0595 0.9952 0.0782
vn 0.1689 0.9748 0.1457
vn -0.0591 0.9902 0.1263
vn -0.1162 0.9840 0.1348
vn -0.0157 0.9949 0.0992
vn -0.1908 0.9804 -0.0497
vn -0.1921 0.9677 -0.1634
vn 0.0586 0.9815 -0.1825
vn 0.1336 0.9636 -0.2315
vn -0.0622 0.9686 -0.2408
vn -0.0997 0.9926 -0.0696
vn -0.0877 0.9861 0.1411
vn -0.1770 0.9587 0.2227
vn -0.0332 0.9736 0.2260
vn 0.1221 0.9511 0.2837
vn 0.0897 0.9615 0.2596
vn 0.1544 0.9829 0.0998
vn 0.1459 0.9847 -0.0948
vn 0.0183 0.9742 -0.2249
vn -0.0177 0.9493 -0.3139
vn -0.0529 0.9130 -0.4045
vn 0.0314 0.9323 -0.3602
vn 0.1999 0.8542 -0.4800
vn 0.1726 0.8657 -0.4700
vn 0.1496 0.9596 -0.2384
vn -0.0171 0.9992 -0.0372
vn -0.0964 0.9953 -0.0005
vn -0.0206 0.9996 0.0194
vn 0.0082 0.9998 0.0165
vn -0.0259 0.9996 -0.0118
vn -0.0171 0.9997 -0.0159
vn -0.0159 0.9998 -0.0088
vn -0.0381 0.9991 -0.0166
vn -0.0121 0.9996 -0.0247
vn -0.0000 0.9998 0.0176
vn -0.0327 0.9982 0.0499
vn 0.0147 0.9995 0.0279
vn 0.0388 0.9992 -0.0130
vn -0.1479 0.9883 0.0370
vn -0.3195 0.9198 0.2280
vn -0.3248 0.8723 0.3656
vn -0.2055 0.9085 0.3638
vn -0.1747 0.9336 0.3129
vn -0.0946 0.9476 0.3050
vn -0.1816 0.9342 0.3070
vn -0.1628 0.9660 0.2006
vn 0.1325 0.9847 0.1132
vn 0.2929 0.9525 -0.0841
vn 0.4304 0.8673 -0.2501
vn 0.3315 0.9104 -0.2476
vn 0.1220 0.9619 -0.2446
vn -0.0466 0.9730 -0.2262
vn -0.0839 0.9750 -0.2058
vn -0.0785 0.9787 -0.1898
vn -0.1096 0.9876 -0.1120
vn -0.0945 0.9941 -0.0527
vn -0.0147 0.9995 -0.0288
vn 0.0311 0.9995 0.0065
vn 0.2023 0.9752 0.0899
vn 0.4173 0.8949 0.1579
vn 0.2346 0.9684 0.0850
vn -0.0850 0.9920 -0.0932
vn -0.1088 0.9721 -0.2077
vn 0.0722 0.9896 -0.1243
vn -0.0998 0.9945 0.0312
vn -0.1855 0.9773 0.1019
vn 0.0764 0.9877 0.1362
vn 0.0019 0.9979 0.0651
vn -0.1689 0.9853 -0.0249
vn -0.0044 0.9997 0.0252
vn 0.1249 0.9860 0.1106
vn -0.0312 0.9951 0.0939
vn -0.1281 0.9913 -0.0292
vn -0.1205 0.9684 -0.2185
vn -0.0935 0.9439 -0.3166
vn -0.0346 0.9245 -0.3797
vn -0.0078 0.9444 -0.3286
vn 0.1084 0.9709 -0.2136
vn 0.3320 0.9138 -0.2338
vn 0.3676 0.8715 -0.3244
vn 0.1670 0.9508 -0.2609
vn -0.0315 0.9653 -0.2594
vn -0.0915 0.9502 -0.2979
vn 0.0161 0.9546 -0.2975
vn 0.1334 0.9702 -0.2023
vn 0.0025 0.9975 -0.0709
vn -0.0344 0.9986 0.0412
vn -0.0708 0.9955 0.0637
vn -0.1167 0.9932 0.0023
vn -0.0252 0.9997 0.0076
vn 0.0200 0.9998 0.0035
vn -0.0117 0.9999 0.0070
vn -0.0159 0.9999 0.0041
vn -0.0147 0.9999 -0.0041
vn -0.0241 0.9997 -0.0053
vn -0.0167 0.9998 -0.0108
vn -0.0263 0.9996 -0.0102
vn -0.0413 0.9991 0.0029
vn -0.0186 0.9998 -0.0022
vn 0.0259 0.9997 -0.0055
vn -0.0076 0.9975 0.0699
vn -0.2346 0.9594 0.1565
vn -0.4185 0.8938 0.1612
vn -0.3879 0.9052 0.1734
vn -0.1960 0.9537 0.2282
vn -0.1127 0.9694 0.2179
vn -0.0858 0.9861 0.1422
vn -0.0908 0.9953 0.0327
vn -0.0238 0.9839 -0.1769
vn 0.2432 0.9090 -0.3384
vn 0.3901 0.8519 -0.3496
vn 0.3679 0.8952 -0.2517
vn 0.2954 0.9416 -0.1615
vn 0.1338 0.9820 -0.1334
vn -0.0567 0.9855 -0.1601
vn -0.0927 0.9822 -0.1631
vn -0.1521 0.9835 -0.0978
vn -0.1630 0.9854 -0.0484
vn -0.0866 0.9943 -0.0620
vn -0.0444 0.9969 -0.0643
vn -0.0058 0.9994 -0.0328
vn 0.1007 0.9945 0.0278
vn 0.3363 0.9324 0.1323
vn 0.3183 0.9252 0.2068
vn 0.0526 0.9833 0.1740
vn -0.1032 0.9853 0.1364
vn -0.0327 0.9897 0.1391
vn -0.0442 0.9983 0.0385
vn -0.1662 0.9757 -0.1428
vn -0.0348 0.9931 -0.1121
vn -0.0484 0.9873 0.1514
vn -0.1585 0.9407 0.3000
vn -0.0313 0.9658 0.2574
vn 0.0959 0.9810 0.1684
vn 0.0673 0.9922 0.1050
vn 0.0581 0.9976 0.0372
vn 0.0186 0.9966 -0.0807
vn -0.0153 0.9909 -0.1339
vn 0.0236 0.9924 -0.1212
vn -0.0331 0.9699 -0.2412
vn 0.0700 0.9315 -0.3569
vn 0.3150 0.9063 -0.2817
vn 0.3034 0.9514 -0.0527
vn 0.1253 0.9758 0.1794
vn -0.0142 0.9737 0.2275
vn -0.0605 0.9858 0.1565
vn -0.0029 0.9933 0.1157
vn 0.0244 0.9917 0.1261
vn -0.0387 0.9953 0.0888
vn -0.0250 0.9997 -0.0057
vn -0.0606 0.9970 -0.0481
vn -0.1190 0.9928 -0.0147
vn -0.0158 0.9995 -0.0265
vn 0.0106 0.9997 -0.0223
vn -0.0206 0.9998 -0.0076
vn -0.0112 0.9999 -0.0006
vn -0.0135 0.9999 0.0018
vn -0.0223 0.9998 -0.0000
vn -0.0147 0.9999 0.0018
vn -0.0362 0.9993 0.0092
vn -0.0449 0.9989 0.0096
vn -0.0074 0.9999 0.0071
vn 0.0071 0.9998 0.0180
vn -0.1299 0.9880 0.0839
vn -0.2747 0.9531 0.1270
vn -0.3814 0.9197 0.0933
vn -0.4197 0.9048 0.0716
vn -0.2339 0.9685 0.0857
vn -0.0765 0.9921 0.0998
vn -0.0233 0.9965 0.0797
vn 0.0677 0.9970 -0.0366
vn 0.2142 0.9502 -0.2263
vn 0.3088 0.8960 -0.3192
vn 0.3018 0.9220 -0.2425
vn 0.2961 0.9422 -0.1571
vn 0.2430 0.9636 -0.1114
vn 0.1331 0.9873 -0.0862
vn -0.0054 0.9942 -0.1071
vn -0.1056 0.9843 -0.1413
vn -0.2257 0.9675 -0.1143
vn -0.1804 0.9813 -0.0678
vn -0.0550 0.9963 -0.0666
vn -0.0497 0.9946 -0.0907
vn -0.0211 0.9946 -0.1017
vn 0.0398 0.9956 -0.0852
vn 0.2147 0.9767 0.0034
vn 0.2464 0.9539 0.1714
vn 0.0319 0.9440 0.3283
vn -0.1159 0.9117 0.3941
vn -0.0090 0.9212 0.3890
vn 0.0669 0.9263 0.3707
vn -0.0522 0.9491 0.3108
vn -0.1425 0.9519 0.2713
vn -0.1664 0.9554 0.2441
vn -0.0719 0.9898 0.1233
vn 0.0628 0.9979 -0.0166
vn 0.1708 0.9775 -0.1235
vn 0.1007 0.9817 -0.1616
vn 0.0273 0.9959 -0.0864
vn 0.0105 0.9972 0.0745
vn -0.0307 0.9856 0.1663
vn 0.0881 0.9884 0.1238
vn 0.2010 0.9772 -0.0681
vn 0.1774 0.9361 -0.3038
vn 0.1215 0.9558 -0.2677
vn 0.0726 0.9912 -0.1105
vn 0.0358 0.9990 -0.0253
vn 0.0300 0.9992 -0.0253
vn -0.0024 0.9987 -0.0505
vn -0.0018 0.9976 -0.0687
vn 0.0094 0.9979 -0.0646
vn 0.0082 0.9982 -0.0587
vn 0.0153 0.9987 -0.0493
vn -0.0761 0.9966 -0.0311
vn -0.1102 0.9938 -0.0135
vn -0.0106 0.9998 -0.0165
vn -0.0012 0.9999 -0.0141
vn -0.0206 0.9996 -0.0170
vn -0.0141 0.9997 -0.0212
vn -0.0200 0.9997 -0.0141
vn -0.0265 0.9996 -0.0018
vn -0.0661 0.9965 0.0520
vn -0.1078 0.9809 0.1622
vn -0.0604 0.9674 0.2459
vn 0.0540 0.9763 0.2094
vn 0.0258 0.9919 0.1244
vn -0.1973 0.9747 0.1055
vn -0.2906 0.9463 0.1420
vn -0.3825 0.9034 0.1937
vn -0.4035 0.8879 0.2210
vn -0.1870 0.9665 0.1760
vn -0.0444 0.9952 0.0868
vn 0.0300 0.9993 0.0228
vn 0.1648 0.9863 -0.0110
vn 0.3489 0.9362 -0.0416
vn 0.2971 0.9539 -0.0432
vn 0.2363 0.9714 -0.0215
vn 0.2896 0.9567 -0.0281
vn 0.2179 0.9751 -0.0400
vn 0.1229 0.9920 -0.0304
vn 0.0313 0.9989 -0.0356
vn -0.0530 0.9945 -0.0898
vn -0.1818 0.9644 -0.1921
vn -0.1726 0.9483 -0.2665
vn -0.1053 0.9695 -0.2213
vn -0.0884 0.9893 -0.1163
vn -0.0117 0.9970 -0.0760
vn 0.0258 0.9958 -0.0876
vn 0.1418 0.9863 -0.0845
vn 0.1221 0.9916 -0.0415
vn -0.0594 0.9981 0.0149
vn -0.0985 0.9951 -0.0064
vn -0.0302 0.9995 -0.0079
vn -0.0062 0.9953 0.0965
vn -0.0165 0.9870 0.1600
vn -0.0575 0.9933 0.1005
vn -0.0752 0.9970 -0.0197
vn 0.0197 0.9961 -0.0865
vn 0.0775 0.9958 -0.0480
vn 0.1381 0.9874 0.0770
vn 0.1032 0.9806 0.1664
vn 0.0319 0.9964 0.0784
vn 0.0268 0.9943 -0.1029
vn 0.0193 0.9669 -0.2546
vn 0.1438 0.9247 -0.3526
vn 0.2626 0.9216 -0.2858
vn 0.1683 0.9789 -0.1156
vn 0.0110 0.9998 -0.0193
vn -0.0006 1.0000 -0.0088
vn 0.0341 0.9992 -0.0212
vn 0.0399 0.9988 -0.0294
vn 0.0129 0.9995 -0.0293
vn -0.0006 0.9996 -0.0276
vn 0.0041 0.9996 -0.0276
vn 0.0047 0.9997 -0.0247
vn 0.0053 0.9998 -0.0206
vn -0.0882 0.9960 -0.0164
vn -0.1060 0.9944 0.0029
vn -0.0106 0.9999 0.0024
vn -0.0071 1.0000 0.0059
vn -0.0141 0.9999 0.0082
vn -0.0270 0.9996 0.0129
vn -0.0914 0.9932 0.0728
vn -0.1904 0.9597 0.2066
vn -0.1804 0.9349 0.3056
vn -0.0187 0.9688 0.2471
vn 0.1498 0.9750 0.1639
vn 0.0195 0.9826 0.1849
vn -0.2303 0.9439 0.2365
vn -0.3420 0.8933 0.2916
vn -0.4106 0.8497 0.3308
vn -0.2839 0.9294 0.2358
vn -0.0732 0.9940 0.0807
vn 0.0359 0.9992 -0.0172
vn 0.0464 0.9977 -0.0499
vn 0.1195 0.9927 0.0136
vn 0.3487 0.9348 0.0678
vn 0.3155 0.9483 0.0335
vn 0.2044 0.9788 0.0147
vn 0.3008 0.9529 0.0378
vn 0.2313 0.9726 0.0246
vn 0.1262 0.9920 -0.0022
vn 0.0401 0.9991 -0.0096
vn -0.0041 0.9999 -0.0123
vn -0.0642 0.9949 -0.0774
vn -0.0828 0.9763 -0.2000
vn -0.1560 0.9469 -0.2812
vn -0.1558 0.9509 -0.2674
vn -0.0682 0.9807 -0.1831
vn 0.0065 0.9947 -0.1022
vn 0.1729 0.9780 -0.1163
vn 0.1163 0.9745 -0.1919
vn -0.0739 0.9715 -0.2250
vn -0.1018 0.9788 -0.1775
vn -0.0998 0.9889 -0.1101
vn -0.0732 0.9925 -0.0984
vn -0.0004 0.9915 -0.1304
vn 0.0027 0.9905 -0.1373
vn -0.0366 0.9941 -0.1025
vn 0.0135 0.9977 -0.0661
vn 0.0375 0.9976 -0.0574
vn -0.0053 1.0000 0.0017
vn 0.0815 0.9933 0.0821
vn 0.2524 0.9671 -0.0315
vn 0.2241 0.9380 -0.2646
vn 0.1032 0.9298 -0.3532
vn 0.0965 0.9507 -0.2948
vn 0.0922 0.9822 -0.1639
vn 0.0489 0.9980 -0.0397
vn 0.0012 1.0000 -0.0024
vn 0.0100 0.9999 -0.0135
vn 0.0353 0.9993 -0.0129
vn 0.0270 0.9996 0.0071
vn 0.0018 0.9995 0.0312
vn 0.0118 0.9995 0.0282
vn 0.0041 0.9999 0.0159
vn -0.0047 0.9997 0.0223
vn 0.0029 0.9995 0.0300
vn -0.0842 0.9962 0.0240
vn -0.1076 0.9942 0.0088
vn -0.0118 0.9999 0.0118
vn -0.0100 0.9999 0.0124
vn -0.0100 0.9999 0.0088
vn -0.0241 0.9997 0.0100
vn -0.0742 0.9954 0.0600
vn -0.2161 0.9605 0.1753
vn -0.2788 0.9255 0.2562
vn -0.0624 0.9877 0.1436
vn 0.1294 0.9891 -0.0706
vn 0.0779 0.9950 -0.0630
vn -0.1213 0.9820 0.1447
vn -0.2747 0.9251 0.2621
vn -0.4182 0.8531 0.3121
vn -0.2818 0.9271 0.2472
vn -0.0584 0.9979 0.0267
vn 0.0157 0.9897 -0.1426
vn 0.0424 0.9891 -0.1411
vn -0.0047 0.9978 -0.0656
vn 0.0782 0.9963 -0.0367
vn 0.3571 0.9315 -0.0695
vn 0.3105 0.9474 -0.0773
vn 0.1598 0.9868 -0.0270
vn 0.2579 0.9651 0.0459
vn 0.2569 0.9632 0.0787
vn 0.1617 0.9860 0.0408
vn 0.0384 0.9992 0.0125
vn -0.0029 0.9999 0.0159
vn -0.0071 0.9997 0.0235
vn -0.0041 0.9998 0.0194
vn -0.0748 0.9950 -0.0656
vn -0.1199 0.9718 -0.2031
vn -0.1316 0.9510 -0.2799
vn -0.0311 0.9643 -0.2630
vn 0.1659 0.9640 -0.2078
vn 0.1160 0.9848 -0.1296
vn -0.1419 0.9895 -0.0266
vn -0.2010 0.9727 0.1156
vn -0.0894 0.9865 0.1369
vn -0.0425 0.9960 0.0789
vn 0.0147 0.9977 0.0659
vn 0.0128 0.9987 0.0490
vn -0.0511 0.9985 0.0170
vn 0.0190 0.9997 -0.0123
vn 0.0300 0.9994 -0.0195
vn -0.0273 0.9984 -0.0497
vn 0.1407 0.9774 -0.1576
vn 0.3453 0.9120 -0.2212
vn 0.2680 0.9483 -0.1697
vn 0.0796 0.9924 -0.0942
vn 0.0216 0.9986 -0.0473
vn 0.0012 0.9997 -0.0223
vn 0.0018 0.9999 -0.0135
vn 0.0094 0.9999 -0.0118
vn 0.0118 0.9999 -0.0106
vn 0.0171 0.9998 0.0053
vn 0.0029 0.9996 0.0276
vn -0.0076 0.9993 0.0370
vn 0.0282 0.9991 0.0329
vn 0.0041 0.9996 0.0288
vn -0.0164 0.9993 0.0341
vn 0.0024 0.9992 0.0388
vn -0.0732 0.9968 0.0334
vn -0.1063 0.9943 -0.0030
vn -0.0123 0.9999 -0.0065
vn -0.0129 0.9999 -0.0035
vn -0.0088 1.0000 0.0018
vn -0.0466 0.9987 0.0221
vn -0.1843 0.9770 0.1076
vn -0.3080 0.9343 0.1798
vn -0.2071 0.9728 0.1041
vn 0.1298 0.9903 -0.0494
vn 0.1674 0.9831 -0.0746
vn -0.1257 0.9894 0.0724
vn -0.2477 0.9468 0.2056
vn -0.3517 0.8913 0.2862
vn -0.3980 0.8708 0.2884
vn -0.0678 0.9940 0.0858
vn 0.1320 0.9864 -0.0977
vn 0.0791 0.9812 -0.1761
vn -0.0190 0.9832 -0.1813
vn -0.0427 0.9866 -0.1577
vn 0.1306 0.9714 -0.1986
vn 0.3596 0.9113 -0.2004
vn 0.2347 0.9687 -0.0805
vn 0.1171 0.9931 0.0022
vn 0.1861 0.9813 0.0489
vn 0.2370 0.9656 0.1071
vn 0.1985 0.9721 0.1246
vn 0.0476 0.9932 0.1063
vn -0.0164 0.9941 0.1071
vn -0.0167 0.9923 0.1225
vn 0.0298 0.9942 0.1029
vn 0.0227 0.9981 0.0579
vn -0.0373 0.9991 0.0199
vn -0.0687 0.9958 -0.0598
vn -0.0230 0.9886 -0.1491
vn 0.0570 0.9916 -0.1161
vn 0.0122 0.9997 0.0202
vn -0.2298 0.9667 0.1130
vn -0.2252 0.9684 0.1071
vn -0.0303 0.9973 0.0664
vn -0.0496 0.9961 0.0732
vn -0.0119 0.9928 0.1189
vn 0.0694 0.9920 0.1055
vn 0.0103 0.9998 0.0198
vn 0.0139 0.9999 -0.0071
vn 0.0664 0.9974 -0.0296
vn 0.1336 0.9728 -0.1891
vn 0.2402 0.9052 -0.3507
vn 0.2328 0.9399 -0.2500
vn 0.1471 0.9851 -0.0890
vn 0.0393 0.9992 0.0006
vn 0.0071 0.9999 0.0082
vn -0.0006 1.0000 -0.0006
vn -0.0029 1.0000 -0.0029
vn 0.0076 1.0000 0.0018
vn 0.0035 0.9999 0.0106
vn -0.0024 0.9997 0.0223
vn -0.0088 0.9995 0.0312
vn -0.0071 0.9994 0.0329
vn 0.0317 0.9990 0.0329
vn 0.0064 0.9995 0.0312
vn -0.0088 0.9998 0.0159
vn 0.0159 0.9998 -0.0100
vn -0.0696 0.9973 -0.0217
vn -0.0962 0.9953 0.0088
vn -0.0088 1.0000 -0.0018
vn -0.0200 0.9998 -0.0012
vn -0.0123 0.9999 0.0041
vn -0.1444 0.9853 0.0907
vn -0.2965 0.9295 0.2193
vn -0.2362 0.9503 0.2029
vn -0.0140 0.9999 0.0065
vn 0.1868 0.9786 -0.0860
vn -0.0121 0.9971 0.0757
vn -0.2221 0.9545 0.1992
vn -0.3002 0.9272 0.2240
vn -0.4393 0.8649 0.2427
vn -0.1865 0.9767 0.1064
vn 0.1130 0.9921 -0.0538
vn 0.1708 0.9801 -0.1010
vn 0.1004 0.9914 -0.0841
vn -0.0206 0.9948 -0.0998
vn 0.0331 0.9800 -0.1960
vn 0.1919 0.9461 -0.2609
vn 0.2451 0.9515 -0.1859
vn 0.1212 0.9908 -0.0603
vn 0.1012 0.9949 -0.0024
vn 0.1426 0.9897 0.0122
vn 0.1753 0.9826 0.0617
vn 0.1728 0.9748 0.1413
vn 0.0449 0.9799 0.1945
vn -0.0212 0.9793 0.2014
vn -0.0004 0.9845 0.1756
vn 0.0567 0.9866 0.1532
vn 0.0503 0.9885 0.1427
vn -0.0022 0.9929 0.1186
vn 0.0055 0.9957 0.0925
vn 0.0229 0.9976 0.0647
vn 0.0121 0.9995 0.0274
vn -0.1176 0.9909 0.0655
vn -0.2646 0.9563 0.1244
vn -0.1438 0.9874 0.0663
vn -0.0322 0.9992 0.0228
vn -0.0789 0.9958 0.0474
vn -0.0290 0.9984 0.0479
vn 0.1057 0.9935 0.0418
vn 0.0821 0.9964 0.0193
vn -0.0041 1.0000 -0.0076
vn 0.1994 0.9729 -0.1168
vn 0.3072 0.9139 -0.2653
vn 0.1353 0.9724 -0.1899
vn 0.0826 0.9964 -0.0177
vn 0.0575 0.9966 0.0596
vn 0.0375 0.9974 0.0608
vn 0.0247 0.9990 0.0376
vn 0.0112 0.9998 0.0170
vn -0.0000 1.0000 0.0047
vn -0.0012 1.0000 0.0059
vn -0.0082 0.9998 0.0176
vn -0.0076 0.9997 0.0229
vn -0.0211 0.9993 0.0317
vn -0.0135 0.9987 0.0488
vn 0.0252 0.9978 0.0616
vn 0.0194 0.9982 0.0569
vn 0.0206 0.9993 0.0300
vn 0.0376 0.9993 0.0047
vn -0.0716 0.9974 -0.0024
vn -0.0876 0.9958 0.0275
vn -0.0012 0.9997 0.0223
vn -0.0100 0.9999 0.0041
vn -0.0915 0.9934 0.0686
vn -0.2920 0.9327 0.2118
vn -0.2878 0.9218 0.2598
vn -0.0448 0.9915 0.1223
vn 0.1443 0.9892 -0.0269
vn 0.0479 0.9979 0.0446
vn -0.1734 0.9678 0.1824
vn -0.2276 0.9496 0.2155
vn -0.3578 0.9004 0.2474
vn -0.3271 0.9296 0.1699
vn 0.0145 0.9986 -0.0499
vn 0.1416 0.9810 -0.1326
vn 0.1211 0.9906 -0.0637
vn 0.0589 0.9982 0.0134
vn 0.0379 0.9992 0.0125
vn 0.1535 0.9859 -0.0664
vn 0.2018 0.9730 -0.1120
vn 0.1387 0.9872 -0.0787
vn 0.0456 0.9987 -0.0221
vn 0.0897 0.9959 0.0094
vn 0.1233 0.9920 0.0257
vn 0.1093 0.9920 0.0629
vn 0.0903 0.9865 0.1365
vn 0.0167 0.9805 0.1956
vn -0.0041 0.9799 0.1995
vn 0.0274 0.9830 0.1818
vn 0.0401 0.9806 0.1921
vn 0.0570 0.9757 0.2118
vn 0.0580 0.9837 0.1705
vn 0.0524 0.9944 0.0913
vn 0.0532 0.9977 0.0423
vn -0.0077 0.9976 0.0690
vn -0.1923 0.9731 0.1266
vn -0.2197 0.9696 0.1077
vn -0.0582 0.9976 0.0383
vn -0.0716 0.9969 0.0322
vn -0.0805 0.9955 0.0491
vn 0.0182 0.9998 0.0029
vn 0.1151 0.9922 -0.0476
vn 0.0903 0.9950 -0.0427
vn 0.0256 0.9982 -0.0537
vn 0.3164 0.9455 -0.0771
vn 0.3070 0.9505 -0.0477
vn 0.0158 0.9996 -0.0229
vn -0.0065 1.0000 0.0064
vn 0.0287 0.9985 0.0461
vn 0.0498 0.9969 0.0615
vn 0.0470 0.9976 0.0505
vn 0.0341 0.9991 0.0258
vn -0.0100 0.9999 0.0029
vn -0.0194 0.9997 0.0112
vn -0.0124 0.9997 0.0218
vn -0.0317 0.9991 0.0282
vn -0.0235 0.9992 0.0317
vn 0.0117 0.9990 0.0422
vn 0.0282 0.9983 0.0516
vn 0.0405 0.9979 0.0499
vn 0.0452 0.9978 0.0475
vn -0.0694 0.9966 0.0446
vn -0.0893 0.9958 0.0217
vn -0.0024 0.9996 0.0294
vn -0.0398 0.9962 0.0778
vn -0.2265 0.9569 0.1820
vn -0.3430 0.9181 0.1988
vn -0.1769 0.9815 0.0734
vn 0.0862 0.9956 -0.0358
vn 0.0948 0.9949 0.0348
vn -0.1101 0.9798 0.1668
vn -0.1817 0.9648 0.1904
vn -0.2744 0.9387 0.2088
vn -0.3773 0.9031 0.2052
vn -0.1335 0.9857 0.1025
vn 0.1681 0.9856 -0.0168
vn 0.1245 0.9896 -0.0725
vn 0.0317 0.9988 -0.0364
vn 0.0306 0.9995 0.0058
vn 0.0712 0.9975 0.0023
vn 0.2069 0.9783 -0.0097
vn 0.2130 0.9765 -0.0324
vn 0.0839 0.9962 -0.0221
vn 0.0200 0.9998 0.0024
vn 0.0572 0.9979 0.0292
vn 0.0876 0.9928 0.0818
vn 0.0700 0.9903 0.1198
vn 0.0502 0.9908 0.1256
vn 0.0135 0.9940 0.1088
vn 0.0041 0.9950 0.0995
vn 0.0190 0.9929 0.1171
vn 0.0163 0.9905 0.1367
vn 0.0437 0.9870 0.1545
vn 0.1011 0.9806 0.1681
vn 0.1199 0.9833 0.1369
vn 0.0447 0.9911 0.1255
vn -0.0915 0.9776 0.1896
vn -0.1780 0.9651 0.1922
vn -0.1140 0.9901 0.0815
vn -0.0265 0.9996 0.0112
vn -0.0956 0.9954 0.0094
vn -0.0826 0.9964 0.0188
vn 0.0852 0.9964 -0.0004
vn 0.1418 0.9889 -0.0444
vn 0.0741 0.9954 -0.0601
vn 0.0411 0.9980 -0.0479
vn 0.2989 0.9542 -0.0142
vn 0.3091 0.9510 0.0070
vn 0.0270 0.9995 -0.0153
vn -0.0335 0.9990 -0.0288
vn -0.0023 0.9999 -0.0106
vn 0.0364 0.9992 0.0188
vn 0.0540 0.9979 0.0364
vn 0.0598 0.9978 0.0282
vn 0.0217 0.9997 0.0112
vn -0.0082 1.0000 -0.0000
vn -0.0265 0.9996 -0.0029
vn -0.0212 0.9998 0.0024
vn -0.0259 0.9997 -0.0012
vn -0.0247 0.9997 -0.0094
vn -0.0035 1.0000 -0.0035
vn 0.0165 0.9998 0.0141
vn 0.0311 0.9988 0.0370
vn 0.0417 0.9978 0.0522
vn -0.0592 0.9971 0.0481
vn -0.0900 0.9951 0.0412
vn -0.0446 0.9961 0.0765
vn -0.1415 0.9750 0.1711
vn -0.2968 0.9309 0.2128
vn -0.2322 0.9651 0.1209
vn -0.0058 0.9987 -0.0500
vn 0.0317 0.9979 -0.0559
vn -0.0802 0.9908 0.1092
vn -0.1391 0.9740 0.1789
vn -0.1502 0.9775 0.1482
vn -0.3079 0.9438 0.1199
vn -0.3092 0.9488 0.0646
vn -0.0334 0.9993 -0.0149
vn 0.1876 0.9819 -0.0274
vn 0.1511 0.9883 -0.0227
vn 0.0029 0.9982 -0.0593
vn 0.0400 0.9958 -0.0824
vn 0.0937 0.9895 -0.1105
vn 0.1845 0.9778 -0.0990
vn 0.1674 0.9858 -0.0088
vn 0.0423 0.9968 0.0675
vn 0.0334 0.9969 0.0716
vn 0.0399 0.9980 0.0492
vn 0.0410 0.9973 0.0608
vn 0.0473 0.9947 0.0914
vn 0.0543 0.9930 0.1046
vn 0.0268 0.9943 0.1034
vn -0.0000 0.9946 0.1035
vn 0.0024 0.9944 0.1056
vn 0.0065 0.9937 0.1119
vn 0.0187 0.9913 0.1302
vn 0.0903 0.9843 0.1518
vn 0.1323 0.9750 0.1786
vn 0.0087 0.9771 0.2128
vn -0.1051 0.9764 0.1886
vn -0.1008 0.9875 0.1209
vn -0.0357 0.9965 0.0755
vn -0.0170 0.9982 0.0567
vn -0.0956 0.9942 0.0489
vn -0.0500 0.9987 0.0070
vn 0.1201 0.9919 -0.0417
vn 0.1448 0.9888 -0.0372
vn 0.0581 0.9983 -0.0088
vn 0.0247 0.9996 0.0118
vn 0.2439 0.9682 0.0549
vn 0.3226 0.9433 0.0778
vn 0.0763 0.9963 0.0397
vn -0.0417 0.9991 0.0111
vn -0.0253 0.9994 0.0241
vn 0.0270 0.9993 0.0270
vn 0.0715 0.9974 0.0013
vn 0.0611 0.9981 -0.0094
vn 0.0235 0.9997 0.0047
vn -0.0029 1.0000 0.0088
vn -0.0259 0.9996 0.0059
vn -0.0229 0.9997 0.0018
vn -0.0223 0.9997 -0.0106
vn -0.0182 0.9998 -0.0041
vn -0.0000 1.0000 0.0094
vn 0.0094 0.9997 0.0247
vn 0.0287 0.9986 0.0440
vn -0.0511 0.9973 0.0528
vn -0.1207 0.9907 0.0626
vn -0.1026 0.9879 0.1164
vn -0.2226 0.9629 0.1526
vn -0.3073 0.9330 0.1874
vn -0.0573 0.9888 0.1378
vn 0.1227 0.9924 0.0060
vn -0.0933 0.9956 0.0081
vn -0.1899 0.9781 0.0852
vn -0.1593 0.9767 0.1438
vn -0.1229 0.9781 0.1680
vn -0.2496 0.9626 0.1049
vn -0.2017 0.9792 -0.0202
vn 0.0471 0.9910 -0.1255
vn 0.1177 0.9855 -0.1224
vn 0.1276 0.9915 -0.0269
vn 0.0232 0.9996 0.0163
vn 0.0498 0.9987 0.0099
vn 0.1437 0.9894 -0.0207
vn 0.1309 0.9912 -0.0206
vn 0.0601 0.9965 0.0584
vn 0.0275 0.9940 0.1054
vn 0.0679 0.9943 0.0817
vn 0.0633 0.9969 0.0469
vn 0.0323 0.9993 0.0206
vn 0.0223 0.9995 0.0235
vn 0.0292 0.9977 0.0607
vn 0.0187 0.9954 0.0942
vn -0.0012 0.9946 0.1035
vn -0.0012 0.9944 0.1055
vn 0.0029 0.9943 0.1062
vn 0.0094 0.9948 0.1010
vn 0.0637 0.9913 0.1153
vn 0.0783 0.9825 0.1692
vn -0.0006 0.9800 0.1989
vn -0.0378 0.9864 0.1600
vn -0.0594 0.9910 0.1196
vn -0.0143 0.9944 0.1048
vn -0.0110 0.9953 0.0967
vn -0.0688 0.9951 0.0710
vn 0.0373 0.9993 -0.0012
vn 0.1340 0.9896 -0.0524
vn 0.1065 0.9938 -0.0307
vn 0.0405 0.9992 -0.0029
vn 0.0171 0.9999 0.0018
vn 0.1885 0.9816 0.0291
vn 0.3241 0.9426 0.0798
vn 0.1112 0.9881 0.1065
vn -0.0403 0.9945 0.0964
vn 0.0051 0.9986 0.0523
vn 0.0703 0.9972 -0.0243
vn 0.0853 0.9947 -0.0575
vn 0.0322 0.9990 -0.0322
vn 0.0094 0.9999 -0.0035
vn -0.0053 0.9999 0.0088
vn -0.0218 0.9997 0.0100
vn -0.0188 0.9998 0.0059
vn -0.0135 0.9999 0.0076
vn -0.0247 0.9996 0.0153
vn -0.0294 0.9993 0.0223
vn -0.0118 0.9994 0.0317
vn -0.0018 0.9992 0.0394
vn 0.0229 0.9991 0.0370
vn -0.0403 0.9989 0.0229
vn -0.1827 0.9741 0.1331
vn -0.1065 0.9830 0.1493
vn -0.2771 0.9446 0.1760
vn -0.2882 0.9363 0.2008
vn 0.0968 0.9913 0.0894
vn 0.1208 0.9908 0.0607
vn -0.1534 0.9814 0.1156
vn -0.2188 0.9674 0.1278
vn -0.2074 0.9666 0.1505
vn -0.1051 0.9810 0.1630
vn -0.1293 0.9884 0.0790
vn -0.0720 0.9942 -0.0796
vn 0.0886 0.9844 -0.1517
vn 0.0266 0.9939 -0.1066
vn 0.0322 0.9993 -0.0170
vn 0.0434 0.9989 0.0167
vn 0.0713 0.9973 -0.0180
vn 0.1322 0.9912 -0.0001
vn 0.0848 0.9945 0.0613
vn 0.0335 0.9979 0.0556
vn 0.0528 0.9986 0.0094
vn 0.0733 0.9973 0.0029
vn 0.0768 0.9969 0.0193
vn 0.0493 0.9987 0.0153
vn 0.0076 0.9999 0.0100
vn 0.0035 0.9999 0.0129
vn 0.0082 0.9998 0.0153
vn 0.0018 0.9999 0.0135
vn -0.0024 1.0000 0.0094
vn 0.0018 0.9999 0.0112
vn 0.0047 0.9997 0.0223
vn 0.0239 0.9983 0.0532
vn 0.0257 0.9956 0.0905
vn 0.0023 0.9939 0.1102
vn -0.0088 0.9930 0.1175
vn -0.0262 0.9949 0.0969
vn 0.0013 0.9979 0.0643
vn -0.0041 0.9987 0.0499
vn -0.0258 0.9994 0.0246
vn 0.0798 0.9968 0.0111
vn 0.1262 0.9916 0.0274
vn 0.0849 0.9958 0.0356
vn 0.0422 0.9987 0.0281
vn 0.0212 0.9996 0.0176
vn 0.1728 0.9849 0.0036
vn 0.2599 0.9648 0.0402
vn 0.0873 0.9890 0.1198
vn 0.0232 0.9950 0.0970
vn 0.1040 0.9944 -0.0202
vn 0.1049 0.9914 -0.0782
vn 0.0495 0.9978 -0.0447
vn -0.0206 0.9998 0.0006
vn -0.0182 0.9998 0.0029
vn -0.0218 0.9997 0.0088
vn -0.0802 0.9946 0.0652
vn -0.0925 0.9805 0.1733
vn 0.0300 0.9817 0.1879
vn 0.0519 0.9948 0.0875
vn 0.0252 0.9991 0.0335
vn -0.0233 0.9993 0.0282
vn -0.1840 0.9738 0.1335
vn -0.1119 0.9832 0.1442
vn -0.3635 0.9121 0.1898
vn -0.1244 0.9853 0.1173
vn 0.1830 0.9830 0.0167
vn 0.0205 0.9978 0.0633
vn -0.1525 0.9823 0.1083
vn -0.2013 0.9770 0.0703
vn -0.2079 0.9778 0.0263
vn -0.0936 0.9956 0.0039
vn -0.0369 0.9992 -0.0170
vn 0.0006 0.9996 -0.0299
vn 0.0676 0.9977 -0.0078
vn -0.0275 0.9994 0.0228
vn -0.0106 0.9995 0.0294
vn 0.0916 0.9957 -0.0098
vn 0.0996 0.9938 -0.0498
vn 0.0608 0.9978 -0.0258
vn 0.0622 0.9980 0.0071
vn 0.0722 0.9974 -0.0029
vn 0.0692 0.9975 -0.0117
vn 0.0564 0.9984 -0.0047
vn 0.0686 0.9976 0.0041
vn 0.0551 0.9984 0.0106
vn 0.0100 0.9999 0.0076
vn -0.0000 1.0000 0.0059
vn 0.0088 0.9999 0.0065
vn 0.0071 1.0000 0.0024
vn -0.0012 1.0000 -0.0000
vn -0.0018 1.0000 0.0006
vn -0.0065 1.0000 0.0041
vn -0.0006 1.0000 0.0088
vn 0.0106 0.9999 0.0106
vn -0.0100 0.9999 0.0053
vn -0.0029 1.0000 0.0041
vn 0.0076 0.9999 0.0076
vn -0.0000 0.9999 0.0118
vn 0.0496 0.9983 0.0298
vn 0.0922 0.9927 0.0782
vn 0.0962 0.9910 0.0926
vn 0.0596 0.9957 0.0713
vn 0.0317 0.9980 0.0540
vn 0.1534 0.9852 0.0762
vn 0.2032 0.9717 0.1201
vn 0.1058 0.9907 0.0861
vn 0.1320 0.9911 -0.0174
vn 0.1552 0.9859 -0.0629
vn 0.0757 0.9967 -0.0300
vn 0.0182 0.9998 -0.0029
vn -0.0000 1.0000 -0.0024
vn -0.0006 1.0000 -0.0041
vn -0.0100 0.9999 -0.0029
vn -0.0212 0.9998 -0.0012
vn -0.0218 0.9998 0.0006
vn -0.0300 0.9995 0.0065
vn -0.1614 0.9860 0.0410
vn -0.2519 0.9522 0.1728
vn 0.0400 0.9520 0.3034
vn 0.2020 0.9560 0.2129
vn 0.0799 0.9948 0.0635
vn -0.0553 0.9974 0.0466
vn -0.1777 0.9784 0.1060
vn -0.1771 0.9720 0.1545
vn -0.3079 0.9469 0.0924
vn 0.0006 0.9981 -0.0614
vn 0.0974 0.9952 -0.0133
vn -0.0364 0.9960 0.0820
vn -0.0862 0.9960 0.0247
vn -0.1510 0.9867 -0.0603
vn -0.1953 0.9776 -0.0787
vn -0.1311 0.9909 -0.0305
vn -0.0844 0.9938 0.0726
vn -0.0125 0.9883 0.1523
vn 0.0786 0.9882 0.1315
vn -0.0494 0.9924 0.1128
vn 0.0194 0.9949 0.0994
vn 0.1419 0.9883 0.0555
vn 0.0789 0.9947 0.0662
vn 0.0463 0.9959 0.0779
vn 0.0831 0.9958 0.0375
vn 0.0942 0.9955 0.0041
vn 0.0669 0.9977 -0.0070
vn 0.0564 0.9983 -0.0117
vn 0.0558 0.9984 -0.0076
vn 0.0452 0.9989 0.0088
vn 0.0194 0.9997 0.0123
vn 0.0094 0.9999 0.0047
vn 0.0012 1.0000 0.0024
vn -0.0094 0.9999 -0.0047
vn -0.0053 1.0000 -0.0018
vn 0.0076 1.0000 0.0041
vn -0.0012 1.0000 0.0094
vn -0.0106 0.9998 0.0141
vn -0.0047 0.9998 0.0176
vn 0.0059 0.9998 0.0176
vn 0.0035 0.9999 0.0118
vn 0.0029 1.0000 0.0053
vn 0.0153 0.9998 0.0141
vn 0.0444 0.9979 0.0479
vn 0.0856 0.9921 0.0915
vn 0.0868 0.9916 0.0961
vn 0.0503 0.9964 0.0679
vn 0.0907 0.9917 0.0912
vn 0.1927 0.9737 0.1215
vn 0.2148 0.9750 0.0576
vn 0.1867 0.9824 -0.0043
vn 0.1283 0.9916 0.0138
vn 0.0569 0.9980 0.0276
vn 0.0223 0.9996 0.0153
vn 0.0059 1.0000 0.0047
vn 0.0018 1.0000 -0.0018
vn -0.0123 0.9999 -0.0029
vn -0.0223 0.9997 -0.0012
vn -0.0206 0.9998 -0.0029
vn -0.0329 0.9994 -0.0071
vn -0.1465 0.9877 -0.0548
vn -0.2991 0.9426 -0.1486
vn -0.1249 0.9914 -0.0396
vn 0.2336 0.9554 0.1809
vn 0.2210 0.9611 0.1656
vn -0.0874 0.9935 0.0735
vn -0.2703 0.9374 0.2196
vn -0.2471 0.9121 0.3272
vn -0.0791 0.9613 0.2638
vn 0.1063 0.9919 0.0699
vn -0.0120 0.9995 0.0298
vn -0.0537 0.9966 0.0631
vn -0.0725 0.9902 0.1191
vn -0.1519 0.9715 0.1820
vn -0.2053 0.9518 0.2279
vn -0.1611 0.9595 0.2310
vn -0.1374 0.9660 0.2192
vn 0.0008 0.9831 0.1831
vn 0.1292 0.9809 0.1457
vn -0.0409 0.9933 0.1085
vn 0.0574 0.9959 0.0706
vn 0.1634 0.9855 0.0464
vn 0.0434 0.9980 0.0469
vn 0.0662 0.9965 0.0510
vn 0.1103 0.9929 0.0438
vn 0.1230 0.9922 0.0203
vn 0.0826 0.9965 -0.0135
vn 0.0558 0.9982 -0.0241
vn 0.0388 0.9992 -0.0106
vn 0.0282 0.9996 0.0071
vn 0.0229 0.9996 0.0171
vn 0.0047 0.9998 0.0200
vn 0.0024 0.9997 0.0235
vn 0.0141 0.9997 0.0212
vn 0.0094 0.9999 0.0106
vn 0.0035 1.0000 0.0035
vn -0.0094 1.0000 0.0024
vn -0.0065 1.0000 0.0006
vn -0.0023 1.0000 0.0059
vn -0.0106 0.9997 0.0200
vn -0.0147 0.9995 0.0288
vn -0.0053 0.9995 0.0300
vn 0.0112 0.9996 0.0253
vn 0.0088 0.9997 0.0206
vn 0.0065 0.9998 0.0182
vn 0.0076 0.9999 0.0135
vn 0.0165 0.9997 0.0153
vn 0.0409 0.9982 0.0444
vn 0.0791 0.9926 0.0921
vn 0.0727 0.9918 0.1053
vn 0.0607 0.9941 0.0899
vn 0.1672 0.9796 0.1111
vn 0.2746 0.9527 0.1304
vn 0.2089 0.9724 0.1036
vn 0.1089 0.9907 0.0821
vn 0.0684 0.9947 0.0765
vn 0.0404 0.9974 0.0592
vn 0.0241 0.9992 0.0335
vn -0.0106 0.9999 0.0082
vn -0.0188 0.9998 0.0012
vn -0.0171 0.9998 -0.0041
vn -0.0259 0.9996 -0.0106
vn -0.0657 0.9964 -0.0528
vn -0.1355 0.9733 -0.1852
vn -0.2231 0.9193 -0.3243
vn 0.0433 0.9686 -0.2447
vn 0.2610 0.9616 -0.0844
vn -0.1062 0.9942 0.0148
vn -0.3840 0.9012 0.2007
vn -0.2563 0.9458 0.1996
vn 0.0574 0.9879 0.1440
vn 0.1556 0.9740 0.1649
vn -0.0313 0.9817 0.1878
vn -0.1086 0.9687 0.2234
vn -0.1839 0.9200 0.3462
vn -0.1585 0.9046 0.3956
vn -0.1215 0.9471 0.2969
vn -0.0904 0.9828 0.1612
vn -0.0856 0.9939 0.0692
vn 0.0191 0.9992 0.0338
vn 0.1349 0.9896 0.0507
vn 0.0034 0.9991 0.0412
vn 0.0738 0.9971 0.0182
vn 0.1664 0.9857 0.0274
vn 0.0481 0.9986 0.0223
vn 0.0605 0.9980 0.0194
vn 0.1050 0.9938 0.0374
vn 0.1397 0.9890 0.0489
vn 0.1067 0.9934 0.0413
vn 0.0569 0.9980 0.0263
vn 0.0294 0.9993 0.0211
vn 0.0218 0.9996 0.0194
vn 0.0229 0.9996 0.0159
vn 0.0035 0.9999 0.0141
vn -0.0000 0.9999 0.0141
vn 0.0206 0.9997 0.0123
vn 0.0206 0.9998 0.0053
vn 0.0065 1.0000 -0.0018
vn -0.0106 0.9999 -0.0024
vn -0.0071 1.0000 0.0012
vn -0.0153 0.9998 0.0094
vn -0.0147 0.9998 0.0123
vn -0.0129 0.9999 0.0059
vn -0.0100 0.9999 0.0076
vn -0.0290 0.9979 0.0571
vn -0.0717 0.9818 0.1759
vn 0.0480 0.9751 0.2166
vn 0.0871 0.9911 0.1002
vn 0.0153 0.9997 0.0200
vn 0.0153 0.9997 0.0176
vn 0.0303 0.9986 0.0444
vn 0.0641 0.9940 0.0884
vn 0.0717 0.9922 0.1022
vn 0.1073 0.9857 0.1298
vn 0.2538 0.9508 0.1777
vn 0.2539 0.9525 0.1678
vn 0.1263 0.9839 0.1262
vn 0.0816 0.9915 0.1015
vn 0.0526 0.9942 0.0936
vn 0.0410 0.9951 0.0900
vn 0.0298 0.9971 0.0695
vn 0.0064 0.9993 0.0382
vn -0.0047 0.9999 0.0141
vn -0.0141 0.9999 0.0024
vn -0.0212 0.9998 0.0012
vn -0.0241 0.9997 -0.0029
vn -0.0176 0.9995 -0.0246
vn -0.0891 0.9871 -0.1328
vn -0.0398 0.9643 -0.2620
vn 0.0698 0.9772 -0.2006
vn -0.2066 0.9776 -0.0395
vn -0.4527 0.8830 0.1243
vn -0.1455 0.9848 0.0950
vn 0.0987 0.9951 -0.0081
vn 0.0750 0.9962 0.0453
vn -0.0420 0.9934 0.1066
vn -0.2124 0.9650 0.1539
vn -0.2674 0.9445 0.1906
vn -0.0759 0.9870 0.1416
vn -0.0079 0.9988 0.0483
vn -0.0446 0.9988 0.0191
vn -0.0125 0.9999 -0.0016
vn 0.0293 0.9985 -0.0460
vn 0.0483 0.9987 0.0137
vn -0.0220 0.9907 0.1343
vn 0.0899 0.9813 0.1705
vn 0.1914 0.9747 0.1156
vn 0.0838 0.9946 0.0613
vn 0.0645 0.9976 0.0246
vn 0.0925 0.9956 0.0152
vn 0.1224 0.9919 0.0337
vn 0.1097 0.9924 0.0561
vn 0.0744 0.9959 0.0510
vn 0.0417 0.9988 0.0264
vn 0.0259 0.9996 0.0118
vn 0.0259 0.9996 0.0082
vn -0.0029 0.9999 0.0135
vn -0.0205 0.9990 0.0403
vn 0.0218 0.9979 0.0614
vn 0.0439 0.9981 0.0438
vn 0.0164 0.9997 0.0176
vn -0.0071 1.0000 0.0047
vn -0.0088 1.0000 -0.0006
vn -0.0194 0.9998 -0.0029
vn -0.0118 0.9999 -0.0047
vn -0.0006 0.9999 -0.0135
vn -0.0375 0.9993 -0.0000
vn -0.0829 0.9961 0.0309
vn -0.1558 0.9873 0.0309
vn -0.0131 0.9933 0.1145
vn 0.1796 0.9624 0.2040
vn 0.0983 0.9891 0.1094
vn 0.0182 0.9995 0.0265
vn 0.0088 0.9998 0.0182
vn 0.0305 0.9991 0.0293
vn 0.0579 0.9963 0.0634
vn 0.0766 0.9938 0.0810
vn 0.1894 0.9742 0.1227
vn 0.2778 0.9439 0.1788
vn 0.1905 0.9712 0.1428
vn 0.0995 0.9913 0.0857
vn 0.0492 0.9956 0.0796
vn 0.0415 0.9954 0.0858
vn 0.0533 0.9952 0.0825
vn 0.0316 0.9973 0.0657
vn 0.0123 0.9988 0.0476
vn -0.0041 0.9995 0.0323
vn -0.0171 0.9997 0.0194
vn -0.0129 0.9999 0.0082
vn 0.0071 1.0000 0.0047
vn -0.0029 1.0000 0.0029
vn -0.0206 0.9998 -0.0053
vn -0.2664 0.9637 -0.0173
vn -0.4949 0.8152 0.3009
vn 0.0738 0.9523 0.2961
vn 0.0981 0.9765 0.1920
vn 0.0390 0.9829 0.1800
vn 0.0246 0.9967 0.0770
vn -0.2226 0.9746 -0.0228
vn -0.2754 0.9598 -0.0541
vn 0.0006 0.9971 -0.0755
vn 0.0165 0.9969 -0.0766
vn -0.0814 0.9962 -0.0317
vn 0.0410 0.9988 -0.0272
vn 0.0395 0.9981 -0.0474
vn -0.0993 0.9946 0.0302
vn -0.1148 0.9830 0.1431
vn 0.1197 0.9799 0.1593
vn 0.2251 0.9631 0.1473
vn 0.1428 0.9832 0.1138
vn 0.1117 0.9928 0.0441
vn 0.0978 0.9952 0.0006
vn 0.1059 0.9944 -0.0064
vn 0.0978 0.9952 0.0005
vn 0.0896 0.9960 0.0029
vn 0.0557 0.9984 -0.0018
vn 0.0259 0.9997 -0.0012
vn 0.0241 0.9997 0.0041
vn -0.0188 0.9997 0.0165
vn -0.0482 0.9983 0.0328
vn 0.0175 0.9989 0.0429
vn 0.0604 0.9970 0.0487
vn 0.0329 0.9986 0.0423
vn 0.0100 0.9997 0.0217
vn -0.0035 1.0000 0.0047
vn -0.0106 0.9999 -0.0071
vn -0.0129 0.9998 -0.0129
vn 0.0053 0.9999 -0.0088
vn -0.0487 0.9987 -0.0164
vn -0.0510 0.9964 -0.0673
vn -0.1064 0.9851 -0.1354
vn -0.1868 0.9772 -0.1005
vn 0.0616 0.9937 0.0941
vn 0.1627 0.9581 0.2357
vn 0.0880 0.9792 0.1828
vn 0.0674 0.9954 0.0684
vn 0.0200 0.9998 0.0094
vn 0.0388 0.9992 0.0047
vn 0.0866 0.9962 -0.0035
vn 0.1137 0.9932 0.0249
vn 0.2399 0.9672 0.0838
vn 0.2573 0.9619 0.0929
vn 0.1088 0.9912 0.0757
vn 0.0570 0.9962 0.0652
vn 0.0487 0.9978 0.0440
vn 0.0522 0.9978 0.0416
vn 0.0358 0.9978 0.0558
vn 0.0205 0.9979 0.0616
vn 0.0094 0.9984 0.0552
vn 0.0012 0.9993 0.0364
vn -0.0000 0.9999 0.0165
vn -0.0059 0.9999 0.0106
vn 0.0065 0.9999 0.0135
vn 0.0047 1.0000 0.0082
vn -0.2580 0.9659 -0.0189
vn -0.3045 0.9275 0.2168
vn 0.1978 0.9621 0.1875
vn 0.0501 0.9751 0.2159
vn 0.0524 0.9628 0.2652
vn 0.0739 0.9524 0.2958
vn -0.1342 0.9590 0.2497
vn -0.2428 0.9572 0.1573
vn -0.0030 0.9886 0.1503
vn 0.0729 0.9936 0.0857
vn -0.0878 0.9961 -0.0048
vn -0.0301 0.9975 0.0632
vn -0.0337 0.9752 0.2187
vn -0.1312 0.9604 0.2457
vn -0.0526 0.9905 0.1270
vn 0.1705 0.9854 0.0030
vn 0.2321 0.9723 -0.0281
vn 0.1705 0.9851 -0.0240
vn 0.1374 0.9905 -0.0070
vn 0.1059 0.9944 0.0029
vn 0.1001 0.9950 0.0076
vn 0.0890 0.9959 0.0152
vn 0.0861 0.9960 0.0252
vn 0.0580 0.9978 0.0310
vn 0.0212 0.9995 0.0235
vn -0.0135 0.9999 0.0088
vn -0.0353 0.9990 -0.0258
vn 0.0023 0.9994 -0.0341
vn 0.0329 0.9995 0.0035
vn 0.0329 0.9988 0.0376
vn 0.0329 0.9988 0.0352
vn 0.0135 0.9998 0.0123
vn -0.0006 1.0000 -0.0029
vn -0.0112 0.9999 -0.0088
vn -0.0221 0.9997 -0.0057
vn -0.0029 0.9996 -0.0296
vn -0.0827 0.9962 -0.0276
vn -0.1825 0.9782 -0.0995
vn -0.1054 0.9858 -0.1310
vn 0.0234 0.9987 0.0443
vn 0.1801 0.9724 0.1486
vn 0.1686 0.9824 0.0809
vn 0.0410 0.9990 0.0164
vn 0.0417 0.9991 -0.0029
vn 0.0832 0.9965 0.0059
vn 0.0720 0.9971 0.0228
vn 0.2032 0.9783 0.0411
vn 0.2570 0.9635 0.0749
vn 0.1197 0.9892 0.0847
vn 0.0782 0.9949 0.0638
vn 0.0633 0.9968 0.0493
vn 0.0440 0.9980 0.0452
vn 0.0306 0.9985 0.0446
vn 0.0241 0.9989 0.0405
vn 0.0165 0.9992 0.0364
vn 0.0188 0.9994 0.0306
vn 0.0082 0.9997 0.0247
vn -0.0024 0.9998 0.0188
vn 0.0100 0.9999 0.0088
vn -0.0023 0.9998 0.0176
vn 0.0065 0.9995 0.0298
vn -0.2890 0.9537 0.0827
vn -0.3280 0.9414 -0.0788
vn 0.0794 0.9961 0.0397
vn -0.0251 0.9772 0.2110
vn 0.0453 0.9698 0.2398
vn 0.0173 0.9633 0.2680
vn -0.0018 0.9740 0.2266
vn -0.1518 0.9820 0.1125
vn -0.0640 0.9941 0.0877
vn 0.1933 0.9757 0.1030
vn -0.0106 0.9998 0.0146
vn -0.1729 0.9849 0.0098
vn -0.1574 0.9836 0.0880
vn -0.0804 0.9905 0.1112
vn 0.0755 0.9925 0.0964
vn 0.2418 0.9701 0.0197
vn 0.2543 0.9656 -0.0534
vn 0.1393 0.9888 -0.0544
vn 0.1075 0.9941 -0.0125
vn 0.1006 0.9948 0.0129
vn 0.0943 0.9954 0.0193
vn 0.0850 0.9961 0.0216
vn 0.0774 0.9967 0.0245
vn 0.0587 0.9979 0.0270
vn 0.0311 0.9992 0.0264
vn 0.0235 0.9994 0.0235
vn 0.0135 0.9999 0.0088
vn -0.0053 0.9999 -0.0135
vn -0.0088 0.9997 -0.0241
vn 0.0047 0.9997 -0.0223
vn 0.0188 0.9997 -0.0141
vn 0.0399 0.9992 -0.0047
vn 0.0294 0.9996 -0.0047
vn -0.0006 1.0000 -0.0053
vn -0.0065 1.0000 -0.0041
vn -0.0212 0.9998 -0.0047
vn -0.0147 0.9999 0.0053
vn 0.0053 0.9999 0.0135
vn -0.0538 0.9982 -0.0259
vn -0.0630 0.9924 -0.1053
vn -0.1054 0.9769 -0.1861
vn -0.1528 0.9719 -0.1791
vn 0.0623 0.9979 0.0178
vn 0.2024 0.9633 0.1763
vn 0.1270 0.9846 0.1204
vn 0.0719 0.9971 0.0249
vn 0.0434 0.9987 0.0258
vn 0.0695 0.9963 0.0509
vn 0.1692 0.9829 0.0727
vn 0.2171 0.9684 0.1230
vn 0.1649 0.9797 0.1139
vn 0.0880 0.9929 0.0796
vn 0.0589 0.9943 0.0885
vn 0.0452 0.9944 0.0954
vn 0.0404 0.9956 0.0848
vn 0.0433 0.9973 0.0597
vn 0.0294 0.9991 0.0317
vn 0.0265 0.9995 0.0170
vn -0.0176 0.9992 0.0363
vn 0.0247 0.9986 0.0467
vn 0.0068 0.9999 0.0140
vn -0.0035 1.0000 0.0024
vn -0.3563 0.9328 0.0544
vn -0.4090 0.8984 -0.1602
vn -0.1496 0.9862 -0.0705
vn -0.0821 0.9957 0.0439
vn 0.0308 0.9955 0.0896
vn -0.0046 0.9954 0.0958
vn 0.0969 0.9941 0.0485
vn -0.0214 0.9983 -0.0546
vn -0.1406 0.9855 -0.0949
vn 0.1164 0.9922 0.0442
vn 0.0741 0.9909 0.1127
vn -0.1501 0.9885 0.0182
vn -0.1443 0.9840 -0.1042
vn -0.0995 0.9854 -0.1380
vn 0.0233 0.9990 -0.0373
vn 0.2847 0.9577 0.0428
vn 0.2817 0.9590 0.0318
vn 0.1139 0.9931 0.0286
vn 0.0971 0.9950 0.0223
vn 0.0989 0.9951 0.0088
vn 0.0989 0.9951 -0.0006
vn 0.0937 0.9955 -0.0164
vn 0.0727 0.9971 -0.0235
vn 0.0505 0.9986 -0.0129
vn 0.0276 0.9996 -0.0006
vn 0.0241 0.9997 0.0053
vn 0.0253 0.9997 0.0076
vn 0.0112 0.9999 0.0018
vn -0.0000 0.9999 -0.0129
vn 0.0065 0.9997 -0.0253
vn 0.0159 0.9994 -0.0323
vn 0.0229 0.9995 -0.0217
vn 0.0194 0.9998 0.0053
vn -0.0018 0.9999 0.0170
vn -0.0212 0.9997 0.0106
vn -0.0212 0.9998 0.0071
vn 0.0018 1.0000 0.0088
vn -0.0088 0.9999 0.0065
vn -0.0100 0.9999 -0.0123
vn -0.0250 0.9975 -0.0655
vn -0.1592 0.9768 -0.1430
vn -0.1728 0.9812 -0.0863
vn 0.1292 0.9905 0.0461
vn 0.2420 0.9682 0.0638
vn 0.0990 0.9948 0.0235
vn 0.0176 0.9996 0.0212
vn 0.0569 0.9978 0.0340
vn 0.1171 0.9900 0.0787
vn 0.1582 0.9777 0.1378
vn 0.1830 0.9656 0.1848
vn 0.1165 0.9785 0.1704
vn 0.0651 0.9896 0.1283
vn 0.0383 0.9918 0.1220
vn 0.0491 0.9903 0.1303
vn 0.0699 0.9904 0.1196
vn 0.0611 0.9942 0.0889
vn 0.0392 0.9975 0.0591
vn 0.0176 0.9991 0.0387
vn -0.0240 0.9996 0.0147
vn 0.0334 0.9994 0.0012
vn 0.0471 0.9988 -0.0159
vn -0.0153 0.9993 -0.0328
vn -0.3914 0.9193 -0.0409
vn -0.4262 0.9044 -0.0212
vn -0.1762 0.9801 -0.0916
vn -0.1101 0.9819 -0.1538
vn -0.0304 0.9933 -0.1117
vn -0.0011 0.9982 -0.0601
vn 0.1325 0.9899 -0.0513
vn 0.0763 0.9934 -0.0855
vn -0.1271 0.9790 -0.1594
vn -0.1294 0.9902 -0.0530
vn 0.0550 0.9901 0.1288
vn 0.0343 0.9960 0.0822
vn -0.0440 0.9961 -0.0769
vn -0.1156 0.9847 -0.1300
vn -0.1030 0.9907 -0.0890
vn 0.2615 0.9645 -0.0363
vn 0.3019 0.9522 -0.0477
vn 0.0901 0.9947 -0.0492
vn 0.1023 0.9945 -0.0240
vn 0.1012 0.9947 -0.0181
vn 0.1001 0.9949 -0.0123
vn 0.0931 0.9957 0.0030
vn 0.0663 0.9977 0.0170
vn 0.0482 0.9987 0.0152
vn 0.0270 0.9996 0.0059
vn 0.0235 0.9997 0.0012
vn 0.0229 0.9997 0.0018
vn 0.0176 0.9998 0.0035
vn 0.0088 1.0000 0.0029
vn 0.0129 0.9999 -0.0000
vn 0.0182 0.9998 -0.0018
vn 0.0059 1.0000 0.0024
vn -0.0018 0.9999 0.0135
vn -0.0006 0.9998 0.0217
vn -0.0000 0.9998 0.0212
vn -0.0171 0.9997 0.0171
vn -0.0194 0.9997 0.0147
vn -0.0082 0.9997 0.0212
vn 0.0018 0.9997 0.0229
vn 0.0047 0.9999 0.0165
vn 0.0094 0.9997 0.0212
vn -0.0657 0.9974 -0.0297
vn -0.1962 0.9691 -0.1494
vn 0.0314 0.9836 -0.1777
vn 0.2126 0.9756 -0.0547
vn 0.0800 0.9964 0.0277
vn 0.0264 0.9988 0.0406
vn 0.0316 0.9985 0.0446
vn 0.0840 0.9948 0.0582
vn 0.1125 0.9905 0.0788
vn 0.1130 0.9827 0.1465
vn 0.1290 0.9670 0.2198
vn 0.0729 0.9684 0.2386
vn 0.0144 0.9662 0.2576
vn 0.0475 0.9609 0.2727
vn 0.0942 0.9616 0.2577
vn 0.1086 0.9704 0.2158
vn 0.0842 0.9846 0.1535
vn 0.0621 0.9944 0.0854
vn 0.0282 0.9995 0.0130
vn 0.0265 0.9995 -0.0179
vn 0.0392 0.9991 0.0149
vn -0.0035 0.9996 0.0282
vn -0.3811 0.9245 0.0080
vn -0.3782 0.9223 0.0801
vn -0.0698 0.9974 0.0181
vn -0.1109 0.9932 -0.0362
vn -0.0921 0.9955 -0.0208
vn 0.0293 0.9987 -0.0421
vn 0.1634 0.9803 -0.1107
vn 0.1273 0.9787 -0.1608
vn -0.0607 0.9787 -0.1964
vn -0.2547 0.9432 -0.2133
vn -0.0405 0.9842 -0.1725
vn 0.1304 0.9840 -0.1217
vn 0.0019 0.9946 -0.1036
vn -0.1173 0.9888 -0.0923
vn -0.1197 0.9859 -0.1167
vn 0.2331 0.9652 -0.1186
vn 0.2747 0.9604 -0.0474
vn 0.0786 0.9967 -0.0199
vn 0.0937 0.9953 -0.0246
vn 0.0925 0.9956 -0.0129
vn 0.0826 0.9965 0.0076
vn 0.0733 0.9969 0.0299
vn 0.0692 0.9971 0.0328
vn 0.0581 0.9981 0.0217
vn 0.0347 0.9993 0.0135
vn 0.0294 0.9996 0.0047
vn 0.0147 0.9999 0.0065
vn 0.0159 0.9998 0.0147
vn 0.0147 0.9998 0.0112
vn 0.0165 0.9999 0.0047
vn 0.0135 0.9999 0.0076
vn 0.0029 0.9999 0.0112
vn -0.0059 1.0000 0.0071
vn -0.0024 1.0000 0.0047
vn -0.0000 1.0000 0.0071
vn -0.0124 0.9999 0.0065
vn -0.0165 0.9999 0.0012
vn 0.0071 0.9999 -0.0082
vn 0.0035 1.0000 -0.0059
vn -0.0100 0.9999 0.0100
vn -0.0118 0.9996 0.0259
vn -0.0767 0.9966 -0.0292
vn -0.0314 0.9963 -0.0794
vn 0.0928 0.9957 -0.0078
vn 0.0673 0.9966 0.0475
vn 0.0112 0.9980 0.0628
vn 0.0176 0.9960 0.0878
vn 0.0885 0.9926 0.0828
vn 0.0886 0.9927 0.0815
vn 0.0467 0.9936 0.1026
vn 0.0692 0.9851 0.1576
vn 0.0506 0.9756 0.2137
vn 0.0042 0.9750 0.2220
vn 0.0365 0.9738 0.2244
vn 0.0908 0.9622 0.2568
vn 0.1165 0.9482 0.2956
vn 0.1591 0.9495 0.2704
vn 0.1478 0.9732 0.1764
vn 0.0732 0.9904 0.1171
vn 0.0216 0.9939 0.1078
vn 0.0240 0.9952 0.0953
vn 0.0222 0.9972 0.0715
vn -0.3726 0.9264 0.0548
vn -0.3296 0.9440 0.0156
vn -0.1115 0.9936 -0.0168
vn -0.0520 0.9962 -0.0692
vn 0.0787 0.9876 -0.1358
vn 0.1498 0.9828 -0.1078
vn 0.1153 0.9929 -0.0294
vn -0.0642 0.9976 0.0241
vn -0.2255 0.9742 0.0116
vn -0.0652 0.9958 -0.0639
vn 0.0708 0.9964 -0.0466
vn -0.0075 1.0000 0.0063
vn -0.0890 0.9957 -0.0266
vn -0.0541 0.9933 -0.1025
vn 0.2000 0.9736 -0.1103
vn 0.2183 0.9750 -0.0425
vn 0.0890 0.9960 -0.0058
vn 0.0815 0.9967 0.0006
vn 0.0745 0.9970 0.0194
vn 0.0715 0.9970 0.0281
vn 0.0675 0.9975 0.0229
vn 0.0803 0.9967 0.0147
vn 0.0616 0.9980 0.0112
vn 0.0447 0.9990 0.0059
vn 0.0288 0.9996 0.0053
vn 0.0041 0.9999 0.0147
vn 0.0212 0.9997 0.0118
vn 0.0212 0.9998 0.0035
vn 0.0135 0.9999 0.0065
vn 0.0082 0.9999 0.0118
vn 0.0024 0.9999 0.0141
vn -0.0012 0.9999 0.0141
vn 0.0152 0.9999 -0.0058
vn 0.0315 0.9979 -0.0569
vn -0.0252 0.9969 -0.0749
vn -0.0431 0.9986 -0.0301
vn -0.0029 1.0000 -0.0065
vn 0.0235 0.9993 -0.0282
vn 0.0269 0.9972 -0.0701
vn 0.0010 0.9929 -0.1187
vn -0.0215 0.9908 -0.1336
vn -0.0600 0.9943 -0.0879
vn -0.0726 0.9972 -0.0164
vn 0.0116 0.9993 0.0353
vn 0.0674 0.9958 0.0615
vn -0.0145 0.9973 0.0722
vn -0.0156 0.9943 0.1050
vn 0.0977 0.9864 0.1324
vn 0.0921 0.9885 0.1201
vn 0.0280 0.9930 0.1144
vn 0.0351 0.9932 0.1110
vn 0.0591 0.9952 0.0778
vn 0.0328 0.9990 0.0294
vn 0.0205 0.9997 0.0135
vn 0.0348 0.9976 0.0599
vn 0.0518 0.9883 0.1433
vn 0.1709 0.9626 0.2102
vn 0.2092 0.9494 0.2344
vn 0.0893 0.9716 0.2192
vn 0.0281 0.9782 0.2060
vn 0.0479 0.9810 0.1883
vn 0.0565 0.9865 0.1535
vn -0.3507 0.9304 0.1065
vn -0.2903 0.9551 -0.0597
vn 0.0084 0.9946 -0.1032
vn -0.0484 0.9830 -0.1769
vn -0.0217 0.9766 -0.2141
vn 0.0171 0.9938 -0.1102
vn 0.0545 0.9985 0.0095
vn 0.0572 0.9947 0.0855
vn -0.1016 0.9864 0.1289
vn -0.1847 0.9725 0.1416
vn -0.0216 0.9909 0.1330
vn 0.0832 0.9948 0.0584
vn 0.0419 0.9975 -0.0578
vn -0.0323 0.9908 -0.1313
vn 0.0004 0.9862 -0.1654
vn 0.1455 0.9775 -0.1529
vn 0.1616 0.9808 -0.1089
vn 0.0789 0.9937 -0.0799
vn 0.0545 0.9973 -0.0498
vn 0.0545 0.9983 -0.0217
vn 0.0803 0.9966 -0.0193
vn 0.0780 0.9964 -0.0333
vn 0.0780 0.9964 -0.0334
vn 0.0575 0.9981 -0.0235
vn 0.0441 0.9989 -0.0135
vn 0.0123 0.9999 0.0041
vn 0.0276 0.9996 0.0088
vn 0.0176 0.9997 0.0141
vn 0.0094 0.9998 0.0188
vn 0.0065 0.9998 0.0194
vn 0.0041 0.9998 0.0171
vn 0.0006 0.9999 0.0135
vn 0.0617 0.9980 -0.0151
vn 0.1015 0.9916 -0.0806
vn -0.0590 0.9935 -0.0969
vn -0.1054 0.9935 -0.0436
vn 0.0358 0.9993 0.0065
vn 0.0681 0.9977 -0.0047
vn 0.0387 0.9988 -0.0315
vn -0.0286 0.9987 -0.0433
vn -0.0920 0.9943 -0.0541
vn -0.1095 0.9923 -0.0580
vn -0.0301 0.9991 -0.0299
vn 0.0528 0.9986 -0.0001
vn -0.0153 0.9999 0.0047
vn -0.0546 0.9984 0.0110
vn 0.0906 0.9955 0.0273
vn 0.0898 0.9948 0.0488
vn 0.0065 0.9968 0.0791
vn 0.0597 0.9950 0.0795
vn 0.1075 0.9934 0.0398
vn 0.0708 0.9975 0.0017
vn 0.0159 0.9997 -0.0159
vn -0.0047 0.9998 -0.0188
vn -0.0018 0.9999 -0.0124
vn 0.0915 0.9943 0.0550
vn 0.1519 0.9710 0.1848
vn 0.0789 0.9584 0.2745
vn 0.0231 0.9532 0.3015
vn 0.0480 0.9465 0.3191
vn 0.0740 0.9422 0.3267
vn -0.2866 0.9234 0.2555
vn -0.2751 0.9614 0.0060
vn 0.0724 0.9944 -0.0774
vn 0.0080 0.9930 -0.1182
vn -0.1790 0.9837 0.0194
vn -0.1201 0.9642 0.2366
vn 0.0192 0.9593 0.2817
vn 0.0676 0.9710 0.2292
vn -0.0611 0.9889 0.1352
vn -0.1806 0.9811 0.0691
vn -0.0385 0.9949 0.0930
vn 0.1977 0.9784 0.0600
vn 0.1449 0.9872 -0.0661
vn -0.0093 0.9918 -0.1273
vn 0.0346 0.9885 -0.1473
vn 0.0860 0.9879 -0.1288
vn 0.0810 0.9963 -0.0273
vn 0.0822 0.9964 0.0222
vn 0.0884 0.9950 -0.0462
vn 0.0462 0.9939 -0.0999
vn 0.0794 0.9925 -0.0933
vn 0.0778 0.9938 -0.0790
vn 0.0632 0.9959 -0.0644
vn 0.0399 0.9983 -0.0422
vn 0.0170 0.9998 -0.0076
vn -0.0024 0.9999 0.0165
vn 0.0123 0.9998 0.0147
vn 0.0241 0.9996 0.0123
vn 0.0082 0.9998 0.0200
vn 0.0112 0.9997 0.0229
vn 0.0065 0.9998 0.0206
vn 0.0059 0.9999 0.0118
vn 0.0928 0.9957 0.0035
vn 0.1385 0.9904 -0.0006
vn -0.0796 0.9968 -0.0000
vn -0.1344 0.9909 -0.0030
vn 0.0052 0.9997 -0.0229
vn 0.0235 0.9993 -0.0293
vn 0.0706 0.9975 -0.0088
vn 0.0179 0.9991 0.0375
vn -0.0578 0.9932 0.1006
vn -0.0119 0.9982 0.0591
vn -0.0429 0.9956 -0.0829
vn -0.0367 0.9849 -0.1689
vn 0.0292 0.9852 -0.1691
vn -0.0444 0.9914 -0.1232
vn -0.0930 0.9938 -0.0615
vn 0.0653 0.9978 -0.0129
vn 0.0530 0.9981 0.0308
vn -0.0134 0.9983 0.0569
vn 0.0836 0.9951 0.0522
vn 0.1294 0.9906 0.0455
vn 0.0955 0.9948 0.0359
vn 0.0270 0.9995 0.0176
vn -0.0024 1.0000 0.0071
vn -0.0211 0.9996 0.0176
vn -0.0105 0.9973 0.0724
vn 0.0585 0.9887 0.1382
vn 0.0563 0.9850 0.1631
vn 0.0067 0.9852 0.1711
vn 0.0163 0.9807 0.1947
vn 0.0460 0.9709 0.2350
vn -0.2295 0.9442 0.2363
vn -0.2267 0.9740 0.0014
vn 0.0943 0.9954 0.0183
vn -0.0735 0.9897 0.1229
vn -0.3078 0.9302 0.2000
vn -0.1319 0.9809 0.1433
vn 0.0171 0.9926 0.1202
vn 0.0946 0.9844 0.1480
vn 0.0095 0.9871 0.1596
vn -0.1353 0.9853 0.1046
vn -0.0127 0.9999 0.0084
vn 0.2575 0.9649 -0.0510
vn 0.1784 0.9830 -0.0430
vn 0.0097 0.9991 -0.0418
vn 0.0713 0.9946 -0.0760
vn 0.0370 0.9960 -0.0813
vn 0.0056 0.9983 -0.0579
vn 0.0904 0.9950 -0.0429
vn 0.1486 0.9875 -0.0522
vn 0.0644 0.9949 -0.0772
vn 0.0609 0.9947 -0.0829
vn 0.0533 0.9971 -0.0543
vn 0.0452 0.9986 -0.0264
vn 0.0117 0.9999 -0.0023
vn -0.0059 0.9999 0.0141
vn 0.0088 1.0000 0.0018
vn 0.0212 0.9996 -0.0164
vn 0.0182 0.9997 -0.0171
vn 0.0029 0.9999 -0.0135
vn 0.0106 0.9999 -0.0106
vn 0.0047 1.0000 -0.0059
vn 0.0053 1.0000 0.0018
vn 0.0124 0.9999 0.0053
vn 0.0889 0.9960 0.0110
vn 0.1380 0.9902 0.0204
vn -0.0686 0.9976 0.0095
vn -0.1380 0.9904 0.0048
vn 0.0181 0.9997 0.0159
vn 0.0557 0.9982 -0.0232
vn 0.0842 0.9924 -0.0893
vn -0.0405 0.9950 -0.0909
vn -0.0906 0.9941 -0.0595
vn 0.0353 0.9989 -0.0301
vn 0.0225 0.9997 -0.0009
vn 0.0083 0.9997 -0.0232
vn 0.0123 0.9987 -0.0502
vn -0.0703 0.9960 -0.0548
vn -0.1327 0.9898 -0.0514
vn 0.0064 1.0000 -0.0017
vn 0.0326 0.9988 0.0353
vn -0.0052 0.9998 0.0217
vn 0.0668 0.9971 0.0351
vn 0.1065 0.9910 0.0809
vn 0.1006 0.9891 0.1077
vn 0.0361 0.9931 0.1115
vn 0.0140 0.9952 0.0966
vn -0.0107 0.9982 0.0598
vn -0.0651 0.9967 0.0485
vn 0.0142 0.9967 0.0800
vn 0.0627 0.9940 0.0895
vn 0.0211 0.9981 0.0582
vn 0.0135 0.9997 0.0205
vn 0.0076 0.9998 0.0182
vn -0.2102 0.9770 0.0345
vn -0.2540 0.9424 -0.2179
vn -0.0432 0.9948 -0.0925
vn -0.1676 0.9858 0.0104
vn -0.2451 0.9678 -0.0568
vn -0.0859 0.9879 -0.1295
vn -0.0320 0.9931 -0.1128
vn 0.0476 0.9980 -0.0427
vn 0.0510 0.9983 -0.0289
vn -0.0318 0.9937 -0.1070
vn 0.0801 0.9738 -0.2130
vn 0.2487 0.9411 -0.2291
vn 0.1272 0.9767 -0.1728
vn 0.0250 0.9912 -0.1300
vn 0.0791 0.9891 -0.1242
vn 0.0134 0.9944 -0.1047
vn 0.0153 0.9934 -0.1141
vn 0.0778 0.9901 -0.1168
vn 0.1120 0.9921 -0.0568
vn 0.0820 0.9965 -0.0129
vn 0.0452 0.9989 -0.0088
vn 0.0329 0.9995 -0.0012
vn 0.0359 0.9994 0.0006
vn 0.0006 1.0000 0.0041
vn 0.0353 0.9992 -0.0165
vn 0.0188 0.9996 -0.0223
vn 0.0123 0.9998 -0.0135
vn 0.0041 0.9999 -0.0123
vn 0.0018 1.0000 -0.0076
vn -0.0047 1.0000 0.0059
vn -0.0076 0.9998 0.0206
vn 0.0106 0.9994 0.0317
vn 0.0772 0.9962 0.0399
vn 0.1420 0.9891 0.0383
vn -0.0067 0.9998 -0.0171
vn -0.1329 0.9878 -0.0806
vn -0.0134 0.9978 -0.0655
vn 0.1111 0.9925 -0.0517
vn 0.0911 0.9946 -0.0495
vn -0.0512 0.9977 -0.0448
vn -0.0718 0.9937 -0.0861
vn -0.0460 0.9974 -0.0561
vn -0.0341 0.9981 0.0516
vn 0.0215 0.9929 0.1170
vn 0.0222 0.9924 0.1214
vn -0.0204 0.9977 0.0651
vn -0.0844 0.9957 -0.0388
vn -0.0360 0.9949 -0.0945
vn 0.0177 0.9971 -0.0734
vn -0.0076 0.9991 -0.0428
vn -0.0041 0.9998 0.0170
vn 0.0624 0.9943 0.0859
vn 0.0960 0.9896 0.1075
vn 0.0351 0.9934 0.1094
vn 0.0304 0.9935 0.1094
vn 0.0333 0.9956 0.0872
vn -0.0439 0.9985 0.0334
vn -0.0200 0.9997 0.0151
vn 0.0368 0.9972 0.0656
vn 0.0391 0.9936 0.1057
vn 0.0338 0.9939 0.1048
vn 0.0181 0.9969 0.0763
vn -0.1449 0.9892 -0.0199
vn -0.2732 0.9247 -0.2650
vn -0.1576 0.9450 -0.2866
vn -0.1419 0.9471 -0.2879
vn -0.2181 0.9386 -0.2673
vn -0.1081 0.9733 -0.2023
vn -0.0728 0.9853 -0.1546
vn 0.0072 0.9901 -0.1405
vn 0.1159 0.9771 -0.1784
vn 0.0370 0.9771 -0.2094
vn 0.0895 0.9786 -0.1851
vn 0.2112 0.9693 -0.1258
vn 0.1093 0.9857 -0.1285
vn 0.0222 0.9895 -0.1431
vn 0.0444 0.9922 -0.1164
vn 0.0035 0.9957 -0.0925
vn 0.0147 0.9973 -0.0721
vn 0.0458 0.9984 -0.0341
vn 0.0622 0.9980 -0.0118
vn 0.0786 0.9969 -0.0023
vn 0.0241 0.9996 0.0171
vn 0.0400 0.9990 0.0200
vn 0.0041 1.0000 -0.0029
vn 0.0158 0.9995 -0.0287
vn 0.0112 0.9998 0.0171
vn 0.0035 0.9998 0.0176
vn -0.0147 0.9997 0.0218
vn -0.0212 0.9993 0.0306
vn -0.0012 0.9990 0.0446
vn 0.0601 0.9961 0.0650
vn 0.1362 0.9868 0.0878
vn 0.0618 0.9950 0.0784
vn -0.0753 0.9970 0.0153
vn -0.0215 0.9985 -0.0508
vn 0.0843 0.9960 -0.0283
vn 0.0250 0.9977 0.0625
vn -0.0235 0.9951 0.0959
vn -0.0362 0.9968 0.0713
vn -0.0994 0.9932 0.0609
vn -0.0725 0.9963 0.0457
vn 0.0082 0.9995 0.0317
vn 0.0382 0.9990 0.0252
vn 0.0218 0.9995 0.0241
vn -0.0058 1.0000 0.0072
vn -0.0116 0.9991 -0.0405
vn 0.0035 0.9974 -0.0723
vn -0.0329 0.9974 -0.0645
vn -0.0692 0.9970 -0.0340
vn 0.0115 0.9999 0.0127
vn 0.0785 0.9951 0.0598
vn 0.0439 0.9968 0.0673
vn 0.0334 0.9979 0.0557
vn 0.0381 0.9968 0.0707
vn 0.0095 0.9977 0.0668
vn -0.0059 0.9998 0.0176
vn -0.0047 1.0000 -0.0059
vn 0.0134 0.9997 0.0215
vn 0.0311 0.9982 0.0503
vn 0.0404 0.9974 0.0599
vn -0.0256 0.9996 0.0119
vn -0.1929 0.9809 -0.0235
vn -0.1628 0.9809 -0.1065
vn -0.1696 0.9806 -0.0983
vn -0.2370 0.9680 -0.0822
vn -0.1250 0.9830 -0.1346
vn -0.0938 0.9849 -0.1458
vn 0.0044 0.9908 -0.1350
vn 0.1548 0.9790 -0.1325
vn 0.0516 0.9886 -0.1415
vn 0.0485 0.9888 -0.1412
vn 0.1552 0.9827 -0.1008
vn 0.1140 0.9921 -0.0520
vn 0.0235 0.9988 -0.0435
vn 0.0241 0.9983 -0.0523
vn 0.0076 0.9981 -0.0604
vn -0.0029 0.9977 -0.0675
vn 0.0176 0.9981 -0.0599
vn 0.0487 0.9980 -0.0405
vn 0.0663 0.9975 -0.0241
vn 0.0246 0.9997 -0.0094
vn 0.0153 0.9999 -0.0000
vn 0.0423 0.9991 0.0035
vn 0.0394 0.9992 -0.0112
vn 0.0229 0.9994 -0.0276
vn -0.0159 0.9999 -0.0053
vn -0.0041 0.9998 0.0206
vn 0.0141 0.9997 0.0223
vn 0.0012 0.9998 0.0212
vn 0.0257 0.9996 -0.0081
vn 0.0317 0.9958 -0.0854
vn -0.0034 0.9879 -0.1548
vn -0.0285 0.9872 -0.1568
vn 0.0313 0.9919 -0.1232
vn 0.1057 0.9905 -0.0875
vn 0.0543 0.9977 -0.0403
vn -0.0201 0.9995 -0.0228
vn -0.0304 0.9995 -0.0044
vn -0.0207 0.9959 0.0876
vn -0.0274 0.9879 0.1529
vn -0.0058 0.9880 0.1544
vn -0.0063 0.9914 0.1307
vn -0.0566 0.9959 0.0704
vn -0.0469 0.9987 0.0175
vn 0.0147 0.9999 -0.0006
vn 0.0323 0.9995 0.0053
vn -0.0000 0.9988 0.0482
vn 0.0053 0.9973 0.0733
vn 0.0269 0.9976 0.0643
vn -0.0439 0.9962 -0.0755
vn -0.0369 0.9944 -0.0987
vn 0.0015 0.9998 -0.0198
vn 0.0551 0.9977 0.0386
vn 0.0352 0.9987 0.0376
vn 0.0153 0.9989 0.0435
vn 0.0393 0.9984 0.0405
vn 0.0487 0.9988 0.0054
vn 0.0188 0.9986 -0.0493
vn 0.0005 0.9962 -0.0870
vn 0.0205 0.9955 -0.0930
vn 0.0117 0.9979 -0.0634
vn -0.0082 1.0000 -0.0035
vn -0.1433 0.9839 0.1066
vn -0.1179 0.9883 0.0972
vn -0.1937 0.9791 0.0616
vn -0.1800 0.9837 0.0060
vn -0.0606 0.9955 -0.0728
vn -0.1362 0.9873 -0.0818
vn 0.0115 0.9982 -0.0596
vn 0.1994 0.9729 -0.1169
vn 0.0798 0.9798 -0.1832
vn 0.0420 0.9794 -0.1975
vn 0.0738 0.9851 -0.1550
vn 0.0732 0.9934 -0.0883
vn 0.0200 0.9983 -0.0540
vn 0.0153 0.9993 -0.0329
vn 0.0211 0.9993 -0.0294
vn 0.0123 0.9986 -0.0511
vn -0.0000 0.9984 -0.0564
vn 0.0282 0.9989 -0.0376
vn 0.0552 0.9982 -0.0223
vn 0.0241 0.9994 -0.0253
vn 0.0118 0.9995 -0.0306
vn 0.0306 0.9994 -0.0188
vn 0.0552 0.9984 -0.0082
vn -0.0370 0.9992 -0.0123
vn -0.0106 0.9999 -0.0106
vn 0.0076 1.0000 0.0006
vn -0.0018 0.9999 0.0112
vn 0.0490 0.9986 0.0200
vn 0.0919 0.9957 0.0153
vn 0.0655 0.9972 -0.0357
vn -0.0084 0.9933 -0.1148
vn 0.0193 0.9862 -0.1643
vn 0.0666 0.9865 -0.1498
vn -0.0023 0.9941 -0.1084
vn -0.0302 0.9977 -0.0613
vn -0.1057 0.9944 0.0053
vn -0.1081 0.9910 0.0790
vn -0.0169 0.9958 0.0904
vn 0.0077 0.9979 0.0649
vn 0.0212 0.9986 0.0481
vn 0.0029 0.9998 0.0218
vn -0.0200 0.9997 -0.0118
vn -0.0000 1.0000 -0.0059
vn 0.0100 0.9996 0.0253
vn 0.0006 0.9993 0.0370
vn -0.0170 0.9991 0.0394
vn -0.0159 0.9985 0.0521
vn 0.0468 0.9970 0.0618
vn 0.0265 0.9974 0.0673
vn -0.0197 0.9958 0.0892
vn -0.0031 0.9986 0.0528
vn -0.0205 0.9991 -0.0371
vn 0.0155 0.9993 -0.0339
vn 0.0199 0.9996 0.0224
vn 0.0135 0.9993 0.0335
vn 0.0692 0.9976 0.0083
vn 0.0919 0.9953 -0.0299
vn 0.0585 0.9966 -0.0585
vn 0.0129 0.9973 -0.0724
vn 0.0105 0.9976 -0.0690
vn -0.0152 0.9980 -0.0621
vn -0.0668 0.9971 -0.0364
vn -0.1582 0.9781 0.1354
vn -0.0637 0.9919 0.1100
vn -0.1439 0.9888 0.0389
vn -0.1149 0.9930 -0.0262
vn -0.0323 0.9986 -0.0429
vn -0.1287 0.9896 -0.0642
vn 0.0347 0.9926 -0.1160
vn 0.2063 0.9742 -0.0917
vn 0.0872 0.9953 -0.0413
vn 0.0439 0.9986 -0.0311
vn 0.0200 0.9996 -0.0224
vn 0.0364 0.9993 -0.0000
vn 0.0071 0.9999 0.0152
vn 0.0024 0.9998 0.0200
vn 0.0423 0.9991 0.0082
vn 0.0329 0.9994 -0.0118
vn 0.0018 0.9996 -0.0288
vn 0.0170 0.9991 -0.0382
vn 0.0475 0.9983 -0.0346
vn 0.0223 0.9995 -0.0223
vn 0.0035 1.0000 -0.0070
vn 0.0235 0.9997 -0.0035
vn 0.0574 0.9983 -0.0094
vn 0.0257 0.9996 -0.0118
vn -0.0300 0.9994 -0.0170
vn -0.0153 0.9997 -0.0212
vn -0.0059 0.9999 -0.0141
vn -0.0047 1.0000 -0.0082
vn 0.0127 0.9997 0.0220
vn 0.0487 0.9936 0.1018
vn 0.0912 0.9815 0.1683
vn 0.0735 0.9871 0.1425
vn 0.0595 0.9962 0.0637
vn 0.0410 0.9984 0.0386
vn -0.0616 0.9947 0.0817
vn -0.0779 0.9867 0.1425
vn -0.1095 0.9860 0.1261
vn -0.0895 0.9953 0.0380
vn 0.0047 0.9999 -0.0129
vn 0.0182 0.9996 -0.0194
vn 0.0153 0.9999 -0.0071
vn 0.0223 0.9997 0.0059
vn -0.0006 1.0000 0.0006
vn -0.0176 0.9998 -0.0071
vn -0.0082 1.0000 -0.0024
vn -0.0100 0.9998 0.0147
vn -0.0094 0.9998 0.0153
vn 0.0276 0.9996 0.0112
vn 0.0272 0.9993 0.0249
vn -0.0472 0.9986 0.0245
vn 0.0522 0.9982 0.0285
vn 0.0741 0.9968 -0.0293
vn -0.0206 0.9958 -0.0894
vn -0.0326 0.9979 -0.0567
vn -0.0023 1.0000 0.0001
vn 0.0651 0.9969 0.0450
vn 0.1122 0.9915 0.0658
vn 0.0912 0.9950 0.0407
vn 0.0276 0.9996 0.0076
vn 0.0053 1.0000 -0.0053
vn -0.0053 0.9998 -0.0171
vn -0.1074 0.9942 -0.0107
vn -0.1752 0.9744 0.1406
vn -0.0209 0.9877 0.1546
vn -0.0800 0.9896 0.1197
vn -0.0586 0.9962 0.0643
vn -0.0377 0.9989 0.0294
vn -0.0285 0.9984 -0.0484
vn 0.0761 0.9871 -0.1411
vn 0.1159 0.9877 -0.1046
vn 0.0417 0.9990 -0.0171
vn 0.0359 0.9990 0.0264
vn 0.0111 0.9993 0.0345
vn 0.0176 0.9990 0.0399
vn 0.0176 0.9993 0.0329
vn 0.0188 0.9998 0.0012
vn 0.0552 0.9983 -0.0164
vn 0.0412 0.9990 -0.0176
vn 0.0035 0.9999 -0.0106
vn 0.0153 0.9999 -0.0012
vn 0.0470 0.9989 -0.0024
vn 0.0176 0.9998 -0.0094
vn 0.0047 0.9998 -0.0211
vn 0.0335 0.9988 -0.0358
vn 0.0493 0.9983 -0.0317
vn 0.0152 0.9998 -0.0106
vn -0.0253 0.9997 0.0006
vn -0.0159 0.9999 0.0006
vn -0.0094 1.0000 -0.0024
vn -0.0047 1.0000 -0.0047
vn -0.0153 0.9999 -0.0071
vn -0.0124 0.9999 0.0006
vn 0.0388 0.9981 0.0482
vn 0.1150 0.9894 0.0887
vn 0.0867 0.9911 0.1010
vn -0.0002 0.9902 0.1397
vn -0.0782 0.9850 0.1536
vn -0.0810 0.9904 0.1124
vn -0.0303 0.9981 0.0541
vn -0.0128 0.9998 -0.0155
vn 0.0123 0.9987 -0.0499
vn 0.0106 0.9990 -0.0435
vn -0.0024 0.9995 -0.0306
vn 0.0088 0.9999 -0.0124
vn 0.0012 1.0000 0.0047
vn -0.0047 1.0000 -0.0024
vn -0.0147 0.9998 -0.0135
vn -0.0259 0.9996 -0.0082
vn -0.0012 1.0000 -0.0012
vn -0.0153 0.9999 0.0035
vn 0.0123 0.9999 0.0018
vn 0.0587 0.9979 -0.0280
vn -0.0330 0.9969 -0.0709
vn -0.0042 0.9995 -0.0325
vn 0.1129 0.9925 0.0464
vn 0.0353 0.9993 0.0123
vn -0.0333 0.9966 -0.0754
vn -0.0124 0.9927 -0.1198
vn 0.0175 0.9944 -0.1044
vn 0.0888 0.9944 -0.0572
vn 0.0802 0.9968 -0.0004
vn 0.0119 0.9981 0.0608
vn 0.0269 0.9974 0.0675
vn 0.0269 0.9993 0.0257
vn -0.1369 0.9904 0.0193
vn -0.1975 0.9796 0.0372
vn -0.0311 0.9976 0.0613
vn -0.0519 0.9956 0.0776
vn -0.0447 0.9948 0.0918
vn -0.0024 0.9969 0.0785
vn 0.1112 0.9936 -0.0197
vn 0.1083 0.9893 -0.0973
vn 0.0565 0.9931 -0.1032
vn -0.0047 0.9964 -0.0845
vn 0.0055 0.9987 -0.0504
vn 0.0141 0.9994 -0.0314
vn 0.0065 0.9996 -0.0287
vn 0.0376 0.9988 -0.0306
vn 0.0458 0.9979 -0.0458
vn 0.0522 0.9973 -0.0522
vn 0.0293 0.9989 -0.0363
vn -0.0124 0.9998 -0.0159
vn 0.0100 0.9999 -0.0041
vn 0.0429 0.9991 0.0064
vn 0.0165 0.9997 0.0188
vn 0.0318 0.9995 0.0045
vn 0.0540 0.9981 -0.0282
vn 0.0264 0.9992 -0.0299
vn -0.0241 0.9997 -0.0100
vn -0.0182 0.9998 -0.0088
vn -0.0094 0.9999 -0.0035
vn -0.0100 0.9999 -0.0006
vn -0.0188 0.9998 -0.0071
vn -0.0035 1.0000 -0.0059
vn 0.1058 0.9944 0.0040
vn 0.0542 0.9979 0.0343
vn -0.0580 0.9949 0.0826
vn -0.0274 0.9969 0.0743
vn -0.0163 0.9999 -0.0014
vn 0.0100 0.9988 -0.0487
vn 0.0153 0.9988 -0.0470
vn 0.0112 0.9992 -0.0394
vn -0.0018 0.9995 -0.0323
vn -0.0153 0.9997 -0.0200
vn -0.0018 0.9999 -0.0147
vn 0.0059 0.9999 -0.0153
vn -0.0094 0.9998 -0.0200
vn -0.0306 0.9992 -0.0259
vn -0.0165 0.9998 -0.0129
vn -0.0176 0.9998 -0.0000
vn 0.0194 0.9998 -0.0029
vn 0.0558 0.9982 0.0230
vn -0.0216 0.9980 0.0593
vn -0.0495 0.9974 0.0530
vn 0.0603 0.9957 0.0710
vn 0.0800 0.9904 0.1124
vn 0.0521 0.9960 0.0721
vn 0.0506 0.9983 -0.0280
vn 0.0198 0.9946 -0.1022
vn 0.0403 0.9936 -0.1057
vn -0.0012 0.9993 -0.0381
vn -0.0322 0.9992 0.0238
vn 0.0385 0.9981 0.0487
vn 0.0427 0.9970 0.0640
vn -0.1467 0.9871 0.0640
vn -0.2071 0.9783 0.0028
vn -0.0883 0.9954 0.0381
vn -0.0640 0.9936 0.0936
vn -0.0499 0.9940 0.0970
vn 0.0631 0.9969 0.0481
vn 0.2034 0.9789 -0.0182
vn 0.1194 0.9918 -0.0462
vn 0.0574 0.9970 -0.0527
vn -0.0051 0.9974 -0.0719
vn -0.0053 0.9956 -0.0940
vn 0.0111 0.9950 -0.0998
vn -0.0064 0.9962 -0.0873
vn 0.0288 0.9975 -0.0639
vn 0.0534 0.9974 -0.0475
vn 0.0358 0.9988 -0.0323
vn 0.0106 0.9999 -0.0129
vn -0.0047 0.9997 -0.0223
vn 0.0118 0.9990 -0.0435
vn 0.0035 0.9999 -0.0164
vn 0.0122 0.9998 0.0148
vn 0.0724 0.9973 -0.0077
vn 0.0784 0.9961 -0.0410
vn 0.0165 0.9984 -0.0539
vn -0.0158 0.9989 -0.0451
vn -0.0311 0.9992 -0.0253
vn -0.0306 0.9995 -0.0071
vn -0.0118 0.9999 0.0024
vn -0.0082 1.0000 0.0024
vn -0.0047 1.0000 -0.0000
vn -0.0071 0.9999 -0.0106
vn 0.0710 0.9975 0.0045
vn 0.0272 0.9989 0.0382
vn -0.0515 0.9986 0.0094
vn 0.0106 0.9996 -0.0270
vn 0.0329 0.9988 -0.0376
vn 0.0153 0.9989 -0.0446
vn 0.0018 0.9993 -0.0382
vn 0.0053 0.9996 -0.0265
vn -0.0006 0.9996 -0.0288
vn -0.0218 0.9991 -0.0358
vn -0.0047 0.9994 -0.0352
vn -0.0000 0.9994 -0.0341
vn -0.0070 0.9997 -0.0223
vn -0.0059 0.9999 -0.0082
vn -0.0282 0.9996 -0.0082
vn -0.0288 0.9995 -0.0112
vn 0.0161 0.9988 -0.0455
vn 0.0048 0.9981 -0.0616
vn -0.0266 0.9996 0.0099
vn -0.0200 0.9983 0.0540
vn -0.0253 0.9991 0.0334
vn 0.0188 0.9993 0.0329
vn 0.0504 0.9967 0.0643
vn 0.0671 0.9907 0.1184
vn 0.0851 0.9823 0.1671
vn 0.0421 0.9820 0.1842
vn 0.0156 0.9825 0.1856
vn -0.0187 0.9871 0.1589
vn -0.0214 0.9943 0.1044
vn 0.0177 0.9958 0.0896
vn 0.0164 0.9922 0.1236
vn -0.1216 0.9851 0.1216
vn -0.2218 0.9710 0.0893
vn -0.1361 0.9842 0.1131
vn -0.0845 0.9881 0.1282
vn 0.0130 0.9964 0.0840
vn 0.1661 0.9855 -0.0336
vn 0.2053 0.9755 -0.0795
vn 0.0906 0.9954 -0.0297
vn 0.0505 0.9986 0.0129
vn 0.0223 0.9997 0.0117
vn 0.0082 0.9999 -0.0071
vn 0.0147 0.9997 -0.0182
vn 0.0007 0.9991 -0.0416
vn 0.0153 0.9982 -0.0587
vn 0.0369 0.9983 -0.0451
vn 0.0165 0.9996 -0.0247
vn 0.0006 0.9999 -0.0147
vn 0.0112 0.9999 -0.0112
vn 0.0065 1.0000 -0.0006
vn -0.0130 0.9999 -0.0058
vn 0.0480 0.9973 -0.0564
vn 0.0991 0.9904 -0.0968
vn 0.0627 0.9952 -0.0755
vn 0.0099 0.9991 -0.0404
vn -0.0218 0.9991 -0.0370
vn -0.0552 0.9981 -0.0270
vn -0.0475 0.9989 -0.0041
vn -0.0118 0.9999 0.0035
vn -0.0094 0.9999 0.0047
vn -0.0035 1.0000 0.0071
vn 0.0041 1.0000 -0.0088
vn 0.0246 0.9997 0.0023
vn 0.0206 0.9995 0.0229
vn -0.0000 1.0000 0.0070
vn 0.0218 0.9996 -0.0194
vn 0.0335 0.9992 -0.0206
vn 0.0147 0.9998 -0.0135
vn -0.0012 0.9999 -0.0165
vn 0.0024 0.9997 -0.0223
vn 0.0088 0.9996 -0.0265
vn 0.0134 0.9979 -0.0638
vn 0.0133 0.9931 -0.1167
vn -0.0292 0.9938 -0.1070
vn -0.0438 0.9976 -0.0532
vn -0.0176 0.9997 -0.0188
vn -0.0270 0.9996 -0.0082
vn -0.0282 0.9996 -0.0071
vn 0.0523 0.9986 -0.0094
vn 0.0179 0.9990 -0.0418
vn -0.0930 0.9938 -0.0601
vn -0.0522 0.9986 -0.0052
vn -0.0147 0.9992 0.0370
vn 0.0445 0.9990 0.0012
vn 0.0702 0.9947 -0.0751
vn -0.0247 0.9981 -0.0568
vn -0.0094 0.9967 0.0808
vn 0.0191 0.9839 0.1779
vn 0.0036 0.9786 0.2057
vn 0.0197 0.9776 0.2094
vn 0.0192 0.9818 0.1890
vn 0.0169 0.9860 0.1660
vn 0.0076 0.9896 0.1436
vn -0.0949 0.9877 0.1243
vn -0.2395 0.9628 0.1248
vn -0.1342 0.9834 0.1223
vn -0.0421 0.9971 0.0634
vn 0.1322 0.9897 -0.0555
vn 0.2251 0.9664 -0.1243
vn 0.1416 0.9873 -0.0718
vn 0.0493 0.9987 -0.0152
vn 0.0300 0.9995 0.0041
vn 0.0370 0.9993 0.0112
vn 0.0159 0.9998 0.0076
vn 0.0159 0.9998 0.0100
vn 0.0312 0.9995 0.0018
vn 0.0265 0.9994 -0.0229
vn 0.0094 0.9998 -0.0200
vn 0.0035 1.0000 -0.0000
vn -0.0024 1.0000 0.0059
vn 0.0082 0.9999 0.0082
vn -0.0018 1.0000 0.0088
vn 0.0336 0.9991 -0.0245
vn 0.1040 0.9917 -0.0759
vn 0.0756 0.9949 -0.0674
vn 0.0246 0.9993 -0.0269
vn 0.0141 0.9995 -0.0280
vn -0.0323 0.9992 -0.0253
vn -0.0803 0.9968 0.0005
vn -0.0429 0.9991 -0.0018
vn -0.0100 0.9998 -0.0159
vn -0.0082 0.9998 -0.0200
vn -0.0059 0.9998 -0.0212
vn 0.0071 0.9999 -0.0141
vn 0.0100 0.9999 -0.0088
vn 0.0112 0.9999 -0.0124
vn 0.0176 0.9997 -0.0165
vn 0.0253 0.9996 -0.0112
vn 0.0118 0.9999 0.0024
vn 0.0100 0.9999 -0.0029
vn 0.0065 0.9999 -0.0123
vn 0.0333 0.9988 -0.0368
vn 0.0756 0.9934 -0.0861
vn 0.0354 0.9926 -0.1165
vn -0.0781 0.9919 -0.0999
vn -0.0920 0.9941 -0.0573
vn -0.0353 0.9990 -0.0259
vn -0.0276 0.9995 -0.0182
vn -0.0265 0.9994 -0.0206
vn 0.0196 0.9997 0.0126
vn 0.0448 0.9977 0.0517
vn -0.0856 0.9956 0.0372
vn -0.1076 0.9936 0.0341
vn -0.0100 0.9990 0.0428
vn 0.0870 0.9957 0.0317
vn 0.1120 0.9935 0.0220
vn -0.0792 0.9967 0.0179
vn -0.0980 0.9948 0.0284
vn -0.0047 0.9991 0.0422
vn -0.0035 0.9991 0.0422
vn 0.0258 0.9988 0.0418
vn 0.0329 0.9985 0.0445
vn 0.0305 0.9986 0.0420
vn 0.0218 0.9990 0.0381
vn -0.1059 0.9929 0.0547
vn -0.2313 0.9719 0.0429
vn -0.0663 0.9974 -0.0275
vn 0.0650 0.9879 -0.1406
vn 0.2059 0.9569 -0.2049
vn 0.1557 0.9770 -0.1454
vn 0.0719 0.9954 -0.0637
vn 0.0393 0.9985 -0.0394
vn 0.0200 0.9990 -0.0388
vn 0.0264 0.9993 -0.0253
vn 0.0235 0.9995 -0.0188
vn 0.0159 0.9995 -0.0288
vn 0.0241 0.9996 -0.0135
vn 0.0335 0.9994 0.0111
vn 0.0111 0.9999 -0.0006
vn 0.0006 0.9998 -0.0194
vn 0.0047 0.9996 -0.0293
vn -0.0029 0.9996 -0.0276
vn 0.0094 0.9996 -0.0282
vn 0.0923 0.9937 -0.0643
vn 0.1312 0.9863 -0.0997
vn 0.0197 0.9964 -0.0822
vn 0.0166 0.9981 -0.0589
vn 0.0193 0.9983 -0.0558
vn -0.0877 0.9961 -0.0085
vn -0.0742 0.9971 0.0158
vn -0.0165 0.9998 -0.0141
vn -0.0082 0.9996 -0.0282
vn -0.0065 0.9996 -0.0276
vn -0.0029 0.9995 -0.0312
vn 0.0006 0.9994 -0.0347
vn 0.0076 0.9995 -0.0312
vn 0.0112 0.9996 -0.0253
vn 0.0182 0.9996 -0.0206
vn 0.0165 0.9997 -0.0200
vn 0.0194 0.9996 -0.0182
vn 0.0147 0.9998 -0.0112
vn 0.0094 0.9999 -0.0059
vn 0.0147 0.9999 -0.0029
vn 0.0206 0.9997 -0.0123
vn 0.0677 0.9970 -0.0364
vn 0.0881 0.9956 -0.0327
vn 0.0310 0.9995 -0.0098
vn -0.0928 0.9957 -0.0070
vn -0.1176 0.9930 -0.0094
vn -0.0411 0.9991 -0.0094
vn -0.0265 0.9996 -0.0123
vn -0.0276 0.9996 -0.0100
vn 0.0057 0.9993 0.0362
vn -0.0679 0.9953 0.0686
vn -0.0847 0.9960 0.0286
vn -0.0100 0.9999 -0.0017
vn 0.0471 0.9977 0.0483
vn 0.0671 0.9880 0.1392
vn -0.0339 0.9894 0.1414
vn -0.0527 0.9978 0.0402
vn -0.0059 0.9998 -0.0188
vn 0.0117 0.9994 -0.0329
vn 0.0270 0.9984 -0.0493
vn 0.0259 0.9986 -0.0458
vn 0.0259 0.9992 -0.0317
vn 0.0363 0.9986 -0.0375
vn -0.1294 0.9907 -0.0432
vn -0.1747 0.9818 -0.0747
vn 0.0575 0.9831 -0.1736
vn 0.1214 0.9671 -0.2237
vn 0.1560 0.9739 -0.1649
vn 0.0764 0.9925 -0.0953
vn 0.0399 0.9970 -0.0657
vn 0.0370 0.9978 -0.0557
vn 0.0129 0.9988 -0.0470
vn 0.0112 0.9992 -0.0382
vn 0.0223 0.9994 -0.0282
vn 0.0141 0.9998 -0.0153
vn -0.0018 1.0000 -0.0029
vn 0.0211 0.9997 0.0105
vn 0.0347 0.9993 0.0112
vn 0.0176 0.9998 -0.0106
vn 0.0212 0.9992 -0.0340
vn -0.0023 0.9986 -0.0528
vn 0.0204 0.9977 -0.0639
vn 0.1034 0.9935 -0.0486
vn 0.1275 0.9917 -0.0186
vn 0.0140 0.9995 -0.0280
vn 0.0152 0.9989 -0.0434
vn -0.0296 0.9996 0.0046
vn -0.1218 0.9917 0.0420
vn -0.0293 0.9995 0.0082
vn 0.0239 0.9986 -0.0474
vn -0.0088 0.9973 -0.0732
vn -0.0297 0.9983 -0.0497
vn -0.0000 0.9997 -0.0259
vn 0.0018 0.9996 -0.0265
vn 0.0065 0.9995 -0.0300
vn 0.0082 0.9995 -0.0317
vn 0.0159 0.9994 -0.0312
vn 0.0153 0.9995 -0.0282
vn 0.0112 0.9997 -0.0206
vn 0.0071 0.9999 -0.0118
vn 0.0059 1.0000 -0.0059
vn 0.0112 0.9999 -0.0018
vn 0.0475 0.9987 -0.0158
vn 0.0791 0.9964 -0.0299
vn 0.0570 0.9983 -0.0124
vn 0.0182 0.9998 0.0088
vn -0.0923 0.9956 0.0181
vn -0.0942 0.9955 -0.0037
vn -0.0048 0.9980 -0.0630
vn -0.0451 0.9960 -0.0774
vn -0.0566 0.9979 -0.0320
vn -0.0253 0.9997 -0.0041
vn -0.0317 0.9995 -0.0000
vn -0.0487 0.9987 -0.0147
vn -0.0329 0.9983 -0.0481
vn -0.0194 0.9980 -0.0604
vn -0.0153 0.9991 -0.0388
vn 0.0094 0.9999 -0.0106
vn 0.0100 0.9999 0.0018
vn 0.0402 0.9980 -0.0483
vn 0.0517 0.9915 -0.1193
vn 0.0018 0.9929 -0.1190
vn -0.0216 0.9985 -0.0509
vn 0.0112 0.9999 -0.0029
vn 0.0633 0.9980 -0.0094
vn -0.1200 0.9922 -0.0339
vn -0.1116 0.9789 -0.1709
vn 0.0986 0.9781 -0.1831
vn 0.0717 0.9901 -0.1205
vn 0.0771 0.9960 -0.0441
vn 0.0657 0.9975 -0.0247
vn 0.0352 0.9986 -0.0387
vn 0.0276 0.9990 -0.0347
vn 0.0100 0.9995 -0.0311
vn 0.0082 0.9994 -0.0341
vn 0.0082 0.9996 -0.0270
vn 0.0106 0.9996 -0.0258
vn 0.0047 0.9994 -0.0353
vn 0.0235 0.9997 -0.0083
vn 0.0282 0.9995 0.0141
vn 0.0276 0.9996 -0.0112
vn 0.0200 0.9994 -0.0293
vn 0.0474 0.9988 0.0123
vn 0.0825 0.9931 0.0838
vn 0.0422 0.9932 0.1089
vn 0.0175 0.9955 0.0934
vn -0.0573 0.9958 0.0709
vn -0.0914 0.9954 0.0301
vn 0.0706 0.9972 -0.0252
vn -0.0028 0.9987 -0.0518
vn -0.0646 0.9968 -0.0464
vn -0.0000 0.9994 -0.0353
vn 0.0024 0.9994 -0.0353
vn 0.0065 0.9995 -0.0323
vn 0.0071 0.9995 -0.0294
vn 0.0123 0.9996 -0.0253
vn 0.0076 0.9998 -0.0170
vn 0.0024 1.0000 0.0012
vn 0.0094 1.0000 0.0024
vn 0.0725 0.9973 -0.0070
vn 0.0901 0.9955 -0.0293
vn 0.0352 0.9987 -0.0364
vn -0.0216 0.9998 0.0040
vn -0.1027 0.9937 0.0443
vn -0.0477 0.9984 0.0293
vn 0.0370 0.9993 0.0006
vn -0.0599 0.9981 -0.0102
vn -0.0868 0.9962 -0.0100
vn -0.0335 0.9994 0.0006
vn -0.0317 0.9995 0.0047
vn -0.0188 0.9998 -0.0106
vn -0.0212 0.9997 -0.0106
vn -0.0029 0.9995 -0.0300
vn -0.0041 0.9998 -0.0206
vn 0.0275 0.9993 -0.0240
vn 0.1228 0.9896 -0.0747
vn 0.1127 0.9827 -0.1471
vn -0.0232 0.9826 -0.1843
vn -0.1059 0.9846 -0.1393
vn -0.0441 0.9979 -0.0474
vn 0.0720 0.9974 0.0052
vn -0.0996 0.9950 -0.0022
vn -0.0911 0.9783 -0.1863
vn 0.0496 0.9872 -0.1516
vn 0.0051 0.9949 -0.1011
vn 0.0143 0.9988 -0.0479
vn 0.0756 0.9970 -0.0146
vn 0.0422 0.9990 -0.0176
vn 0.0147 0.9998 -0.0159
vn 0.0059 1.0000 -0.0024
vn 0.0006 0.9999 0.0123
vn 0.0200 0.9998 -0.0094
vn 0.0417 0.9981 -0.0463
vn -0.0065 0.9984 -0.0570
vn -0.0011 0.9988 -0.0481
vn 0.0188 0.9992 -0.0364
vn 0.0270 0.9995 -0.0188
vn 0.0364 0.9993 0.0047
vn 0.0171 0.9997 0.0171
vn 0.0088 0.9998 0.0171
vn 0.0256 0.9988 0.0409
vn 0.0328 0.9960 0.0827
vn 0.0316 0.9950 0.0943
vn -0.0182 0.9978 0.0640
vn -0.0409 0.9991 0.0128
vn 0.0671 0.9976 0.0193
vn 0.0104 0.9993 0.0363
vn -0.0520 0.9986 0.0041
vn 0.0018 0.9997 -0.0241
vn 0.0012 0.9998 -0.0212
vn 0.0035 1.0000 -0.0035
vn 0.0006 1.0000 -0.0076
vn 0.0187 0.9994 -0.0293
vn 0.0193 0.9976 -0.0659
vn 0.0117 0.9962 -0.0861
vn 0.0706 0.9945 -0.0773
vn 0.0794 0.9959 -0.0433
vn 0.0194 0.9998 -0.0100
vn -0.0491 0.9988 -0.0070
vn -0.0814 0.9958 -0.0413
vn -0.0451 0.9977 -0.0500
vn -0.0111 0.9997 0.0230
vn -0.0475 0.9965 0.0683
vn -0.0672 0.9971 0.0345
vn -0.0312 0.9995 0.0018
vn 0.0056 0.9991 -0.0418
vn -0.0188 0.9971 -0.0743
vn -0.0495 0.9978 -0.0435
vn -0.0212 0.9997 -0.0129
vn -0.0129 0.9998 -0.0118
vn -0.0047 0.9999 -0.0129
vn -0.0082 0.9998 -0.0165
vn 0.0756 0.9955 -0.0578
vn 0.1299 0.9896 -0.0621
vn 0.0930 0.9953 0.0271
vn 0.0012 0.9983 0.0576
vn -0.1375 0.9902 0.0235
vn -0.0777 0.9970 -0.0044
vn 0.0759 0.9967 -0.0292
vn -0.0541 0.9959 -0.0731
vn -0.1003 0.9888 -0.1108
vn 0.0018 0.9959 -0.0908
vn -0.0216 0.9975 -0.0673
vn -0.0153 0.9978 -0.0644
vn 0.0562 0.9972 -0.0493
vn 0.0439 0.9986 -0.0288
vn -0.0018 0.9999 -0.0159
vn -0.0106 0.9999 0.0035
vn -0.0024 1.0000 0.0083
vn 0.0246 0.9996 -0.0150
vn 0.0811 0.9943 -0.0699
vn 0.0706 0.9897 -0.1246
vn -0.0444 0.9933 -0.1069
vn -0.0332 0.9984 -0.0463
vn 0.0106 0.9998 -0.0176
vn 0.0094 0.9999 -0.0094
vn 0.0171 0.9998 0.0088
vn 0.0106 0.9999 0.0071
vn 0.0024 1.0000 0.0047
vn 0.0288 0.9995 0.0135
vn 0.0112 0.9998 0.0182
vn -0.0029 1.0000 0.0018
vn 0.0006 0.9999 -0.0100
vn 0.0240 0.9997 0.0099
vn 0.0182 0.9994 0.0287
vn -0.0100 0.9999 0.0111
vn -0.0006 1.0000 -0.0018
vn 0.0012 1.0000 0.0035
vn 0.0024 1.0000 -0.0024
vn 0.0112 0.9998 -0.0159
vn 0.0298 0.9983 -0.0496
vn 0.0239 0.9952 -0.0947
vn 0.0367 0.9928 -0.1144
vn 0.0355 0.9930 -0.1126
vn 0.0117 0.9940 -0.1084
vn 0.0374 0.9958 -0.0838
vn 0.0304 0.9989 -0.0362
vn 0.0018 1.0000 -0.0029
vn -0.0404 0.9992 0.0030
vn -0.0223 0.9993 -0.0299
vn -0.0339 0.9954 -0.0898
vn -0.0914 0.9914 -0.0938
vn -0.0665 0.9970 -0.0394
vn -0.0441 0.9990 -0.0100
vn -0.0165 0.9997 -0.0153
vn 0.0422 0.9989 -0.0222
vn -0.0218 0.9995 -0.0216
vn -0.0748 0.9969 -0.0247
vn -0.0270 0.9993 -0.0247
vn -0.0106 0.9997 -0.0223
vn 0.0059 0.9994 -0.0341
vn -0.0018 0.9989 -0.0476
vn 0.0957 0.9949 -0.0319
vn 0.0448 0.9983 0.0367
vn -0.0048 0.9920 0.1265
vn 0.0084 0.9832 0.1821
vn -0.0725 0.9873 0.1412
vn 0.0170 0.9997 0.0155
vn 0.1150 0.9892 -0.0913
vn -0.0246 0.9925 -0.1197
vn -0.0945 0.9953 0.0221
vn 0.0017 1.0000 -0.0054
vn -0.0270 0.9994 -0.0235
vn -0.0106 0.9996 -0.0259
vn 0.0323 0.9992 -0.0217
vn 0.0364 0.9993 -0.0106
vn 0.0029 0.9998 -0.0206
vn -0.0100 0.9989 -0.0451
vn 0.0117 0.9979 -0.0644
vn 0.0340 0.9973 -0.0645
vn 0.1377 0.9877 -0.0738
vn 0.0639 0.9955 -0.0696
vn -0.1208 0.9926 -0.0117
vn -0.0623 0.9975 0.0335
vn 0.0071 0.9993 0.0376
vn 0.0229 0.9995 0.0194
vn 0.0485 0.9982 -0.0366
vn 0.0077 0.9979 -0.0636
vn -0.0180 0.9996 -0.0239
vn 0.0082 1.0000 0.0012
vn 0.0129 0.9999 -0.0024
vn 0.0129 0.9999 0.0059
vn 0.0147 0.9998 0.0135
vn 0.0129 0.9999 0.0106
vn 0.0041 1.0000 0.0029
vn 0.0088 0.9999 -0.0053
vn 0.0094 0.9999 -0.0129
vn -0.0029 0.9999 -0.0171
vn -0.0018 0.9999 -0.0171
vn 0.0024 0.9998 -0.0176
vn 0.0223 0.9991 -0.0352
vn 0.0409 0.9966 -0.0713
vn 0.0618 0.9931 -0.0993
vn 0.0419 0.9938 -0.1033
vn 0.0175 0.9964 -0.0824
vn 0.0157 0.9988 -0.0462
vn 0.0047 0.9997 -0.0235
vn 0.0076 0.9999 -0.0112
vn 0.0024 1.0000 -0.0012
vn -0.0053 1.0000 0.0006
vn -0.0393 0.9992 0.0006
vn 0.0081 1.0000 0.0023
vn 0.0176 0.9996 -0.0199
vn -0.1016 0.9932 -0.0572
vn -0.1159 0.9919 -0.0520
vn -0.0417 0.9985 -0.0347
vn -0.0129 0.9993 -0.0352
vn 0.0010 1.0000 0.0092
vn -0.0212 0.9986 0.0489
vn -0.0385 0.9992 0.0138
vn -0.0229 0.9994 -0.0265
vn 0.0017 0.9990 -0.0452
vn 0.0235 0.9977 -0.0634
vn -0.0029 0.9978 -0.0663
vn 0.0317 0.9994 -0.0164
vn -0.0143 0.9991 0.0404
vn -0.0387 0.9983 0.0435
vn -0.0129 0.9990 0.0435
vn 0.0301 0.9995 -0.0033
vn 0.1216 0.9891 -0.0831
vn 0.1316 0.9866 -0.0968
vn -0.0518 0.9970 -0.0582
vn -0.0934 0.9942 0.0524
vn 0.0586 0.9979 0.0258
vn -0.0164 0.9996 -0.0235
vn -0.0111 0.9995 -0.0312
vn 0.0135 0.9998 -0.0159
vn 0.0070 0.9998 0.0212
vn 0.0294 0.9990 0.0339
vn 0.0364 0.9992 -0.0142
vn 0.0170 0.9988 -0.0462
vn 0.1103 0.9920 0.0621
vn 0.0231 0.9913 0.1298
vn -0.0741 0.9950 0.0665
vn -0.0261 0.9979 -0.0592
vn -0.0372 0.9978 -0.0551
vn 0.0335 0.9994 -0.0041
vn 0.1187 0.9925 -0.0293
vn 0.0080 0.9973 -0.0734
vn -0.0827 0.9954 -0.0483
vn 0.0012 1.0000 -0.0012
vn 0.0118 0.9999 0.0106
vn 0.0071 0.9999 0.0094
vn 0.0129 0.9999 0.0094
vn 0.0176 0.9998 0.0094
vn 0.0100 0.9999 0.0065
vn 0.0153 0.9999 0.0024
vn 0.0264 0.9994 -0.0217
vn 0.0281 0.9975 -0.0655
vn 0.0099 0.9942 -0.1075
vn 0.0024 0.9930 -0.1182
vn 0.0316 0.9934 -0.1107
vn 0.0532 0.9939 -0.0965
vn 0.0439 0.9971 -0.0624
vn 0.0193 0.9997 -0.0170
vn -0.0006 1.0000 0.0029
vn -0.0012 1.0000 0.0012
vn -0.0000 1.0000 -0.0000
vn -0.0024 1.0000 -0.0024
vn -0.0193 0.9995 -0.0252
vn 0.0035 0.9991 -0.0422
vn 0.0205 0.9996 -0.0181
vn -0.0878 0.9961 0.0029
vn -0.1201 0.9927 -0.0129
vn -0.0165 0.9985 -0.0516
vn -0.0281 0.9977 -0.0610
vn -0.0615 0.9977 -0.0276
vn -0.0171 0.9998 -0.0088
vn 0.0024 0.9998 -0.0188
vn -0.0035 0.9992 -0.0388
vn 0.0176 0.9983 -0.0552
vn 0.0246 0.9982 -0.0540
vn -0.0059 0.9988 -0.0493
vn -0.0188 0.9988 -0.0458
vn -0.0335 0.9989 -0.0323
vn -0.0528 0.9986 -0.0024
vn -0.0282 0.9992 0.0270
vn 0.1176 0.9931 -0.0001
vn 0.1639 0.9850 -0.0541
vn 0.0971 0.9941 -0.0491
vn -0.0929 0.9956 -0.0108
vn -0.0971 0.9930 -0.0673
vn 0.0918 0.9934 -0.0694
vn 0.0007 0.9975 -0.0711
vn -0.0082 0.9965 -0.0827
vn 0.0041 0.9957 -0.0920
vn -0.0397 0.9966 -0.0718
vn 0.0184 0.9995 -0.0271
vn 0.0779 0.9969 -0.0099
vn 0.0199 0.9996 -0.0224
vn -0.0411 0.9989 -0.0223
vn 0.0222 0.9994 0.0280
vn -0.0036 0.9971 0.0763
vn 0.0553 0.9978 0.0375
vn 0.0233 0.9996 -0.0153
vn -0.0876 0.9959 -0.0209
vn 0.0251 0.9996 -0.0158
vn 0.1527 0.9881 -0.0179
vn 0.0371 0.9985 -0.0395
vn -0.1241 0.9908 -0.0530
vn -0.0436 0.9989 -0.0145
vn 0.0141 0.9998 0.0165
vn 0.0106 0.9999 0.0082
vn 0.0206 0.9998 0.0076
vn 0.0188 0.9998 -0.0012
vn 0.0218 0.9997 -0.0065
vn 0.0624 0.9978 -0.0228
vn 0.0825 0.9942 -0.0696
vn 0.0245 0.9952 -0.0950
vn -0.0024 0.9956 -0.0937
vn 0.0105 0.9970 -0.0768
vn 0.0223 0.9990 -0.0398
vn 0.0094 0.9999 -0.0082
vn 0.0006 1.0000 0.0006
vn 0.0012 1.0000 -0.0000
vn -0.0187 0.9997 0.0176
vn -0.0982 0.9941 0.0459
vn -0.0820 0.9960 0.0346
vn 0.0041 0.9999 0.0146
vn -0.0415 0.9990 0.0169
vn -0.0639 0.9980 -0.0006
vn -0.0112 0.9997 -0.0229
vn 0.0076 0.9997 -0.0241
vn 0.0106 0.9997 -0.0235
vn 0.0212 0.9995 -0.0247
vn 0.0059 0.9991 -0.0423
vn -0.0247 0.9984 -0.0517
vn -0.0528 0.9978 -0.0399
vn -0.0970 0.9953 -0.0059
vn -0.0149 0.9999 -0.0040
vn 0.1770 0.9830 -0.0492
vn 0.1710 0.9832 -0.0644
vn 0.0626 0.9971 -0.0428
vn -0.1104 0.9934 -0.0298
vn -0.0846 0.9914 -0.0993
vn 0.0553 0.9956 -0.0762
vn -0.0106 0.9996 -0.0280
vn -0.0229 0.9997 0.0096
vn 0.0266 0.9996 0.0105
vn -0.0075 0.9980 -0.0623
vn 0.0080 0.9916 -0.1294
vn 0.0701 0.9892 -0.1288
vn 0.0238 0.9932 -0.1138
vn -0.0509 0.9929 -0.1076
vn -0.0500 0.9959 -0.0757
vn -0.0158 0.9991 -0.0393
vn 0.0499 0.9986 0.0171
vn 0.0299 0.9970 0.0707
vn -0.0470 0.9984 0.0301
vn 0.0239 0.9996 -0.0135
vn 0.1372 0.9905 0.0078
vn 0.0468 0.9982 0.0367
vn -0.1158 0.9927 0.0331
vn -0.0656 0.9978 0.0088
vn 0.0194 0.9998 -0.0053
vn 0.0165 0.9998 -0.0094
vn 0.0065 0.9999 -0.0076
vn 0.0241 0.9997 -0.0065
vn 0.0317 0.9994 -0.0141
vn 0.0410 0.9984 -0.0398
vn 0.0322 0.9966 -0.0752
vn 0.0721 0.9943 -0.0792
vn 0.0820 0.9957 -0.0426
vn 0.0123 0.9999 -0.0041
vn -0.0024 1.0000 0.0024
vn -0.0175 0.9996 0.0199
vn -0.0629 0.9959 0.0653
vn -0.0917 0.9930 0.0741
vn -0.0478 0.9979 0.0444
vn -0.0077 0.9991 0.0415
vn -0.0282 0.9989 0.0374
vn -0.0258 0.9997 0.0035
vn -0.0029 0.9998 -0.0206
vn 0.0006 0.9998 -0.0206
vn 0.0323 0.9990 -0.0323
vn 0.0530 0.9961 -0.0704
vn 0.0327 0.9931 -0.1130
vn -0.0309 0.9918 -0.1239
vn -0.0823 0.9916 -0.0995
vn -0.1480 0.9876 -0.0516
vn 0.0213 0.9990 -0.0393
vn 0.2210 0.9725 -0.0735
vn 0.1335 0.9888 -0.0666
vn 0.0322 0.9992 -0.0217
vn -0.1026 0.9946 -0.0127
vn -0.0776 0.9968 0.0192
vn 0.0299 0.9995 0.0134
vn -0.0427 0.9988 0.0229
vn -0.0785 0.9943 0.0722
vn 0.0585 0.9940 0.0923
vn 0.0890 0.9954 0.0361
vn 0.0399 0.9989 -0.0257
vn 0.0455 0.9985 -0.0319
vn 0.0141 0.9998 -0.0138
vn -0.0170 0.9989 -0.0427
vn -0.0499 0.9927 -0.1095
vn -0.0302 0.9909 -0.1311
vn -0.0250 0.9948 -0.0983
vn -0.0086 0.9992 -0.0380
vn 0.0064 1.0000 0.0053
vn 0.0759 0.9952 0.0622
vn 0.0234 0.9927 0.1181
vn -0.0651 0.9934 0.0941
vn -0.0062 0.9999 0.0086
vn 0.0370 0.9978 -0.0545
vn 0.0023 0.9985 -0.0540
vn -0.0112 0.9996 -0.0241
vn 0.0270 0.9996 -0.0106
vn 0.0827 0.9961 -0.0316
vn 0.0722 0.9943 -0.0782
vn 0.0345 0.9965 -0.0763
vn 0.0315 0.9992 -0.0245
vn -0.0381 0.9993 0.0006
vn -0.0921 0.9957 0.0041
vn -0.0725 0.9974 0.0047
vn -0.0276 0.9996 -0.0053
vn -0.0118 0.9998 -0.0188
vn -0.0135 0.9996 -0.0253
vn -0.0118 0.9997 -0.0200
vn 0.0006 0.9999 -0.0135
vn -0.0029 0.9999 -0.0135
vn 0.0206 0.9996 -0.0182
vn 0.0730 0.9960 -0.0509
vn 0.0928 0.9913 -0.0928
vn 0.0412 0.9943 -0.0980
vn -0.0297 0.9949 -0.0969
vn -0.1039 0.9895 -0.1006
vn -0.1658 0.9804 -0.1065
vn 0.0458 0.9911 -0.1247
vn 0.2074 0.9727 -0.1039
vn 0.0766 0.9962 -0.0409
vn 0.0065 1.0000 -0.0029
vn -0.0962 0.9953 0.0070
vn -0.0890 0.9950 0.0442
vn 0.0505 0.9978 0.0434
vn -0.0174 0.9998 -0.0117
vn -0.0814 0.9932 -0.0832
vn 0.0512 0.9944 -0.0926
vn 0.1011 0.9940 -0.0409
vn 0.0417 0.9991 0.0075
vn 0.0200 0.9991 0.0385
vn -0.0101 0.9975 0.0695
vn 0.0256 0.9965 0.0798
vn 0.0014 0.9988 0.0497
vn -0.0330 0.9992 0.0237
vn -0.0513 0.9985 0.0192
vn -0.0480 0.9985 0.0247
vn 0.0053 0.9995 0.0300
vn 0.0112 0.9999 0.0088
vn 0.0216 0.9998 0.0016
vn 0.0353 0.9993 -0.0105
vn -0.0124 0.9985 -0.0524
vn 0.0106 0.9993 -0.0365
vn 0.0686 0.9974 -0.0217
vn -0.0187 0.9993 -0.0328
vn -0.0386 0.9992 -0.0141
vn 0.0294 0.9996 -0.0023
vn 0.1091 0.9940 -0.0035
vn 0.0990 0.9950 -0.0111
vn 0.0041 0.9999 -0.0100
vn 0.0029 1.0000 -0.0029
vn -0.0187 0.9996 -0.0199
vn -0.0902 0.9950 -0.0436
vn -0.0892 0.9956 -0.0287
vn -0.0218 0.9997 -0.0076
vn -0.0076 1.0000 -0.0041
vn -0.0141 0.9999 -0.0012
vn -0.0153 0.9999 -0.0023
vn -0.0018 1.0000 -0.0041
vn 0.0276 0.9996 -0.0076
vn 0.1159 0.9929 -0.0251
vn 0.0906 0.9956 -0.0243
vn 0.0170 0.9998 0.0077
vn -0.0018 1.0000 0.0029
vn -0.0802 0.9957 -0.0454
vn -0.1113 0.9867 -0.1183
vn 0.0573 0.9850 -0.1625
vn 0.1183 0.9878 -0.1011
vn 0.0216 0.9995 -0.0239
vn -0.1041 0.9946 0.0047
vn -0.1005 0.9921 -0.0745
vn 0.0491 0.9969 -0.0614
vn 0.0503 0.9960 -0.0737
vn -0.0085 0.9900 -0.1411
vn 0.0098 0.9870 -0.1605
vn 0.0243 0.9951 -0.0957
vn 0.0100 0.9993 -0.0358
vn -0.0053 0.9999 -0.0100
vn -0.0300 0.9995 0.0041
vn 0.0002 0.9992 0.0389
vn -0.0049 0.9952 0.0981
vn -0.0250 0.9922 0.1224
vn -0.0262 0.9951 0.0952
vn -0.0209 0.9990 0.0395
vn 0.0124 0.9999 0.0006
vn 0.0399 0.9991 -0.0141
vn 0.0123 0.9996 -0.0264
vn 0.0551 0.9982 -0.0241
vn 0.0298 0.9986 -0.0432
vn -0.0412 0.9978 -0.0511
vn 0.0454 0.9989 0.0090
vn -0.0053 0.9995 0.0299
vn -0.0374 0.9993 -0.0036
vn 0.0282 0.9995 -0.0153
vn 0.0259 0.9996 -0.0082
vn 0.0959 0.9953 0.0146
vn 0.1022 0.9942 0.0327
vn 0.0164 0.9997 0.0164
vn -0.0071 0.9999 0.0082
vn -0.0867 0.9961 0.0170
vn -0.1009 0.9948 0.0099
vn -0.0270 0.9996 0.0059
vn -0.0200 0.9996 0.0200
vn -0.0235 0.9990 0.0388
vn -0.0112 0.9989 0.0452
vn -0.0012 0.9991 0.0435
vn 0.0070 0.9994 0.0352
vn 0.0516 0.9986 0.0059
vn 0.1314 0.9912 -0.0163
vn 0.0679 0.9976 -0.0099
vn -0.0000 1.0000 -0.0023
vn -0.0322 0.9992 -0.0217
vn -0.0387 0.9968 -0.0702
vn 0.0334 0.9967 -0.0743
vn 0.0385 0.9990 -0.0245
vn -0.0973 0.9952 -0.0116
vn -0.0781 0.9938 -0.0795
vn 0.0275 0.9952 -0.0938
vn 0.0596 0.9958 -0.0700
vn 0.0568 0.9954 -0.0765
vn 0.0117 0.9923 -0.1237
vn -0.0314 0.9904 -0.1349
vn -0.0337 0.9949 -0.0952
vn -0.0457 0.9983 -0.0373
vn -0.0434 0.9991 0.0024
vn -0.0218 0.9998 0.0029
vn -0.0182 0.9998 -0.0112
vn 0.0035 0.9998 -0.0200
vn 0.0106 0.9996 -0.0247
vn 0.0171 0.9996 -0.0218
vn 0.0370 0.9993 -0.0088
vn 0.0123 0.9999 0.0065
vn 0.0188 0.9990 0.0400
vn 0.0589 0.9959 0.0680
vn -0.0300 0.9990 0.0346
vn -0.0149 0.9996 0.0236
vn 0.0217 0.9991 0.0358
vn -0.0029 1.0000 0.0076
vn 0.0235 0.9997 -0.0106
vn 0.0182 0.9998 -0.0053
vn 0.0514 0.9984 0.0245
vn 0.1017 0.9934 0.0526
vn 0.0583 0.9979 0.0281
vn 0.0006 1.0000 0.0018
vn -0.0135 0.9999 -0.0006
vn -0.0895 0.9960 -0.0006
vn -0.0957 0.9954 0.0035
vn -0.0423 0.9989 0.0176
vn -0.0370 0.9987 0.0358
vn -0.0341 0.9984 0.0446
vn -0.0159 0.9984 0.0534
vn 0.0286 0.9991 0.0302
vn 0.0611 0.9971 -0.0444
vn 0.0815 0.9917 -0.0997
vn 0.1016 0.9917 -0.0793
vn 0.0466 0.9983 -0.0340
vn -0.0000 0.9998 -0.0200
vn 0.0088 0.9999 -0.0112
vn -0.0240 0.9996 0.0111
vn -0.0071 0.9998 0.0199
vn 0.0240 0.9997 0.0017
vn -0.0769 0.9970 -0.0093
vn -0.0474 0.9986 0.0217
vn 0.0252 0.9997 0.0076
vn 0.0276 0.9995 0.0182
vn 0.0901 0.9957 0.0235
vn 0.0593 0.9982 -0.0105
vn -0.0467 0.9984 -0.0310
vn -0.0635 0.9976 -0.0266
vn -0.0574 0.9974 -0.0446
vn -0.0545 0.9966 -0.0613
vn -0.0287 0.9986 -0.0438
vn -0.0323 0.9991 -0.0276
vn -0.0123 0.9995 -0.0300
vn 0.0088 0.9994 -0.0323
vn 0.0076 0.9995 -0.0300
vn 0.0112 0.9996 -0.0241
vn 0.0153 0.9998 -0.0094
vn 0.0100 0.9999 -0.0006
vn -0.0035 0.9999 -0.0094
vn 0.0379 0.9993 0.0061
vn 0.0035 0.9996 0.0265
vn -0.0191 0.9998 0.0085
vn 0.0428 0.9989 -0.0204
vn 0.0270 0.9987 -0.0433
vn 0.0024 0.9994 -0.0340
vn 0.0082 0.9999 -0.0082
vn 0.0165 0.9998 0.0070
vn 0.0739 0.9964 0.0415
vn 0.0880 0.9941 0.0634
vn 0.0275 0.9990 0.0345
vn 0.0047 1.0000 0.0047
vn -0.0164 0.9996 0.0211
vn 0.0041 0.9994 0.0334
vn 0.0164 0.9998 0.0129
vn -0.0182 0.9998 0.0123
vn -0.0129 0.9990 0.0422
vn 0.0053 0.9992 0.0392
vn -0.0880 0.9959 0.0198
vn -0.1090 0.9936 0.0286
vn -0.0294 0.9994 0.0153
vn -0.0148 0.9992 -0.0378
vn -0.0394 0.9972 -0.0634
vn -0.0081 0.9972 -0.0739
vn 0.0900 0.9888 -0.1193
vn 0.1080 0.9817 -0.1570
vn 0.0622 0.9896 -0.1296
vn 0.0302 0.9975 -0.0638
vn -0.0211 0.9977 0.0642
vn 0.0023 0.9966 0.0827
vn -0.0112 0.9985 0.0544
vn 0.0141 0.9998 0.0118
vn 0.0352 0.9994 -0.0023
vn -0.0752 0.9971 0.0075
vn -0.0540 0.9985 0.0085
vn 0.0293 0.9992 0.0259
vn 0.0270 0.9996 0.0118
vn 0.0695 0.9972 0.0273
vn 0.0411 0.9941 0.1006
vn -0.0459 0.9892 0.1390
vn -0.0486 0.9916 0.1201
vn -0.0095 0.9971 0.0759
vn -0.0118 0.9999 0.0022
vn -0.0270 0.9978 -0.0599
vn -0.0486 0.9969 -0.0615
vn -0.0246 0.9992 -0.0305
vn 0.0029 0.9999 -0.0100
vn 0.0141 0.9997 -0.0188
vn 0.0024 0.9997 -0.0235
vn 0.0047 0.9999 -0.0141
vn 0.0246 0.9993 -0.0281
vn 0.0523 0.9949 -0.0859
vn -0.0146 0.9945 -0.1035
vn -0.0423 0.9981 -0.0438
vn 0.0586 0.9983 -0.0070
vn 0.0414 0.9990 -0.0146
vn -0.0229 0.9996 -0.0135
vn -0.0059 1.0000 -0.0000
vn 0.0257 0.9992 0.0316
vn 0.0735 0.9947 0.0722
vn 0.0571 0.9946 0.0866
vn 0.0305 0.9977 0.0607
vn 0.0199 0.9996 0.0199
vn 0.0006 1.0000 -0.0006
vn -0.0047 1.0000 -0.0035
vn -0.0504 0.9986 0.0141
vn -0.0136 0.9985 0.0534
vn 0.0491 0.9971 0.0584
vn -0.0118 0.9997 0.0199
vn -0.0276 0.9996 -0.0017
vn 0.0217 0.9998 -0.0006
vn -0.0614 0.9978 -0.0246
vn -0.0904 0.9930 -0.0763
vn 0.0107 0.9926 -0.1206
vn 0.0227 0.9888 -0.1472
vn -0.0317 0.9857 -0.1653
vn 0.0162 0.9827 -0.1846
vn 0.0925 0.9825 -0.1615
vn 0.0436 0.9968 -0.0663
vn -0.0052 0.9992 0.0390
vn -0.0146 0.9963 0.0844
vn -0.0368 0.9951 0.0916
vn -0.0298 0.9962 0.0813
vn 0.0212 0.9984 0.0521
vn 0.0254 0.9993 0.0263
vn 0.0383 0.9992 0.0088
vn 0.0340 0.9994 -0.0000
vn -0.0734 0.9973 -0.0094
vn -0.0610 0.9621 -0.2657
vn 0.0169 0.9657 -0.2590
vn 0.0355 0.9681 -0.2482
vn 0.0126 0.9736 -0.2278
vn -0.0218 0.9846 -0.1734
vn -0.0254 0.9858 -0.1662
vn -0.0253 0.9814 -0.1902
vn 0.0100 0.9829 -0.1840
vn 0.0215 0.9853 -0.1696
vn -0.0036 0.9839 -0.1788
vn -0.0492 0.9788 -0.1987
vn -0.0229 0.9752 -0.2200
vn 0.0107 0.9698 -0.2435
vn 0.0067 0.9685 -0.2491
vn 0.0118 0.9710 -0.2387
vn -0.0040 0.9731 -0.2303
vn 0.0006 0.9740 -0.2264
vn 0.0477 0.9713 -0.2330
vn 0.0827 0.9671 -0.2406
vn -0.0316 0.9700 -0.2410
vn -0.0713 0.9694 -0.2350
vn 0.0407 0.9746 -0.2203
vn 0.0357 0.9799 -0.1963
vn -0.0156 0.9794 -0.2012
vn -0.0099 0.9765 -0.2153
vn 0.0014 0.9769 -0.2135
vn 0.0007 0.9783 -0.2072
vn 0.0338 0.9820 -0.1856
vn 0.0364 0.9893 -0.1412
vn 0.0569 0.9910 -0.1215
vn 0.0488 0.9887 -0.1420
vn -0.0034 0.9890 -0.1479
vn -0.0029 0.9899 -0.1420
vn 0.0006 0.9902 -0.1399
vn -0.0349 0.9938 -0.1056
vn -0.0541 0.9984 -0.0142
vn -0.0506 0.9950 0.0866
vn -0.0456 0.9929 0.1099
vn 0.0318 0.9992 0.0230
vn 0.0914 0.9935 -0.0672
vn 0.0255 0.9934 -0.1116
vn -0.0293 0.9916 -0.1259
vn 0.0018 0.9944 -0.1058
vn -0.0017 0.9926 -0.1216
vn -0.0253 0.9813 -0.1907
vn -0.0293 0.9848 -0.1713
vn -0.0156 0.9974 -0.0707
vn -0.0111 0.9993 -0.0352
vn 0.0088 0.9996 -0.0280
vn 0.0381 0.9992 0.0150
vn -0.0348 0.9980 0.0527
vn -0.1042 0.9868 0.1238
vn -0.0215 0.9826 0.1842
vn 0.0223 0.9918 0.1259
vn 0.0030 0.9990 0.0452
vn 0.0271 0.9990 0.0348
vn 0.0177 0.9979 0.0628
vn 0.0355 0.9952 0.0909
vn 0.0466 0.9950 0.0885
vn 0.0134 0.9980 0.0625
vn 0.0070 0.9991 0.0411
vn 0.0258 0.9996 0.0082
vn 0.0024 0.9965 -0.0837
vt 0.015625 0.015625
vt 0.031250 0.015625
vt 0.031250 0.031250
vt 0.015625 0.031250
vt 0.046875 0.015625
vt 0.046875 0.031250
vt 0.062500 0.015625
vt 0.062500 0.031250
vt 0.078125 0.015625
vt 0.078125 0.031250
vt 0.093750 0.015625
vt 0.093750 0.031250
vt 0.109375 0.015625
vt 0.109375 0.031250
vt 0.125000 0.015625
vt 0.125000 0.031250
vt 0.140625 0.015625
vt 0.140625 0.031250
vt 0.156250 0.015625
vt 0.156250 0.031250
vt 0.171875 0.015625
vt 0.171875 0.031250
vt 0.187500 0.015625
vt 0.187500 0.031250
vt 0.203125 0.015625
vt 0.203125 0.031250
vt 0.218750 0.015625
vt 0.218750 0.031250
vt 0.234375 0.015625
vt 0.234375 0.031250
vt 0.250000 0.015625
vt 0.250000 0.031250
vt 0.265625 0.015625
vt 0.265625 0.031250
vt 0.281250 0.015625
vt 0.281250 0.031250
vt 0.296875 0.015625
vt 0.296875 0.031250
vt 0.312500 0.015625
vt 0.312500 0.031250
vt 0.328125 0.015625
vt 0.328125 0.031250
vt 0.343750 0.015625
vt 0.343750 0.031250
vt 0.359375 0.015625
vt 0.359375 0.031250
vt 0.375000 0.015625
vt 0.375000 0.031250
vt 0.390625 0.015625
vt 0.390625 0.031250
vt 0.406250 0.015625
vt 0.406250 0.031250
vt 0.421875 0.015625
vt 0.421875 0.031250
vt 0.437500 0.015625
vt 0.437500 0.031250
vt 0.453125 0.015625
vt 0.453125 0.031250
vt 0.468750 0.015625
vt 0.468750 0.031250
vt 0.484375 0.015625
vt 0.484375 0.031250
vt 0.500000 0.015625
vt 0.500000 0.031250
vt 0.515625 0.015625
vt 0.515625 0.031250
vt 0.531250 0.015625
vt 0.531250 0.031250
vt 0.546875 0.015625
vt 0.546875 0.031250
vt 0.562500 0.015625
vt 0.562500 0.031250
vt 0.578125 0.015625
vt 0.578125 0.031250
vt 0.593750 0.015625
vt 0.593750 0.031250
vt 0.609375 0.015625
vt 0.609375 0.031250
vt 0.625000 0.015625
vt 0.625000 0.031250
vt 0.640625 0.015625
vt 0.640625 0.031250
vt 0.656250 0.015625
vt 0.656250 0.031250
vt 0.671875 0.015625
vt 0.671875 0.031250
vt 0.687500 0.015625
vt 0.687500 0.031250
vt 0.703125 0.015625
vt 0.703125 0.031250
vt 0.718750 0.015625
vt 0.718750 0.031250
vt 0.734375 0.015625
vt 0.734375 0.031250
vt 0.750000 0.015625
vt 0.750000 0.031250
vt 0.765625 0.015625
vt 0.765625 0.031250
vt 0.781250 0.015625
vt 0.781250 0.031250
vt 0.796875 0.015625
vt 0.796875 0.031250
vt 0.812500 0.015625
vt 0.812500 0.031250
vt 0.828125 0.015625
vt 0.828125 0.031250
vt 0.843750 0.015625
vt 0.843750 0.031250
vt 0.859375 0.015625
vt 0.859375 0.031250
vt 0.875000 0.015625
vt 0.875000 0.031250
vt 0.890625 0.015625
vt 0.890625 0.031250
vt 0.906250 0.015625
vt 0.906250 0.031250
vt 0.921875 0.015625
vt 0.921875 0.031250
vt 0.937500 0.015625
vt 0.937500 0.031250
vt 0.953125 0.015625
vt 0.953125 0.031250
vt 0.968750 0.015625
vt 0.968750 0.031250
vt 0.984375 0.015625
vt 0.984375 0.031250
vt 0.031250 0.046875
vt 0.015625 0.046875
vt 0.046875 0.046875
vt 0.062500 0.046875
vt 0.078125 0.046875
vt 0.093750 0.046875
vt 0.109375 0.046875
vt 0.125000 0.046875
vt 0.140625 0.046875
vt 0.156250 0.046875
vt 0.171875 0.046875
vt 0.187500 0.046875
vt 0.203125 0.046875
vt 0.218750 0.046875
vt 0.234375 0.046875
vt 0.250000 0.046875
vt 0.265625 0.046875
vt 0.281250 0.046875
vt 0.296875 0.046875
vt 0.312500 0.046875
vt 0.328125 0.046875
vt 0.343750 0.046875
vt 0.359375 0.046875
vt 0.375000 0.046875
vt 0.390625 0.046875
vt 0.406250 0.046875
vt 0.421875 0.046875
vt 0.437500 0.046875
vt 0.453125 0.046875
vt 0.468750 0.046875
vt 0.484375 0.046875
vt 0.500000 0.046875
vt 0.515625 0.046875
vt 0.531250 0.046875
vt 0.546875 0.046875
vt 0.562500 0.046875
vt 0.578125 0.046875
vt 0.593750 0.046875
vt 0.609375 0.046875
vt 0.625000 0.046875
vt 0.640625 0.046875
vt 0.656250 0.046875
vt 0.671875 0.046875
vt 0.687500 0.046875
vt 0.703125 0.046875
vt 0.718750 0.046875
vt 0.734375 0.046875
vt 0.750000 0.046875
vt 0.765625 0.046875
vt 0.781250 0.046875
vt 0.796875 0.046875
vt 0.812500 0.046875
vt 0.828125 0.046875
vt 0.843750 0.046875
vt 0.859375 0.046875
vt 0.875000 0.046875
vt 0.890625 0.046875
vt 0.906250 0.046875
vt 0.921875 0.046875
vt 0.937500 0.046875
vt 0.953125 0.046875
vt 0.968750 0.046875
vt 0.984375 0.046875
vt 0.031250 0.062500
vt 0.015625 0.062500
vt 0.046875 0.062500
vt 0.062500 0.062500
vt 0.078125 0.062500
vt 0.093750 0.062500
vt 0.109375 0.062500
vt 0.125000 0.062500
vt 0.140625 0.062500
vt 0.156250 0.062500
vt 0.171875 0.062500
vt 0.187500 0.062500
vt 0.203125 0.062500
vt 0.218750 0.062500
vt 0.234375 0.062500
vt 0.250000 0.062500
vt 0.265625 0.062500
vt 0.281250 0.062500
vt 0.296875 0.062500
vt 0.312500 0.062500
vt 0.328125 0.062500
vt 0.343750 0.062500
vt 0.359375 0.062500
vt 0.375000 0.062500
vt 0.390625 0.062500
vt 0.406250 0.062500
vt 0.421875 0.062500
vt 0.437500 0.062500
vt 0.453125 0.062500
vt 0.468750 0.062500
vt 0.484375 0.062500
vt 0.500000 0.062500
vt 0.515625 0.062500
vt 0.531250 0.062500
vt 0.546875 0.062500
vt 0.562500 0.062500
vt 0.578125 0.062500
vt 0.593750 0.062500
vt 0.609375 0.062500
vt 0.625000 0.062500
vt 0.640625 0.062500
vt 0.656250 0.062500
vt 0.671875 0.062500
vt 0.687500 0.062500
vt 0.703125 0.062500
vt 0.718750 0.062500
vt 0.734375 0.062500
vt 0.750000 0.062500
vt 0.765625 0.062500
vt 0.781250 0.062500
vt 0.796875 0.062500
vt 0.812500 0.062500
vt 0.828125 0.062500
vt 0.843750 0.062500
vt 0.859375 0.062500
vt 0.875000 0.062500
vt 0.890625 0.062500
vt 0.906250 0.062500
vt 0.921875 0.062500
vt 0.937500 0.062500
vt 0.953125 0.062500
vt 0.968750 0.062500
vt 0.984375 0.062500
vt 0.031250 0.078125
vt 0.015625 0.078125
vt 0.046875 0.078125
vt 0.062500 0.078125
vt 0.078125 0.078125
vt 0.093750 0.078125
vt 0.109375 0.078125
vt 0.125000 0.078125
vt 0.140625 0.078125
vt 0.156250 0.078125
vt 0.171875 0.078125
vt 0.187500 0.078125
vt 0.203125 0.078125
vt 0.218750 0.078125
vt 0.234375 0.078125
vt 0.250000 0.078125
vt 0.265625 0.078125
vt 0.281250 0.078125
vt 0.296875 0.078125
vt 0.312500 0.078125
vt 0.328125 0.078125
vt 0.343750 0.078125
vt 0.359375 0.078125
vt 0.375000 0.078125
vt 0.390625 0.078125
vt 0.406250 0.078125
vt 0.421875 0.078125
vt 0.437500 0.078125
vt 0.453125 0.078125
vt 0.468750 0.078125
vt 0.484375 0.078125
vt 0.500000 0.078125
vt 0.515625 0.078125
vt 0.531250 0.078125
vt 0.546875 0.078125
vt 0.562500 0.078125
vt 0.578125 0.078125
vt 0.593750 0.078125
vt 0.609375 0.078125
vt 0.625000 0.078125
vt 0.640625 0.078125
vt 0.656250 0.078125
vt 0.671875 0.078125
vt 0.687500 0.078125
vt 0.703125 0.078125
vt 0.718750 0.078125
vt 0.734375 0.078125
vt 0.750000 0.078125
vt 0.765625 0.078125
vt 0.781250 0.078125
vt 0.796875 0.078125
vt 0.812500 0.078125
vt 0.828125 0.078125
vt 0.843750 0.078125
vt 0.859375 0.078125
vt 0.875000 0.078125
vt 0.890625 0.078125
vt 0.906250 0.078125
vt 0.921875 0.078125
vt 0.937500 0.078125
vt 0.953125 0.078125
vt 0.968750 0.078125
vt 0.984375 0.078125
vt 0.031250 0.093750
vt 0.015625 0.093750
vt 0.046875 0.093750
vt 0.062500 0.093750
vt 0.078125 0.093750
vt 0.093750 0.093750
vt 0.109375 0.093750
vt 0.125000 0.093750
vt 0.140625 0.093750
vt 0.156250 0.093750
vt 0.171875 0.093750
vt 0.187500 0.093750
vt 0.203125 0.093750
vt 0.218750 0.093750
vt 0.234375 0.093750
vt 0.250000 0.093750
vt 0.265625 0.093750
vt 0.281250 0.093750
vt 0.296875 0.093750
vt 0.312500 0.093750
vt 0.328125 0.093750
vt 0.343750 0.093750
vt 0.359375 0.093750
vt 0.375000 0.093750
vt 0.390625 0.093750
vt 0.406250 0.093750
vt 0.421875 0.093750
vt 0.437500 0.093750
vt 0.453125 0.093750
vt 0.468750 0.093750
vt 0.484375 0.093750
vt 0.500000 0.093750
vt 0.515625 0.093750
vt 0.531250 0.093750
vt 0.546875 0.093750
vt 0.562500 0.093750
vt 0.578125 0.093750
vt 0.593750 0.093750
vt 0.609375 0.093750
vt 0.625000 0.093750
vt 0.640625 0.093750
vt 0.656250 0.093750
vt 0.671875 0.093750
vt 0.687500 0.093750
vt 0.703125 0.093750
vt 0.718750 0.093750
vt 0.734375 0.093750
vt 0.750000 0.093750
vt 0.765625 0.093750
vt 0.781250 0.093750
vt 0.796875 0.093750
vt 0.812500 0.093750
vt 0.828125 0.093750
vt 0.843750 0.093750
vt 0.859375 0.093750
vt 0.875000 0.093750
vt 0.890625 0.093750
vt 0.906250 0.093750
vt 0.921875 0.093750
vt 0.937500 0.093750
vt 0.953125 0.093750
vt 0.968750 0.093750
vt 0.984375 0.093750
vt 0.031250 0.109375
vt 0.015625 0.109375
vt 0.046875 0.109375
vt 0.062500 0.109375
vt 0.078125 0.109375
vt 0.093750 0.109375
vt 0.109375 0.109375
vt 0.125000 0.109375
vt 0.140625 0.109375
vt 0.156250 0.109375
vt 0.171875 0.109375
vt 0.187500 0.109375
vt 0.203125 0.109375
vt 0.218750 0.109375
vt 0.234375 0.109375
vt 0.250000 0.109375
vt 0.265625 0.109375
vt 0.281250 0.109375
vt 0.296875 0.109375
vt 0.312500 0.109375
vt 0.328125 0.109375
vt 0.343750 0.109375
vt 0.359375 0.109375
vt 0.375000 0.109375
vt 0.390625 0.109375
vt 0.406250 0.109375
vt 0.421875 0.109375
vt 0.437500 0.109375
vt 0.453125 0.109375
vt 0.468750 0.109375
vt 0.484375 0.109375
vt 0.500000 0.109375
vt 0.515625 0.109375
vt 0.531250 0.109375
vt 0.546875 0.109375
vt 0.562500 0.109375
vt 0.578125 0.109375
vt 0.593750 0.109375
vt 0.609375 0.109375
vt 0.625000 0.109375
vt 0.640625 0.109375
vt 0.656250 0.109375
vt 0.671875 0.109375
vt 0.687500 0.109375
vt 0.703125 0.109375
vt 0.718750 0.109375
vt 0.734375 0.109375
vt 0.750000 0.109375
vt 0.765625 0.109375
vt 0.781250 0.109375
vt 0.796875 0.109375
vt 0.812500 0.109375
vt 0.828125 0.109375
vt 0.843750 0.109375
vt 0.859375 0.109375
vt 0.875000 0.109375
vt 0.890625 0.109375
vt 0.906250 0.109375
vt 0.921875 0.109375
vt 0.937500 0.109375
vt 0.953125 0.109375
vt 0.968750 0.109375
vt 0.984375 0.109375
vt 0.031250 0.125000
vt 0.015625 0.125000
vt 0.046875 0.125000
vt 0.062500 0.125000
vt 0.078125 0.125000
vt 0.093750 0.125000
vt 0.109375 0.125000
vt 0.125000 0.125000
vt 0.140625 0.125000
vt 0.156250 0.125000
vt 0.171875 0.125000
vt 0.187500 0.125000
vt 0.203125 0.125000
vt 0.218750 0.125000
vt 0.234375 0.125000
vt 0.250000 0.125000
vt 0.265625 0.125000
vt 0.281250 0.125000
vt 0.296875 0.125000
vt 0.312500 0.125000
vt 0.328125 0.125000
vt 0.343750 0.125000
vt 0.359375 0.125000
vt 0.375000 0.125000
vt 0.390625 0.125000
vt 0.406250 0.125000
vt 0.421875 0.125000
vt 0.437500 0.125000
vt 0.453125 0.125000
vt 0.468750 0.125000
vt 0.484375 0.125000
vt 0.500000 0.125000
vt 0.515625 0.125000
vt 0.531250 0.125000
vt 0.546875 0.125000
vt 0.562500 0.125000
vt 0.578125 0.125000
vt 0.593750 0.125000
vt 0.609375 0.125000
vt 0.625000 0.125000
vt 0.640625 0.125000
vt 0.656250 0.125000
vt 0.671875 0.125000
vt 0.687500 0.125000
vt 0.703125 0.125000
vt 0.718750 0.125000
vt 0.734375 0.125000
vt 0.750000 0.125000
vt 0.765625 0.125000
vt 0.781250 0.125000
vt 0.796875 0.125000
vt 0.812500 0.125000
vt 0.828125 0.125000
vt 0.843750 0.125000
vt 0.859375 0.125000
vt 0.875000 0.125000
vt 0.890625 0.125000
vt 0.906250 0.125000
vt 0.921875 0.125000
vt 0.937500 0.125000
vt 0.953125 0.125000
vt 0.968750 0.125000
vt 0.984375 0.125000
vt 0.031250 0.140625
vt 0.015625 0.140625
vt 0.046875 0.140625
vt 0.062500 0.140625
vt 0.078125 0.140625
vt 0.093750 0.140625
vt 0.109375 0.140625
vt 0.125000 0.140625
vt 0.140625 0.140625
vt 0.156250 0.140625
vt 0.171875 0.140625
vt 0.187500 0.140625
vt 0.203125 0.140625
vt 0.218750 0.140625
vt 0.234375 0.140625
vt 0.250000 0.140625
vt 0.265625 0.140625
vt 0.281250 0.140625
vt 0.296875 0.140625
vt 0.312500 0.140625
vt 0.328125 0.140625
vt 0.343750 0.140625
vt 0.359375 0.140625
vt 0.375000 0.140625
vt 0.390625 0.140625
vt 0.406250 0.140625
vt 0.421875 0.140625
vt 0.437500 0.140625
vt 0.453125 0.140625
vt 0.468750 0.140625
vt 0.484375 0.140625
vt 0.500000 0.140625
vt 0.515625 0.140625
vt 0.531250 0.140625
vt 0.546875 0.140625
vt 0.562500 0.140625
vt 0.578125 0.140625
vt 0.593750 0.140625
vt 0.609375 0.140625
vt 0.625000 0.140625
vt 0.640625 0.140625
vt 0.656250 0.140625
vt 0.671875 0.140625
vt 0.687500 0.140625
vt 0.703125 0.140625
vt 0.718750 0.140625
vt 0.734375 0.140625
vt 0.750000 0.140625
vt 0.765625 0.140625
vt 0.781250 0.140625
vt 0.796875 0.140625
vt 0.812500 0.140625
vt 0.828125 0.140625
vt 0.843750 0.140625
vt 0.859375 0.140625
vt 0.875000 0.140625
vt 0.890625 0.140625
vt 0.906250 0.140625
vt 0.921875 0.140625
vt 0.937500 0.140625
vt 0.953125 0.140625
vt 0.968750 0.140625
vt 0.984375 0.140625
vt 0.031250 0.156250
vt 0.015625 0.156250
vt 0.046875 0.156250
vt 0.062500 0.156250
vt 0.078125 0.156250
vt 0.093750 0.156250
vt 0.109375 0.156250
vt 0.125000 0.156250
vt 0.140625 0.156250
vt 0.156250 0.156250
vt 0.171875 0.156250
vt 0.187500 0.156250
vt 0.203125 0.156250
vt 0.218750 0.156250
vt 0.234375 0.156250
vt 0.250000 0.156250
vt 0.265625 0.156250
vt 0.281250 0.156250
vt 0.296875 0.156250
vt 0.312500 0.156250
vt 0.328125 0.156250
vt 0.343750 0.156250
vt 0.359375 0.156250
vt 0.375000 0.156250
vt 0.390625 0.156250
vt 0.406250 0.156250
vt 0.421875 0.156250
vt 0.437500 0.156250
vt 0.453125 0.156250
vt 0.468750 0.156250
vt 0.484375 0.156250
vt 0.500000 0.156250
vt 0.515625 0.156250
vt 0.531250 0.156250
vt 0.546875 0.156250
vt 0.562500 0.156250
vt 0.578125 0.156250
vt 0.593750 0.156250
vt 0.609375 0.156250
vt 0.625000 0.156250
vt 0.640625 0.156250
vt 0.656250 0.156250
vt 0.671875 0.156250
vt 0.687500 0.156250
vt 0.703125 0.156250
vt 0.718750 0.156250
vt 0.734375 0.156250
vt 0.750000 0.156250
vt 0.765625 0.156250
vt 0.781250 0.156250
vt 0.796875 0.156250
vt 0.812500 0.156250
vt 0.828125 0.156250
vt 0.843750 0.156250
vt 0.859375 0.156250
vt 0.875000 0.156250
vt 0.890625 0.156250
vt 0.906250 0.156250
vt 0.921875 0.156250
vt 0.937500 0.156250
vt 0.953125 0.156250
vt 0.968750 0.156250
vt 0.984375 0.156250
vt 0.031250 0.171875
vt 0.015625 0.171875
vt 0.046875 0.171875
vt 0.062500 0.171875
vt 0.078125 0.171875
vt 0.093750 0.171875
vt 0.109375 0.171875
vt 0.125000 0.171875
vt 0.140625 0.171875
vt 0.156250 0.171875
vt 0.171875 0.171875
vt 0.187500 0.171875
vt 0.203125 0.171875
vt 0.218750 0.171875
vt 0.234375 0.171875
vt 0.250000 0.171875
vt 0.265625 0.171875
vt 0.281250 0.171875
vt 0.296875 0.171875
vt 0.312500 0.171875
vt 0.328125 0.171875
vt 0.343750 0.171875
vt 0.359375 0.171875
vt 0.375000 0.171875
vt 0.390625 0.171875
vt 0.406250 0.171875
vt 0.421875 0.171875
vt 0.437500 0.171875
vt 0.453125 0.171875
vt 0.468750 0.171875
vt 0.484375 0.171875
vt 0.500000 0.171875
vt 0.515625 0.171875
vt 0.531250 0.171875
vt 0.546875 0.171875
vt 0.562500 0.171875
vt 0.578125 0.171875
vt 0.593750 0.171875
vt 0.609375 0.171875
vt 0.625000 0.171875
vt 0.640625 0.171875
vt 0.656250 0.171875
vt 0.671875 0.171875
vt 0.687500 0.171875
vt 0.703125 0.171875
vt 0.718750 0.171875
vt 0.734375 0.171875
vt 0.750000 0.171875
vt 0.765625 0.171875
vt 0.781250 0.171875
vt 0.796875 0.171875
vt 0.812500 0.171875
vt 0.828125 0.171875
vt 0.843750 0.171875
vt 0.859375 0.171875
vt 0.875000 0.171875
vt 0.890625 0.171875
vt 0.906250 0.171875
vt 0.921875 0.171875
vt 0.937500 0.171875
vt 0.953125 0.171875
vt 0.968750 0.171875
vt 0.984375 0.171875
vt 0.031250 0.187500
vt 0.015625 0.187500
vt 0.046875 0.187500
vt 0.062500 0.187500
vt 0.078125 0.187500
vt 0.093750 0.187500
vt 0.109375 0.187500
vt 0.125000 0.187500
vt 0.140625 0.187500
vt 0.156250 0.187500
vt 0.171875 0.187500
vt 0.187500 0.187500
vt 0.203125 0.187500
vt 0.218750 0.187500
vt 0.234375 0.187500
vt 0.250000 0.187500
vt 0.265625 0.187500
vt 0.281250 0.187500
vt 0.296875 0.187500
vt 0.312500 0.187500
vt 0.328125 0.187500
vt 0.343750 0.187500
vt 0.359375 0.187500
vt 0.375000 0.187500
vt 0.390625 0.187500
vt 0.406250 0.187500
vt 0.421875 0.187500
vt 0.437500 0.187500
vt 0.453125 0.187500
vt 0.468750 0.187500
vt 0.484375 0.187500
vt 0.500000 0.187500
vt 0.515625 0.187500
vt 0.531250 0.187500
vt 0.546875 0.187500
vt 0.562500 0.187500
vt 0.578125 0.187500
vt 0.593750 0.187500
vt 0.609375 0.187500
vt 0.625000 0.187500
vt 0.640625 0.187500
vt 0.656250 0.187500
vt 0.671875 0.187500
vt 0.687500 0.187500
vt 0.703125 0.187500
vt 0.718750 0.187500
vt 0.734375 0.187500
vt 0.750000 0.187500
vt 0.765625 0.187500
vt 0.781250 0.187500
vt 0.796875 0.187500
vt 0.812500 0.187500
vt 0.828125 0.187500
vt 0.843750 0.187500
vt 0.859375 0.187500
vt 0.875000 0.187500
vt 0.890625 0.187500
vt 0.906250 0.187500
vt 0.921875 0.187500
vt 0.937500 0.187500
vt 0.953125 0.187500
vt 0.968750 0.187500
vt 0.984375 0.187500
vt 0.031250 0.203125
vt 0.015625 0.203125
vt 0.046875 0.203125
vt 0.062500 0.203125
vt 0.078125 0.203125
vt 0.093750 0.203125
vt 0.109375 0.203125
vt 0.125000 0.203125
vt 0.140625 0.203125
vt 0.156250 0.203125
vt 0.171875 0.203125
vt 0.187500 0.203125
vt 0.203125 0.203125
vt 0.218750 0.203125
vt 0.234375 0.203125
vt 0.250000 0.203125
vt 0.265625 0.203125
vt 0.281250 0.203125
vt 0.296875 0.203125
vt 0.312500 0.203125
vt 0.328125 0.203125
vt 0.343750 0.203125
vt 0.359375 0.203125
vt 0.375000 0.203125
vt 0.390625 0.203125
vt 0.406250 0.203125
vt 0.421875 0.203125
vt 0.437500 0.203125
vt 0.453125 0.203125
vt 0.468750 0.203125
vt 0.484375 0.203125
vt 0.500000 0.203125
vt 0.515625 0.203125
vt 0.531250 0.203125
vt 0.546875 0.203125
vt 0.562500 0.203125
vt 0.578125 0.203125
vt 0.593750 0.203125
vt 0.609375 0.203125
vt 0.625000 0.203125
vt 0.640625 0.203125
vt 0.656250 0.203125
vt 0.671875 0.203125
vt 0.687500 0.203125
vt 0.703125 0.203125
vt 0.718750 0.203125
vt 0.734375 0.203125
vt 0.750000 0.203125
vt 0.765625 0.203125
vt 0.781250 0.203125
vt 0.796875 0.203125
vt 0.812500 0.203125
vt 0.828125 0.203125
vt 0.843750 0.203125
vt 0.859375 0.203125
vt 0.875000 0.203125
vt 0.890625 0.203125
vt 0.906250 0.203125
vt 0.921875 0.203125
vt 0.937500 0.203125
vt 0.953125 0.203125
vt 0.968750 0.203125
vt 0.984375 0.203125
vt 0.031250 0.218750
vt 0.015625 0.218750
vt 0.046875 0.218750
vt 0.062500 0.218750
vt 0.078125 0.218750
vt 0.093750 0.218750
vt 0.109375 0.218750
vt 0.125000 0.218750
vt 0.140625 0.218750
vt 0.156250 0.218750
vt 0.171875 0.218750
vt 0.187500 0.218750
vt 0.203125 0.218750
vt 0.218750 0.218750
vt 0.234375 0.218750
vt 0.250000 0.218750
vt 0.265625 0.218750
vt 0.281250 0.218750
vt 0.296875 0.218750
vt 0.312500 0.218750
vt 0.328125 0.218750
vt 0.343750 0.218750
vt 0.359375 0.218750
vt 0.375000 0.218750
vt 0.390625 0.218750
vt 0.406250 0.218750
vt 0.421875 0.218750
vt 0.437500 0.218750
vt 0.453125 0.218750
vt 0.468750 0.218750
vt 0.484375 0.218750
vt 0.500000 0.218750
vt 0.515625 0.218750
vt 0.531250 0.218750
vt 0.546875 0.218750
vt 0.562500 0.218750
vt 0.578125 0.218750
vt 0.593750 0.218750
vt 0.609375 0.218750
vt 0.625000 0.218750
vt 0.640625 0.218750
vt 0.656250 0.218750
vt 0.671875 0.218750
vt 0.687500 0.218750
vt 0.703125 0.218750
vt 0.718750 0.218750
vt 0.734375 0.218750
vt 0.750000 0.218750
vt 0.765625 0.218750
vt 0.781250 0.218750
vt 0.796875 0.218750
vt 0.812500 0.218750
vt 0.828125 0.218750
vt 0.843750 0.218750
vt 0.859375 0.218750
vt 0.875000 0.218750
vt 0.890625 0.218750
vt 0.906250 0.218750
vt 0.921875 0.218750
vt 0.937500 0.218750
vt 0.953125 0.218750
vt 0.968750 0.218750
vt 0.984375 0.218750
vt 0.031250 0.234375
vt 0.015625 0.234375
vt 0.046875 0.234375
vt 0.062500 0.234375
vt 0.078125 0.234375
vt 0.093750 0.234375
vt 0.109375 0.234375
vt 0.125000 0.234375
vt 0.140625 0.234375
vt 0.156250 0.234375
vt 0.171875 0.234375
vt 0.187500 0.234375
vt 0.203125 0.234375
vt 0.218750 0.234375
vt 0.234375 0.234375
vt 0.250000 0.234375
vt 0.265625 0.234375
vt 0.281250 0.234375
vt 0.296875 0.234375
vt 0.312500 0.234375
vt 0.328125 0.234375
vt 0.343750 0.234375
vt 0.359375 0.234375
vt 0.375000 0.234375
vt 0.390625 0.234375
vt 0.406250 0.234375
vt 0.421875 0.234375
vt 0.437500 0.234375
vt 0.453125 0.234375
vt 0.468750 0.234375
vt 0.484375 0.234375
vt 0.500000 0.234375
vt 0.515625 0.234375
vt 0.531250 0.234375
vt 0.546875 0.234375
vt 0.562500 0.234375
vt 0.578125 0.234375
vt 0.593750 0.234375
vt 0.609375 0.234375
vt 0.625000 0.234375
vt 0.640625 0.234375
vt 0.656250 0.234375
vt 0.671875 0.234375
vt 0.687500 0.234375
vt 0.703125 0.234375
vt 0.718750 0.234375
vt 0.734375 0.234375
vt 0.750000 0.234375
vt 0.765625 0.234375
vt 0.781250 0.234375
vt 0.796875 0.234375
vt 0.812500 0.234375
vt 0.828125 0.234375
vt 0.843750 0.234375
vt 0.859375 0.234375
vt 0.875000 0.234375
vt 0.890625 0.234375
vt 0.906250 0.234375
vt 0.921875 0.234375
vt 0.937500 0.234375
vt 0.953125 0.234375
vt 0.968750 0.234375
vt 0.984375 0.234375
vt 0.031250 0.250000
vt 0.015625 0.250000
vt 0.046875 0.250000
vt 0.062500 0.250000
vt 0.078125 0.250000
vt 0.093750 0.250000
vt 0.109375 0.250000
vt 0.125000 0.250000
vt 0.140625 0.250000
vt 0.156250 0.250000
vt 0.171875 0.250000
vt 0.187500 0.250000
vt 0.203125 0.250000
vt 0.218750 0.250000
vt 0.234375 0.250000
vt 0.250000 0.250000
vt 0.265625 0.250000
vt 0.281250 0.250000
vt 0.296875 0.250000
vt 0.312500 0.250000
vt 0.328125 0.250000
vt 0.343750 0.250000
vt 0.359375 0.250000
vt 0.375000 0.250000
vt 0.390625 0.250000
vt 0.406250 0.250000
vt 0.421875 0.250000
vt 0.437500 0.250000
vt 0.453125 0.250000
vt 0.468750 0.250000
vt 0.484375 0.250000
vt 0.500000 0.250000
vt 0.515625 0.250000
vt 0.531250 0.250000
vt 0.546875 0.250000
vt 0.562500 0.250000
vt 0.578125 0.250000
vt 0.593750 0.250000
vt 0.609375 0.250000
vt 0.625000 0.250000
vt 0.640625 0.250000
vt 0.656250 0.250000
vt 0.671875 0.250000
vt 0.687500 0.250000
vt 0.703125 0.250000
vt 0.718750 0.250000
vt 0.734375 0.250000
vt 0.750000 0.250000
vt 0.765625 0.250000
vt 0.781250 0.250000
vt 0.796875 0.250000
vt 0.812500 0.250000
vt 0.828125 0.250000
vt 0.843750 0.250000
vt 0.859375 0.250000
vt 0.875000 0.250000
vt 0.890625 0.250000
vt 0.906250 0.250000
vt 0.921875 0.250000
vt 0.937500 0.250000
vt 0.953125 0.250000
vt 0.968750 0.250000
vt 0.984375 0.250000
vt 0.031250 0.265625
vt 0.015625 0.265625
vt 0.046875 0.265625
vt 0.062500 0.265625
vt 0.078125 0.265625
vt 0.093750 0.265625
vt 0.109375 0.265625
vt 0.125000 0.265625
vt 0.140625 0.265625
vt 0.156250 0.265625
vt 0.171875 0.265625
vt 0.187500 0.265625
vt 0.203125 0.265625
vt 0.218750 0.265625
vt 0.234375 0.265625
vt 0.250000 0.265625
vt 0.265625 0.265625
vt 0.281250 0.265625
vt 0.296875 0.265625
vt 0.312500 0.265625
vt 0.328125 0.265625
vt 0.343750 0.265625
vt 0.359375 0.265625
vt 0.375000 0.265625
vt 0.390625 0.265625
vt 0.406250 0.265625
vt 0.421875 0.265625
vt 0.437500 0.265625
vt 0.453125 0.265625
vt 0.468750 0.265625
vt 0.484375 0.265625
vt 0.500000 0.265625
vt 0.515625 0.265625
vt 0.531250 0.265625
vt 0.546875 0.265625
vt 0.562500 0.265625
vt 0.578125 0.265625
vt 0.593750 0.265625
vt 0.609375 0.265625
vt 0.625000 0.265625
vt 0.640625 0.265625
vt 0.656250 0.265625
vt 0.671875 0.265625
vt 0.687500 0.265625
vt 0.703125 0.265625
vt 0.718750 0.265625
vt 0.734375 0.265625
vt 0.750000 0.265625
vt 0.765625 0.265625
vt 0.781250 0.265625
vt 0.796875 0.265625
vt 0.812500 0.265625
vt 0.828125 0.265625
vt 0.843750 0.265625
vt 0.859375 0.265625
vt 0.875000 0.265625
vt 0.890625 0.265625
vt 0.906250 0.265625
vt 0.921875 0.265625
vt 0.937500 0.265625
vt 0.953125 0.265625
vt 0.968750 0.265625
vt 0.984375 0.265625
vt 0.031250 0.281250
vt 0.015625 0.281250
vt 0.046875 0.281250
vt 0.062500 0.281250
vt 0.078125 0.281250
vt 0.093750 0.281250
vt 0.109375 0.281250
vt 0.125000 0.281250
vt 0.140625 0.281250
vt 0.156250 0.281250
vt 0.171875 0.281250
vt 0.187500 0.281250
vt 0.203125 0.281250
vt 0.218750 0.281250
vt 0.234375 0.281250
vt 0.250000 0.281250
vt 0.265625 0.281250
vt 0.281250 0.281250
vt 0.296875 0.281250
vt 0.312500 0.281250
vt 0.328125 0.281250
vt 0.343750 0.281250
vt 0.359375 0.281250
vt 0.375000 0.281250
vt 0.390625 0.281250
vt 0.406250 0.281250
vt 0.421875 0.281250
vt 0.437500 0.281250
vt 0.453125 0.281250
vt 0.468750 0.281250
vt 0.484375 0.281250
vt 0.500000 0.281250
vt 0.515625 0.281250
vt 0.531250 0.281250
vt 0.546875 0.281250
vt 0.562500 0.281250
vt 0.578125 0.281250
vt 0.593750 0.281250
vt 0.609375 0.281250
vt 0.625000 0.281250
vt 0.640625 0.281250
vt 0.656250 0.281250
vt 0.671875 0.281250
vt 0.687500 0.281250
vt 0.703125 0.281250
vt 0.718750 0.281250
vt 0.734375 0.281250
vt 0.750000 0.281250
vt 0.765625 0.281250
vt 0.781250 0.281250
vt 0.796875 0.281250
vt 0.812500 0.281250
vt 0.828125 0.281250
vt 0.843750 0.281250
vt 0.859375 0.281250
vt 0.875000 0.281250
vt 0.890625 0.281250
vt 0.906250 0.281250
vt 0.921875 0.281250
vt 0.937500 0.281250
vt 0.953125 0.281250
vt 0.968750 0.281250
vt 0.984375 0.281250
vt 0.031250 0.296875
vt 0.015625 0.296875
vt 0.046875 0.296875
vt 0.062500 0.296875
vt 0.078125 0.296875
vt 0.093750 0.296875
vt 0.109375 0.296875
vt 0.125000 0.296875
vt 0.140625 0.296875
vt 0.156250 0.296875
vt 0.171875 0.296875
vt 0.187500 0.296875
vt 0.203125 0.296875
vt 0.218750 0.296875
vt 0.234375 0.296875
vt 0.250000 0.296875
vt 0.265625 0.296875
vt 0.281250 0.296875
vt 0.296875 0.296875
vt 0.312500 0.296875
vt 0.328125 0.296875
vt 0.343750 0.296875
vt 0.359375 0.296875
vt 0.375000 0.296875
vt 0.390625 0.296875
vt 0.406250 0.296875
vt 0.421875 0.296875
vt 0.437500 0.296875
vt 0.453125 0.296875
vt 0.468750 0.296875
vt 0.484375 0.296875
vt 0.500000 0.296875
vt 0.515625 0.296875
vt 0.531250 0.296875
vt 0.546875 0.296875
vt 0.562500 0.296875
vt 0.578125 0.296875
vt 0.593750 0.296875
vt 0.609375 0.296875
vt 0.625000 0.296875
vt 0.640625 0.296875
vt 0.656250 0.296875
vt 0.671875 0.296875
vt 0.687500 0.296875
vt 0.703125 0.296875
vt 0.718750 0.296875
vt 0.734375 0.296875
vt 0.750000 0.296875
vt 0.765625 0.296875
vt 0.781250 0.296875
vt 0.796875 0.296875
vt 0.812500 0.296875
vt 0.828125 0.296875
vt 0.843750 0.296875
vt 0.859375 0.296875
vt 0.875000 0.296875
vt 0.890625 0.296875
vt 0.906250 0.296875
vt 0.921875 0.296875
vt 0.937500 0.296875
vt 0.953125 0.296875
vt 0.968750 0.296875
vt 0.984375 0.296875
vt 0.031250 0.312500
vt 0.015625 0.312500
vt 0.046875 0.312500
vt 0.062500 0.312500
vt 0.078125 0.312500
vt 0.093750 0.312500
vt 0.109375 0.312500
vt 0.125000 0.312500
vt 0.140625 0.312500
vt 0.156250 0.312500
vt 0.171875 0.312500
vt 0.187500 0.312500
vt 0.203125 0.312500
vt 0.218750 0.312500
vt 0.234375 0.312500
vt 0.250000 0.312500
vt 0.265625 0.312500
vt 0.281250 0.312500
vt 0.296875 0.312500
vt 0.312500 0.312500
vt 0.328125 0.312500
vt 0.343750 0.312500
vt 0.359375 0.312500
vt 0.375000 0.312500
vt 0.390625 0.312500
vt 0.406250 0.312500
vt 0.421875 0.312500
vt 0.437500 0.312500
vt 0.453125 0.312500
vt 0.468750 0.312500
vt 0.484375 0.312500
vt 0.500000 0.312500
vt 0.515625 0.312500
vt 0.531250 0.312500
vt 0.546875 0.312500
vt 0.562500 0.312500
vt 0.578125 0.312500
vt 0.593750 0.312500
vt 0.609375 0.312500
vt 0.625000 0.312500
vt 0.640625 0.312500
vt 0.656250 0.312500
vt 0.671875 0.312500
vt 0.687500 0.312500
vt 0.703125 0.312500
vt 0.718750 0.312500
vt 0.734375 0.312500
vt 0.750000 0.312500
vt 0.765625 0.312500
vt 0.781250 0.312500
vt 0.796875 0.312500
vt 0.812500 0.312500
vt 0.828125 0.312500
vt 0.843750 0.312500
vt 0.859375 0.312500
vt 0.875000 0.312500
vt 0.890625 0.312500
vt 0.906250 0.312500
vt 0.921875 0.312500
vt 0.937500 0.312500
vt 0.953125 0.312500
vt 0.968750 0.312500
vt 0.984375 0.312500
vt 0.031250 0.328125
vt 0.015625 0.328125
vt 0.046875 0.328125
vt 0.062500 0.328125
vt 0.078125 0.328125
vt 0.093750 0.328125
vt 0.109375 0.328125
vt 0.125000 0.328125
vt 0.140625 0.328125
vt 0.156250 0.328125
vt 0.171875 0.328125
vt 0.187500 0.328125
vt 0.203125 0.328125
vt 0.218750 0.328125
vt 0.234375 0.328125
vt 0.250000 0.328125
vt 0.265625 0.328125
vt 0.281250 0.328125
vt 0.296875 0.328125
vt 0.312500 0.328125
vt 0.328125 0.328125
vt 0.343750 0.328125
vt 0.359375 0.328125
vt 0.375000 0.328125
vt 0.390625 0.328125
vt 0.406250 0.328125
vt 0.421875 0.328125
vt 0.437500 0.328125
vt 0.453125 0.328125
vt 0.468750 0.328125
vt 0.484375 0.328125
vt 0.500000 0.328125
vt 0.515625 0.328125
vt 0.531250 0.328125
vt 0.546875 0.328125
vt 0.562500 0.328125
vt 0.578125 0.328125
vt 0.593750 0.328125
vt 0.609375 0.328125
vt 0.625000 0.328125
vt 0.640625 0.328125
vt 0.656250 0.328125
vt 0.671875 0.328125
vt 0.687500 0.328125
vt 0.703125 0.328125
vt 0.718750 0.328125
vt 0.734375 0.328125
vt 0.750000 0.328125
vt 0.765625 0.328125
vt 0.781250 0.328125
vt 0.796875 0.328125
vt 0.812500 0.328125
vt 0.828125 0.328125
vt 0.843750 0.328125
vt 0.859375 0.328125
vt 0.875000 0.328125
vt 0.890625 0.328125
vt 0.906250 0.328125
vt 0.921875 0.328125
vt 0.937500 0.328125
vt 0.953125 0.328125
vt 0.968750 0.328125
vt 0.984375 0.328125
vt 0.031250 0.343750
vt 0.015625 0.343750
vt 0.046875 0.343750
vt 0.062500 0.343750
vt 0.078125 0.343750
vt 0.093750 0.343750
vt 0.109375 0.343750
vt 0.125000 0.343750
vt 0.140625 0.343750
vt 0.156250 0.343750
vt 0.171875 0.343750
vt 0.187500 0.343750
vt 0.203125 0.343750
vt 0.218750 0.343750
vt 0.234375 0.343750
vt 0.250000 0.343750
vt 0.265625 0.343750
vt 0.281250 0.343750
vt 0.296875 0.343750
vt 0.312500 0.343750
vt 0.328125 0.343750
vt 0.343750 0.343750
vt 0.359375 0.343750
vt 0.375000 0.343750
vt 0.390625 0.343750
vt 0.406250 0.343750
vt 0.421875 0.343750
vt 0.437500 0.343750
vt 0.453125 0.343750
vt 0.468750 0.343750
vt 0.484375 0.343750
vt 0.500000 0.343750
vt 0.515625 0.343750
vt 0.531250 0.343750
vt 0.546875 0.343750
vt 0.562500 0.343750
vt 0.578125 0.343750
vt 0.593750 0.343750
vt 0.609375 0.343750
vt 0.625000 0.343750
vt 0.640625 0.343750
vt 0.656250 0.343750
vt 0.671875 0.343750
vt 0.687500 0.343750
vt 0.703125 0.343750
vt 0.718750 0.343750
vt 0.734375 0.343750
vt 0.750000 0.343750
vt 0.765625 0.343750
vt 0.781250 0.343750
vt 0.796875 0.343750
vt 0.812500 0.343750
vt 0.828125 0.343750
vt 0.843750 0.343750
vt 0.859375 0.343750
vt 0.875000 0.343750
vt 0.890625 0.343750
vt 0.906250 0.343750
vt 0.921875 0.343750
vt 0.937500 0.343750
vt 0.953125 0.343750
vt 0.968750 0.343750
vt 0.984375 0.343750
vt 0.031250 0.359375
vt 0.015625 0.359375
vt 0.046875 0.359375
vt 0.062500 0.359375
vt 0.078125 0.359375
vt 0.093750 0.359375
vt 0.109375 0.359375
vt 0.125000 0.359375
vt 0.140625 0.359375
vt 0.156250 0.359375
vt 0.171875 0.359375
vt 0.187500 0.359375
vt 0.203125 0.359375
vt 0.218750 0.359375
vt 0.234375 0.359375
vt 0.250000 0.359375
vt 0.265625 0.359375
vt 0.281250 0.359375
vt 0.296875 0.359375
vt 0.312500 0.359375
vt 0.328125 0.359375
vt 0.343750 0.359375
vt 0.359375 0.359375
vt 0.375000 0.359375
vt 0.390625 0.359375
vt 0.406250 0.359375
vt 0.421875 0.359375
vt 0.437500 0.359375
vt 0.453125 0.359375
vt 0.468750 0.359375
vt 0.484375 0.359375
vt 0.500000 0.359375
vt 0.515625 0.359375
vt 0.531250 0.359375
vt 0.546875 0.359375
vt 0.562500 0.359375
vt 0.578125 0.359375
vt 0.593750 0.359375
vt 0.609375 0.359375
vt 0.625000 0.359375
vt 0.640625 0.359375
vt 0.656250 0.359375
vt 0.671875 0.359375
vt 0.687500 0.359375
vt 0.703125 0.359375
vt 0.718750 0.359375
vt 0.734375 0.359375
vt 0.750000 0.359375
vt 0.765625 0.359375
vt 0.781250 0.359375
vt 0.796875 0.359375
vt 0.812500 0.359375
vt 0.828125 0.359375
vt 0.843750 0.359375
vt 0.859375 0.359375
vt 0.875000 0.359375
vt 0.890625 0.359375
vt 0.906250 0.359375
vt 0.921875 0.359375
vt 0.937500 0.359375
vt 0.953125 0.359375
vt 0.968750 0.359375
vt 0.984375 0.359375
vt 0.031250 0.375000
vt 0.015625 0.375000
vt 0.046875 0.375000
vt 0.062500 0.375000
vt 0.078125 0.375000
vt 0.093750 0.375000
vt 0.109375 0.375000
vt 0.125000 0.375000
vt 0.140625 0.375000
vt 0.156250 0.375000
vt 0.171875 0.375000
vt 0.187500 0.375000
vt 0.203125 0.375000
vt 0.218750 0.375000
vt 0.234375 0.375000
vt 0.250000 0.375000
vt 0.265625 0.375000
vt 0.281250 0.375000
vt 0.296875 0.375000
vt 0.312500 0.375000
vt 0.328125 0.375000
vt 0.343750 0.375000
vt 0.359375 0.375000
vt 0.375000 0.375000
vt 0.390625 0.375000
vt 0.406250 0.375000
vt 0.421875 0.375000
vt 0.437500 0.375000
vt 0.453125 0.375000
vt 0.468750 0.375000
vt 0.484375 0.375000
vt 0.500000 0.375000
vt 0.515625 0.375000
vt 0.531250 0.375000
vt 0.546875 0.375000
vt 0.562500 0.375000
vt 0.578125 0.375000
vt 0.593750 0.375000
vt 0.609375 0.375000
vt 0.625000 0.375000
vt 0.640625 0.375000
vt 0.656250 0.375000
vt 0.671875 0.375000
vt 0.687500 0.375000
vt 0.703125 0.375000
vt 0.718750 0.375000
vt 0.734375 0.375000
vt 0.750000 0.375000
vt 0.765625 0.375000
vt 0.781250 0.375000
vt 0.796875 0.375000
vt 0.812500 0.375000
vt 0.828125 0.375000
vt 0.843750 0.375000
vt 0.859375 0.375000
vt 0.875000 0.375000
vt 0.890625 0.375000
vt 0.906250 0.375000
vt 0.921875 0.375000
vt 0.937500 0.375000
vt 0.953125 0.375000
vt 0.968750 0.375000
vt 0.984375 0.375000
vt 0.031250 0.390625
vt 0.015625 0.390625
vt 0.046875 0.390625
vt 0.062500 0.390625
vt 0.078125 0.390625
vt 0.093750 0.390625
vt 0.109375 0.390625
vt 0.125000 0.390625
vt 0.140625 0.390625
vt 0.156250 0.390625
vt 0.171875 0.390625
vt 0.187500 0.390625
vt 0.203125 0.390625
vt 0.218750 0.390625
vt 0.234375 0.390625
vt 0.250000 0.390625
vt 0.265625 0.390625
vt 0.281250 0.390625
vt 0.296875 0.390625
vt 0.312500 0.390625
vt 0.328125 0.390625
vt 0.343750 0.390625
vt 0.359375 0.390625
vt 0.375000 0.390625
vt 0.390625 0.390625
vt 0.406250 0.390625
vt 0.421875 0.390625
vt 0.437500 0.390625
vt 0.453125 0.390625
vt 0.468750 0.390625
vt 0.484375 0.390625
vt 0.500000 0.390625
vt 0.515625 0.390625
vt 0.531250 0.390625
vt 0.546875 0.390625
vt 0.562500 0.390625
vt 0.578125 0.390625
vt 0.593750 0.390625
vt 0.609375 0.390625
vt 0.625000 0.390625
vt 0.640625 0.390625
vt 0.656250 0.390625
vt 0.671875 0.390625
vt 0.687500 0.390625
vt 0.703125 0.390625
vt 0.718750 0.390625
vt 0.734375 0.390625
vt 0.750000 0.390625
vt 0.765625 0.390625
vt 0.781250 0.390625
vt 0.796875 0.390625
vt 0.812500 0.390625
vt 0.828125 0.390625
vt 0.843750 0.390625
vt 0.859375 0.390625
vt 0.875000 0.390625
vt 0.890625 0.390625
vt 0.906250 0.390625
vt 0.921875 0.390625
vt 0.937500 0.390625
vt 0.953125 0.390625
vt 0.968750 0.390625
vt 0.984375 0.390625
vt 0.031250 0.406250
vt 0.015625 0.406250
vt 0.046875 0.406250
vt 0.062500 0.406250
vt 0.078125 0.406250
vt 0.093750 0.406250
vt 0.109375 0.406250
vt 0.125000 0.406250
vt 0.140625 0.406250
vt 0.156250 0.406250
vt 0.171875 0.406250
vt 0.187500 0.406250
vt 0.203125 0.406250
vt 0.218750 0.406250
vt 0.234375 0.406250
vt 0.250000 0.406250
vt 0.265625 0.406250
vt 0.281250 0.406250
vt 0.296875 0.406250
vt 0.312500 0.406250
vt 0.328125 0.406250
vt 0.343750 0.406250
vt 0.359375 0.406250
vt 0.375000 0.406250
vt 0.390625 0.406250
vt 0.406250 0.406250
vt 0.421875 0.406250
vt 0.437500 0.406250
vt 0.453125 0.406250
vt 0.468750 0.406250
vt 0.484375 0.406250
vt 0.500000 0.406250
vt 0.515625 0.406250
vt 0.531250 0.406250
vt 0.546875 0.406250
vt 0.562500 0.406250
vt 0.578125 0.406250
vt 0.593750 0.406250
vt 0.609375 0.406250
vt 0.625000 0.406250
vt 0.640625 0.406250
vt 0.656250 0.406250
vt 0.671875 0.406250
vt 0.687500 0.406250
vt 0.703125 0.406250
vt 0.718750 0.406250
vt 0.734375 0.406250
vt 0.750000 0.406250
vt 0.765625 0.406250
vt 0.781250 0.406250
vt 0.796875 0.406250
vt 0.812500 0.406250
vt 0.828125 0.406250
vt 0.843750 0.406250
vt 0.859375 0.406250
vt 0.875000 0.406250
vt 0.890625 0.406250
vt 0.906250 0.406250
vt 0.921875 0.406250
vt 0.937500 0.406250
vt 0.953125 0.406250
vt 0.968750 0.406250
vt 0.984375 0.406250
vt 0.031250 0.421875
vt 0.015625 0.421875
vt 0.046875 0.421875
vt 0.062500 0.421875
vt 0.078125 0.421875
vt 0.093750 0.421875
vt 0.109375 0.421875
vt 0.125000 0.421875
vt 0.140625 0.421875
vt 0.156250 0.421875
vt 0.171875 0.421875
vt 0.187500 0.421875
vt 0.203125 0.421875
vt 0.218750 0.421875
vt 0.234375 0.421875
vt 0.250000 0.421875
vt 0.265625 0.421875
vt 0.281250 0.421875
vt 0.296875 0.421875
vt 0.312500 0.421875
vt 0.328125 0.421875
vt 0.343750 0.421875
vt 0.359375 0.421875
vt 0.375000 0.421875
vt 0.390625 0.421875
vt 0.406250 0.421875
vt 0.421875 0.421875
vt 0.437500 0.421875
vt 0.453125 0.421875
vt 0.468750 0.421875
vt 0.484375 0.421875
vt 0.500000 0.421875
vt 0.515625 0.421875
vt 0.531250 0.421875
vt 0.546875 0.421875
vt 0.562500 0.421875
vt 0.578125 0.421875
vt 0.593750 0.421875
vt 0.609375 0.421875
vt 0.625000 0.421875
vt 0.640625 0.421875
vt 0.656250 0.421875
vt 0.671875 0.421875
vt 0.687500 0.421875
vt 0.703125 0.421875
vt 0.718750 0.421875
vt 0.734375 0.421875
vt 0.750000 0.421875
vt 0.765625 0.421875
vt 0.781250 0.421875
vt 0.796875 0.421875
vt 0.812500 0.421875
vt 0.828125 0.421875
vt 0.843750 0.421875
vt 0.859375 0.421875
vt 0.875000 0.421875
vt 0.890625 0.421875
vt 0.906250 0.421875
vt 0.921875 0.421875
vt 0.937500 0.421875
vt 0.953125 0.421875
vt 0.968750 0.421875
vt 0.984375 0.421875
vt 0.031250 0.437500
vt 0.015625 0.437500
vt 0.046875 0.437500
vt 0.062500 0.437500
vt 0.078125 0.437500
vt 0.093750 0.437500
vt 0.109375 0.437500
vt 0.125000 0.437500
vt 0.140625 0.437500
vt 0.156250 0.437500
vt 0.171875 0.437500
vt 0.187500 0.437500
vt 0.203125 0.437500
vt 0.218750 0.437500
vt 0.234375 0.437500
vt 0.250000 0.437500
vt 0.265625 0.437500
vt 0.281250 0.437500
vt 0.296875 0.437500
vt 0.312500 0.437500
vt 0.328125 0.437500
vt 0.343750 0.437500
vt 0.359375 0.437500
vt 0.375000 0.437500
vt 0.390625 0.437500
vt 0.406250 0.437500
vt 0.421875 0.437500
vt 0.437500 0.437500
vt 0.453125 0.437500
vt 0.468750 0.437500
vt 0.484375 0.437500
vt 0.500000 0.437500
vt 0.515625 0.437500
vt 0.531250 0.437500
vt 0.546875 0.437500
vt 0.562500 0.437500
vt 0.578125 0.437500
vt 0.593750 0.437500
vt 0.609375 0.437500
vt 0.625000 0.437500
vt 0.640625 0.437500
vt 0.656250 0.437500
vt 0.671875 0.437500
vt 0.687500 0.437500
vt 0.703125 0.437500
vt 0.718750 0.437500
vt 0.734375 0.437500
vt 0.750000 0.437500
vt 0.765625 0.437500
vt 0.781250 0.437500
vt 0.796875 0.437500
vt 0.812500 0.437500
vt 0.828125 0.437500
vt 0.843750 0.437500
vt 0.859375 0.437500
vt 0.875000 0.437500
vt 0.890625 0.437500
vt 0.906250 0.437500
vt 0.921875 0.437500
vt 0.937500 0.437500
vt 0.953125 0.437500
vt 0.968750 0.437500
vt 0.984375 0.437500
vt 0.031250 0.453125
vt 0.015625 0.453125
vt 0.046875 0.453125
vt 0.062500 0.453125
vt 0.078125 0.453125
vt 0.093750 0.453125
vt 0.109375 0.453125
vt 0.125000 0.453125
vt 0.140625 0.453125
vt 0.156250 0.453125
vt 0.171875 0.453125
vt 0.187500 0.453125
vt 0.203125 0.453125
vt 0.218750 0.453125
vt 0.234375 0.453125
vt 0.250000 0.453125
vt 0.265625 0.453125
vt 0.281250 0.453125
vt 0.296875 0.453125
vt 0.312500 0.453125
vt 0.328125 0.453125
vt 0.343750 0.453125
vt 0.359375 0.453125
vt 0.375000 0.453125
vt 0.390625 0.453125
vt 0.406250 0.453125
vt 0.421875 0.453125
vt 0.437500 0.453125
vt 0.453125 0.453125
vt 0.468750 0.453125
vt 0.484375 0.453125
vt 0.500000 0.453125
vt 0.515625 0.453125
vt 0.531250 0.453125
vt 0.546875 0.453125
vt 0.562500 0.453125
vt 0.578125 0.453125
vt 0.593750 0.453125
vt 0.609375 0.453125
vt 0.625000 0.453125
vt 0.640625 0.453125
vt 0.656250 0.453125
vt 0.671875 0.453125
vt 0.687500 0.453125
vt 0.703125 0.453125
vt 0.718750 0.453125
vt 0.734375 0.453125
vt 0.750000 0.453125
vt 0.765625 0.453125
vt 0.781250 0.453125
vt 0.796875 0.453125
vt 0.812500 0.453125
vt 0.828125 0.453125
vt 0.843750 0.453125
vt 0.859375 0.453125
vt 0.875000 0.453125
vt 0.890625 0.453125
vt 0.906250 0.453125
vt 0.921875 0.453125
vt 0.937500 0.453125
vt 0.953125 0.453125
vt 0.968750 0.453125
vt 0.984375 0.453125
vt 0.031250 0.468750
vt 0.015625 0.468750
vt 0.046875 0.468750
vt 0.062500 0.468750
vt 0.078125 0.468750
vt 0.093750 0.468750
vt 0.109375 0.468750
vt 0.125000 0.468750
vt 0.140625 0.468750
vt 0.156250 0.468750
vt 0.171875 0.468750
vt 0.187500 0.468750
vt 0.203125 0.468750
vt 0.218750 0.468750
vt 0.234375 0.468750
vt 0.250000 0.468750
vt 0.265625 0.468750
vt 0.281250 0.468750
vt 0.296875 0.468750
vt 0.312500 0.468750
vt 0.328125 0.468750
vt 0.343750 0.468750
vt 0.359375 0.468750
vt 0.375000 0.468750
vt 0.390625 0.468750
vt 0.406250 0.468750
vt 0.421875 0.468750
vt 0.437500 0.468750
vt 0.453125 0.468750
vt 0.468750 0.468750
vt 0.484375 0.468750
vt 0.500000 0.468750
vt 0.515625 0.468750
vt 0.531250 0.468750
vt 0.546875 0.468750
vt 0.562500 0.468750
vt 0.578125 0.468750
vt 0.593750 0.468750
vt 0.609375 0.468750
vt 0.625000 0.468750
vt 0.640625 0.468750
vt 0.656250 0.468750
vt 0.671875 0.468750
vt 0.687500 0.468750
vt 0.703125 0.468750
vt 0.718750 0.468750
vt 0.734375 0.468750
vt 0.750000 0.468750
vt 0.765625 0.468750
vt 0.781250 0.468750
vt 0.796875 0.468750
vt 0.812500 0.468750
vt 0.828125 0.468750
vt 0.843750 0.468750
vt 0.859375 0.468750
vt 0.875000 0.468750
vt 0.890625 0.468750
vt 0.906250 0.468750
vt 0.921875 0.468750
vt 0.937500 0.468750
vt 0.953125 0.468750
vt 0.968750 0.468750
vt 0.984375 0.468750
vt 0.031250 0.484375
vt 0.015625 0.484375
vt 0.046875 0.484375
vt 0.062500 0.484375
vt 0.078125 0.484375
vt 0.093750 0.484375
vt 0.109375 0.484375
vt 0.125000 0.484375
vt 0.140625 0.484375
vt 0.156250 0.484375
vt 0.171875 0.484375
vt 0.187500 0.484375
vt 0.203125 0.484375
vt 0.218750 0.484375
vt 0.234375 0.484375
vt 0.250000 0.484375
vt 0.265625 0.484375
vt 0.281250 0.484375
vt 0.296875 0.484375
vt 0.312500 0.484375
vt 0.328125 0.484375
vt 0.343750 0.484375
vt 0.359375 0.484375
vt 0.375000 0.484375
vt 0.390625 0.484375
vt 0.406250 0.484375
vt 0.421875 0.484375
vt 0.437500 0.484375
vt 0.453125 0.484375
vt 0.468750 0.484375
vt 0.484375 0.484375
vt 0.500000 0.484375
vt 0.515625 0.484375
vt 0.531250 0.484375
vt 0.546875 0.484375
vt 0.562500 0.484375
vt 0.578125 0.484375
vt 0.593750 0.484375
vt 0.609375 0.484375
vt 0.625000 0.484375
vt 0.640625 0.484375
vt 0.656250 0.484375
vt 0.671875 0.484375
vt 0.687500 0.484375
vt 0.703125 0.484375
vt 0.718750 0.484375
vt 0.734375 0.484375
vt 0.750000 0.484375
vt 0.765625 0.484375
vt 0.781250 0.484375
vt 0.796875 0.484375
vt 0.812500 0.484375
vt 0.828125 0.484375
vt 0.843750 0.484375
vt 0.859375 0.484375
vt 0.875000 0.484375
vt 0.890625 0.484375
vt 0.906250 0.484375
vt 0.921875 0.484375
vt 0.937500 0.484375
vt 0.953125 0.484375
vt 0.968750 0.484375
vt 0.984375 0.484375
vt 0.031250 0.500000
vt 0.015625 0.500000
vt 0.046875 0.500000
vt 0.062500 0.500000
vt 0.078125 0.500000
vt 0.093750 0.500000
vt 0.109375 0.500000
vt 0.125000 0.500000
vt 0.140625 0.500000
vt 0.156250 0.500000
vt 0.171875 0.500000
vt 0.187500 0.500000
vt 0.203125 0.500000
vt 0.218750 0.500000
vt 0.234375 0.500000
vt 0.250000 0.500000
vt 0.265625 0.500000
vt 0.281250 0.500000
vt 0.296875 0.500000
vt 0.312500 0.500000
vt 0.328125 0.500000
vt 0.343750 0.500000
vt 0.359375 0.500000
vt 0.375000 0.500000
vt 0.390625 0.500000
vt 0.406250 0.500000
vt 0.421875 0.500000
vt 0.437500 0.500000
vt 0.453125 0.500000
vt 0.468750 0.500000
vt 0.484375 0.500000
vt 0.500000 0.500000
vt 0.515625 0.500000
vt 0.531250 0.500000
vt 0.546875 0.500000
vt 0.562500 0.500000
vt 0.578125 0.500000
vt 0.593750 0.500000
vt 0.609375 0.500000
vt 0.625000 0.500000
vt 0.640625 0.500000
vt 0.656250 0.500000
vt 0.671875 0.500000
vt 0.687500 0.500000
vt 0.703125 0.500000
vt 0.718750 0.500000
vt 0.734375 0.500000
vt 0.750000 0.500000
vt 0.765625 0.500000
vt 0.781250 0.500000
vt 0.796875 0.500000
vt 0.812500 0.500000
vt 0.828125 0.500000
vt 0.843750 0.500000
vt 0.859375 0.500000
vt 0.875000 0.500000
vt 0.890625 0.500000
vt 0.906250 0.500000
vt 0.921875 0.500000
vt 0.937500 0.500000
vt 0.953125 0.500000
vt 0.968750 0.500000
vt 0.984375 0.500000
vt 0.031250 0.515625
vt 0.015625 0.515625
vt 0.046875 0.515625
vt 0.062500 0.515625
vt 0.078125 0.515625
vt 0.093750 0.515625
vt 0.109375 0.515625
vt 0.125000 0.515625
vt 0.140625 0.515625
vt 0.156250 0.515625
vt 0.171875 0.515625
vt 0.187500 0.515625
vt 0.203125 0.515625
vt 0.218750 0.515625
vt 0.234375 0.515625
vt 0.250000 0.515625
vt 0.265625 0.515625
vt 0.281250 0.515625
vt 0.296875 0.515625
vt 0.312500 0.515625
vt 0.328125 0.515625
vt 0.343750 0.515625
vt 0.359375 0.515625
vt 0.375000 0.515625
vt 0.390625 0.515625
vt 0.406250 0.515625
vt 0.421875 0.515625
vt 0.437500 0.515625
vt 0.453125 0.515625
vt 0.468750 0.515625
vt 0.484375 0.515625
vt 0.500000 0.515625
vt 0.515625 0.515625
vt 0.531250 0.515625
vt 0.546875 0.515625
vt 0.562500 0.515625
vt 0.578125 0.515625
vt 0.593750 0.515625
vt 0.609375 0.515625
vt 0.625000 0.515625
vt 0.640625 0.515625
vt 0.656250 0.515625
vt 0.671875 0.515625
vt 0.687500 0.515625
vt 0.703125 0.515625
vt 0.718750 0.515625
vt 0.734375 0.515625
vt 0.750000 0.515625
vt 0.765625 0.515625
vt 0.781250 0.515625
vt 0.796875 0.515625
vt 0.812500 0.515625
vt 0.828125 0.515625
vt 0.843750 0.515625
vt 0.859375 0.515625
vt 0.875000 0.515625
vt 0.890625 0.515625
vt 0.906250 0.515625
vt 0.921875 0.515625
vt 0.937500 0.515625
vt 0.953125 0.515625
vt 0.968750 0.515625
vt 0.984375 0.515625
vt 0.031250 0.531250
vt 0.015625 0.531250
vt 0.046875 0.531250
vt 0.062500 0.531250
vt 0.078125 0.531250
vt 0.093750 0.531250
vt 0.109375 0.531250
vt 0.125000 0.531250
vt 0.140625 0.531250
vt 0.156250 0.531250
vt 0.171875 0.531250
vt 0.187500 0.531250
vt 0.203125 0.531250
vt 0.218750 0.531250
vt 0.234375 0.531250
vt 0.250000 0.531250
vt 0.265625 0.531250
vt 0.281250 0.531250
vt 0.296875 0.531250
vt 0.312500 0.531250
vt 0.328125 0.531250
vt 0.343750 0.531250
vt 0.359375 0.531250
vt 0.375000 0.531250
vt 0.390625 0.531250
vt 0.406250 0.531250
vt 0.421875 0.531250
vt 0.437500 0.531250
vt 0.453125 0.531250
vt 0.468750 0.531250
vt 0.484375 0.531250
vt 0.500000 0.531250
vt 0.515625 0.531250
vt 0.531250 0.531250
vt 0.546875 0.531250
vt 0.562500 0.531250
vt 0.578125 0.531250
vt 0.593750 0.531250
vt 0.609375 0.531250
vt 0.625000 0.531250
vt 0.640625 0.531250
vt 0.656250 0.531250
vt 0.671875 0.531250
vt 0.687500 0.531250
vt 0.703125 0.531250
vt 0.718750 0.531250
vt 0.734375 0.531250
vt 0.750000 0.531250
vt 0.765625 0.531250
vt 0.781250 0.531250
vt 0.796875 0.531250
vt 0.812500 0.531250
vt 0.828125 0.531250
vt 0.843750 0.531250
vt 0.859375 0.531250
vt 0.875000 0.531250
vt 0.890625 0.531250
vt 0.906250 0.531250
vt 0.921875 0.531250
vt 0.937500 0.531250
vt 0.953125 0.531250
vt 0.968750 0.531250
vt 0.984375 0.531250
vt 0.031250 0.546875
vt 0.015625 0.546875
vt 0.046875 0.546875
vt 0.062500 0.546875
vt 0.078125 0.546875
vt 0.093750 0.546875
vt 0.109375 0.546875
vt 0.125000 0.546875
vt 0.140625 0.546875
vt 0.156250 0.546875
vt 0.171875 0.546875
vt 0.187500 0.546875
vt 0.203125 0.546875
vt 0.218750 0.546875
vt 0.234375 0.546875
vt 0.250000 0.546875
vt 0.265625 0.546875
vt 0.281250 0.546875
vt 0.296875 0.546875
vt 0.312500 0.546875
vt 0.328125 0.546875
vt 0.343750 0.546875
vt 0.359375 0.546875
vt 0.375000 0.546875
vt 0.390625 0.546875
vt 0.406250 0.546875
vt 0.421875 0.546875
vt 0.437500 0.546875
vt 0.453125 0.546875
vt 0.468750 0.546875
vt 0.484375 0.546875
vt 0.500000 0.546875
vt 0.515625 0.546875
vt 0.531250 0.546875
vt 0.546875 0.546875
vt 0.562500 0.546875
vt 0.578125 0.546875
vt 0.593750 0.546875
vt 0.609375 0.546875
vt 0.625000 0.546875
vt 0.640625 0.546875
vt 0.656250 0.546875
vt 0.671875 0.546875
vt 0.687500 0.546875
vt 0.703125 0.546875
vt 0.718750 0.546875
vt 0.734375 0.546875
vt 0.750000 0.546875
vt 0.765625 0.546875
vt 0.781250 0.546875
vt 0.796875 0.546875
vt 0.812500 0.546875
vt 0.828125 0.546875
vt 0.843750 0.546875
vt 0.859375 0.546875
vt 0.875000 0.546875
vt 0.890625 0.546875
vt 0.906250 0.546875
vt 0.921875 0.546875
vt 0.937500 0.546875
vt 0.953125 0.546875
vt 0.968750 0.546875
vt 0.984375 0.546875
vt 0.031250 0.562500
vt 0.015625 0.562500
vt 0.046875 0.562500
vt 0.062500 0.562500
vt 0.078125 0.562500
vt 0.093750 0.562500
vt 0.109375 0.562500
vt 0.125000 0.562500
vt 0.140625 0.562500
vt 0.156250 0.562500
vt 0.171875 0.562500
vt 0.187500 0.562500
vt 0.203125 0.562500
vt 0.218750 0.562500
vt 0.234375 0.562500
vt 0.250000 0.562500
vt 0.265625 0.562500
vt 0.281250 0.562500
vt 0.296875 0.562500
vt 0.312500 0.562500
vt 0.328125 0.562500
vt 0.343750 0.562500
vt 0.359375 0.562500
vt 0.375000 0.562500
vt 0.390625 0.562500
vt 0.406250 0.562500
vt 0.421875 0.562500
vt 0.437500 0.562500
vt 0.453125 0.562500
vt 0.468750 0.562500
vt 0.484375 0.562500
vt 0.500000 0.562500
vt 0.515625 0.562500
vt 0.531250 0.562500
vt 0.546875 0.562500
vt 0.562500 0.562500
vt 0.578125 0.562500
vt 0.593750 0.562500
vt 0.609375 0.562500
vt 0.625000 0.562500
vt 0.640625 0.562500
vt 0.656250 0.562500
vt 0.671875 0.562500
vt 0.687500 0.562500
vt 0.703125 0.562500
vt 0.718750 0.562500
vt 0.734375 0.562500
vt 0.750000 0.562500
vt 0.765625 0.562500
vt 0.781250 0.562500
vt 0.796875 0.562500
vt 0.812500 0.562500
vt 0.828125 0.562500
vt 0.843750 0.562500
vt 0.859375 0.562500
vt 0.875000 0.562500
vt 0.890625 0.562500
vt 0.906250 0.562500
vt 0.921875 0.562500
vt 0.937500 0.562500
vt 0.953125 0.562500
vt 0.968750 0.562500
vt 0.984375 0.562500
vt 0.031250 0.578125
vt 0.015625 0.578125
vt 0.046875 0.578125
vt 0.062500 0.578125
vt 0.078125 0.578125
vt 0.093750 0.578125
vt 0.109375 0.578125
vt 0.125000 0.578125
vt 0.140625 0.578125
vt 0.156250 0.578125
vt 0.171875 0.578125
vt 0.187500 0.578125
vt 0.203125 0.578125
vt 0.218750 0.578125
vt 0.234375 0.578125
vt 0.250000 0.578125
vt 0.265625 0.578125
vt 0.281250 0.578125
vt 0.296875 0.578125
vt 0.312500 0.578125
vt 0.328125 0.578125
vt 0.343750 0.578125
vt 0.359375 0.578125
vt 0.375000 0.578125
vt 0.390625 0.578125
vt 0.406250 0.578125
vt 0.421875 0.578125
vt 0.437500 0.578125
vt 0.453125 0.578125
vt 0.468750 0.578125
vt 0.484375 0.578125
vt 0.500000 0.578125
vt 0.515625 0.578125
vt 0.531250 0.578125
vt 0.546875 0.578125
vt 0.562500 0.578125
vt 0.578125 0.578125
vt 0.593750 0.578125
vt 0.609375 0.578125
vt 0.625000 0.578125
vt 0.640625 0.578125
vt 0.656250 0.578125
vt 0.671875 0.578125
vt 0.687500 0.578125
vt 0.703125 0.578125
vt 0.718750 0.578125
vt 0.734375 0.578125
vt 0.750000 0.578125
vt 0.765625 0.578125
vt 0.781250 0.578125
vt 0.796875 0.578125
vt 0.812500 0.578125
vt 0.828125 0.578125
vt 0.843750 0.578125
vt 0.859375 0.578125
vt 0.875000 0.578125
vt 0.890625 0.578125
vt 0.906250 0.578125
vt 0.921875 0.578125
vt 0.937500 0.578125
vt 0.953125 0.578125
vt 0.968750 0.578125
vt 0.984375 0.578125
vt 0.031250 0.593750
vt 0.015625 0.593750
vt 0.046875 0.593750
vt 0.062500 0.593750
vt 0.078125 0.593750
vt 0.093750 0.593750
vt 0.109375 0.593750
vt 0.125000 0.593750
vt 0.140625 0.593750
vt 0.156250 0.593750
vt 0.171875 0.593750
vt 0.187500 0.593750
vt 0.203125 0.593750
vt 0.218750 0.593750
vt 0.234375 0.593750
vt 0.250000 0.593750
vt 0.265625 0.593750
vt 0.281250 0.593750
vt 0.296875 0.593750
vt 0.312500 0.593750
vt 0.328125 0.593750
vt 0.343750 0.593750
vt 0.359375 0.593750
vt 0.375000 0.593750
vt 0.390625 0.593750
vt 0.406250 0.593750
vt 0.421875 0.593750
vt 0.437500 0.593750
vt 0.453125 0.593750
vt 0.468750 0.593750
vt 0.484375 0.593750
vt 0.500000 0.593750
vt 0.515625 0.593750
vt 0.531250 0.593750
vt 0.546875 0.593750
vt 0.562500 0.593750
vt 0.578125 0.593750
vt 0.593750 0.593750
vt 0.609375 0.593750
vt 0.625000 0.593750
vt 0.640625 0.593750
vt 0.656250 0.593750
vt 0.671875 0.593750
vt 0.687500 0.593750
vt 0.703125 0.593750
vt 0.718750 0.593750
vt 0.734375 0.593750
vt 0.750000 0.593750
vt 0.765625 0.593750
vt 0.781250 0.593750
vt 0.796875 0.593750
vt 0.812500 0.593750
vt 0.828125 0.593750
vt 0.843750 0.593750
vt 0.859375 0.593750
vt 0.875000 0.593750
vt 0.890625 0.593750
vt 0.906250 0.593750
vt 0.921875 0.593750
vt 0.937500 0.593750
vt 0.953125 0.593750
vt 0.968750 0.593750
vt 0.984375 0.593750
vt 0.031250 0.609375
vt 0.015625 0.609375
vt 0.046875 0.609375
vt 0.062500 0.609375
vt 0.078125 0.609375
vt 0.093750 0.609375
vt 0.109375 0.609375
vt 0.125000 0.609375
vt 0.140625 0.609375
vt 0.156250 0.609375
vt 0.171875 0.609375
vt 0.187500 0.609375
vt 0.203125 0.609375
vt 0.218750 0.609375
vt 0.234375 0.609375
vt 0.250000 0.609375
vt 0.265625 0.609375
vt 0.281250 0.609375
vt 0.296875 0.609375
vt 0.312500 0.609375
vt 0.328125 0.609375
vt 0.343750 0.609375
vt 0.359375 0.609375
vt 0.375000 0.609375
vt 0.390625 0.609375
vt 0.406250 0.609375
vt 0.421875 0.609375
vt 0.437500 0.609375
vt 0.453125 0.609375
vt 0.468750 0.609375
vt 0.484375 0.609375
vt 0.500000 0.609375
vt 0.515625 0.609375
vt 0.531250 0.609375
vt 0.546875 0.609375
vt 0.562500 0.609375
vt 0.578125 0.609375
vt 0.593750 0.609375
vt 0.609375 0.609375
vt 0.625000 0.609375
vt 0.640625 0.609375
vt 0.656250 0.609375
vt 0.671875 0.609375
vt 0.687500 0.609375
vt 0.703125 0.609375
vt 0.718750 0.609375
vt 0.734375 0.609375
vt 0.750000 0.609375
vt 0.765625 0.609375
vt 0.781250 0.609375
vt 0.796875 0.609375
vt 0.812500 0.609375
vt 0.828125 0.609375
vt 0.843750 0.609375
vt 0.859375 0.609375
vt 0.875000 0.609375
vt 0.890625 0.609375
vt 0.906250 0.609375
vt 0.921875 0.609375
vt 0.937500 0.609375
vt 0.953125 0.609375
vt 0.968750 0.609375
vt 0.984375 0.609375
vt 0.031250 0.625000
vt 0.015625 0.625000
vt 0.046875 0.625000
vt 0.062500 0.625000
vt 0.078125 0.625000
vt 0.093750 0.625000
vt 0.109375 0.625000
vt 0.125000 0.625000
vt 0.140625 0.625000
vt 0.156250 0.625000
vt 0.171875 0.625000
vt 0.187500 0.625000
vt 0.203125 0.625000
vt 0.218750 0.625000
vt 0.234375 0.625000
vt 0.250000 0.625000
vt 0.265625 0.625000
vt 0.281250 0.625000
vt 0.296875 0.625000
vt 0.312500 0.625000
vt 0.328125 0.625000
vt 0.343750 0.625000
vt 0.359375 0.625000
vt 0.375000 0.625000
vt 0.390625 0.625000
vt 0.406250 0.625000
vt 0.421875 0.625000
vt 0.437500 0.625000
vt 0.453125 0.625000
vt 0.468750 0.625000
vt 0.484375 0.625000
vt 0.500000 0.625000
vt 0.515625 0.625000
vt 0.531250 0.625000
vt 0.546875 0.625000
vt 0.562500 0.625000
vt 0.578125 0.625000
vt 0.593750 0.625000
vt 0.609375 0.625000
vt 0.625000 0.625000
vt 0.640625 0.625000
vt 0.656250 0.625000
vt 0.671875 0.625000
vt 0.687500 0.625000
vt 0.703125 0.625000
vt 0.718750 0.625000
vt 0.734375 0.625000
vt 0.750000 0.625000
vt 0.765625 0.625000
vt 0.781250 0.625000
vt 0.796875 0.625000
vt 0.812500 0.625000
vt 0.828125 0.625000
vt 0.843750 0.625000
vt 0.859375 0.625000
vt 0.875000 0.625000
vt 0.890625 0.625000
vt 0.906250 0.625000
vt 0.921875 0.625000
vt 0.937500 0.625000
vt 0.953125 0.625000
vt 0.968750 0.625000
vt 0.984375 0.625000
vt 0.031250 0.640625
vt 0.015625 0.640625
vt 0.046875 0.640625
vt 0.062500 0.640625
vt 0.078125 0.640625
vt 0.093750 0.640625
vt 0.109375 0.640625
vt 0.125000 0.640625
vt 0.140625 0.640625
vt 0.156250 0.640625
vt 0.171875 0.640625
vt 0.187500 0.640625
vt 0.203125 0.640625
vt 0.218750 0.640625
vt 0.234375 0.640625
vt 0.250000 0.640625
vt 0.265625 0.640625
vt 0.281250 0.640625
vt 0.296875 0.640625
vt 0.312500 0.640625
vt 0.328125 0.640625
vt 0.343750 0.640625
vt 0.359375 0.640625
vt 0.375000 0.640625
vt 0.390625 0.640625
vt 0.406250 0.640625
vt 0.421875 0.640625
vt 0.437500 0.640625
vt 0.453125 0.640625
vt 0.468750 0.640625
vt 0.484375 0.640625
vt 0.500000 0.640625
vt 0.515625 0.640625
vt 0.531250 0.640625
vt 0.546875 0.640625
vt 0.562500 0.640625
vt 0.578125 0.640625
vt 0.593750 0.640625
vt 0.609375 0.640625
vt 0.625000 0.640625
vt 0.640625 0.640625
vt 0.656250 0.640625
vt 0.671875 0.640625
vt 0.687500 0.640625
vt 0.703125 0.640625
vt 0.718750 0.640625
vt 0.734375 0.640625
vt 0.750000 0.640625
vt 0.765625 0.640625
vt 0.781250 0.640625
vt 0.796875 0.640625
vt 0.812500 0.640625
vt 0.828125 0.640625
vt 0.843750 0.640625
vt 0.859375 0.640625
vt 0.875000 0.640625
vt 0.890625 0.640625
vt 0.906250 0.640625
vt 0.921875 0.640625
vt 0.937500 0.640625
vt 0.953125 0.640625
vt 0.968750 0.640625
vt 0.984375 0.640625
vt 0.031250 0.656250
vt 0.015625 0.656250
vt 0.046875 0.656250
vt 0.062500 0.656250
vt 0.078125 0.656250
vt 0.093750 0.656250
vt 0.109375 0.656250
vt 0.125000 0.656250
vt 0.140625 0.656250
vt 0.156250 0.656250
vt 0.171875 0.656250
vt 0.187500 0.656250
vt 0.203125 0.656250
vt 0.218750 0.656250
vt 0.234375 0.656250
vt 0.250000 0.656250
vt 0.265625 0.656250
vt 0.281250 0.656250
vt 0.296875 0.656250
vt 0.312500 0.656250
vt 0.328125 0.656250
vt 0.343750 0.656250
vt 0.359375 0.656250
vt 0.375000 0.656250
vt 0.390625 0.656250
vt 0.406250 0.656250
vt 0.421875 0.656250
vt 0.437500 0.656250
vt 0.453125 0.656250
vt 0.468750 0.656250
vt 0.484375 0.656250
vt 0.500000 0.656250
vt 0.515625 0.656250
vt 0.531250 0.656250
vt 0.546875 0.656250
vt 0.562500 0.656250
vt 0.578125 0.656250
vt 0.593750 0.656250
vt 0.609375 0.656250
vt 0.625000 0.656250
vt 0.640625 0.656250
vt 0.656250 0.656250
vt 0.671875 0.656250
vt 0.687500 0.656250
vt 0.703125 0.656250
vt 0.718750 0.656250
vt 0.734375 0.656250
vt 0.750000 0.656250
vt 0.765625 0.656250
vt 0.781250 0.656250
vt 0.796875 0.656250
vt 0.812500 0.656250
vt 0.828125 0.656250
vt 0.843750 0.656250
vt 0.859375 0.656250
vt 0.875000 0.656250
vt 0.890625 0.656250
vt 0.906250 0.656250
vt 0.921875 0.656250
vt 0.937500 0.656250
vt 0.953125 0.656250
vt 0.968750 0.656250
vt 0.984375 0.656250
vt 0.031250 0.671875
vt 0.015625 0.671875
vt 0.046875 0.671875
vt 0.062500 0.671875
vt 0.078125 0.671875
vt 0.093750 0.671875
vt 0.109375 0.671875
vt 0.125000 0.671875
vt 0.140625 0.671875
vt 0.156250 0.671875
vt 0.171875 0.671875
vt 0.187500 0.671875
vt 0.203125 0.671875
vt 0.218750 0.671875
vt 0.234375 0.671875
vt 0.250000 0.671875
vt 0.265625 0.671875
vt 0.281250 0.671875
vt 0.296875 0.671875
vt 0.312500 0.671875
vt 0.328125 0.671875
vt 0.343750 0.671875
vt 0.359375 0.671875
vt 0.375000 0.671875
vt 0.390625 0.671875
vt 0.406250 0.671875
vt 0.421875 0.671875
vt 0.437500 0.671875
vt 0.453125 0.671875
vt 0.468750 0.671875
vt 0.484375 0.671875
vt 0.500000 0.671875
vt 0.515625 0.671875
vt 0.531250 0.671875
vt 0.546875 0.671875
vt 0.562500 0.671875
vt 0.578125 0.671875
vt 0.593750 0.671875
vt 0.609375 0.671875
vt 0.625000 0.671875
vt 0.640625 0.671875
vt 0.656250 0.671875
vt 0.671875 0.671875
vt 0.687500 0.671875
vt 0.703125 0.671875
vt 0.718750 0.671875
vt 0.734375 0.671875
vt 0.750000 0.671875
vt 0.765625 0.671875
vt 0.781250 0.671875
vt 0.796875 0.671875
vt 0.812500 0.671875
vt 0.828125 0.671875
vt 0.843750 0.671875
vt 0.859375 0.671875
vt 0.875000 0.671875
vt 0.890625 0.671875
vt 0.906250 0.671875
vt 0.921875 0.671875
vt 0.937500 0.671875
vt 0.953125 0.671875
vt 0.968750 0.671875
vt 0.984375 0.671875
vt 0.031250 0.687500
vt 0.015625 0.687500
vt 0.046875 0.687500
vt 0.062500 0.687500
vt 0.078125 0.687500
vt 0.093750 0.687500
vt 0.109375 0.687500
vt 0.125000 0.687500
vt 0.140625 0.687500
vt 0.156250 0.687500
vt 0.171875 0.687500
vt 0.187500 0.687500
vt 0.203125 0.687500
vt 0.218750 0.687500
vt 0.234375 0.687500
vt 0.250000 0.687500
vt 0.265625 0.687500
vt 0.281250 0.687500
vt 0.296875 0.687500
vt 0.312500 0.687500
vt 0.328125 0.687500
vt 0.343750 0.687500
vt 0.359375 0.687500
vt 0.375000 0.687500
vt 0.390625 0.687500
vt 0.406250 0.687500
vt 0.421875 0.687500
vt 0.437500 0.687500
vt 0.453125 0.687500
vt 0.468750 0.687500
vt 0.484375 0.687500
vt 0.500000 0.687500
vt 0.515625 0.687500
vt 0.531250 0.687500
vt 0.546875 0.687500
vt 0.562500 0.687500
vt 0.578125 0.687500
vt 0.593750 0.687500
vt 0.609375 0.687500
vt 0.625000 0.687500
vt 0.640625 0.687500
vt 0.656250 0.687500
vt 0.671875 0.687500
vt 0.687500 0.687500
vt 0.703125 0.687500
vt 0.718750 0.687500
vt 0.734375 0.687500
vt 0.750000 0.687500
vt 0.765625 0.687500
vt 0.781250 0.687500
vt 0.796875 0.687500
vt 0.812500 0.687500
vt 0.828125 0.687500
vt 0.843750 0.687500
vt 0.859375 0.687500
vt 0.875000 0.687500
vt 0.890625 0.687500
vt 0.906250 0.687500
vt 0.921875 0.687500
vt 0.937500 0.687500
vt 0.953125 0.687500
vt 0.968750 0.687500
vt 0.984375 0.687500
vt 0.031250 0.703125
vt 0.015625 0.703125
vt 0.046875 0.703125
vt 0.062500 0.703125
vt 0.078125 0.703125
vt 0.093750 0.703125
vt 0.109375 0.703125
vt 0.125000 0.703125
vt 0.140625 0.703125
vt 0.156250 0.703125
vt 0.171875 0.703125
vt 0.187500 0.703125
vt 0.203125 0.703125
vt 0.218750 0.703125
vt 0.234375 0.703125
vt 0.250000 0.703125
vt 0.265625 0.703125
vt 0.281250 0.703125
vt 0.296875 0.703125
vt 0.312500 0.703125
vt 0.328125 0.703125
vt 0.343750 0.703125
vt 0.359375 0.703125
vt 0.375000 0.703125
vt 0.390625 0.703125
vt 0.406250 0.703125
vt 0.421875 0.703125
vt 0.437500 0.703125
vt 0.453125 0.703125
vt 0.468750 0.703125
vt 0.484375 0.703125
vt 0.500000 0.703125
vt 0.515625 0.703125
vt 0.531250 0.703125
vt 0.546875 0.703125
vt 0.562500 0.703125
vt 0.578125 0.703125
vt 0.593750 0.703125
vt 0.609375 0.703125
vt 0.625000 0.703125
vt 0.640625 0.703125
vt 0.656250 0.703125
vt 0.671875 0.703125
vt 0.687500 0.703125
vt 0.703125 0.703125
vt 0.718750 0.703125
vt 0.734375 0.703125
vt 0.750000 0.703125
vt 0.765625 0.703125
vt 0.781250 0.703125
vt 0.796875 0.703125
vt 0.812500 0.703125
vt 0.828125 0.703125
vt 0.843750 0.703125
vt 0.859375 0.703125
vt 0.875000 0.703125
vt 0.890625 0.703125
vt 0.906250 0.703125
vt 0.921875 0.703125
vt 0.937500 0.703125
vt 0.953125 0.703125
vt 0.968750 0.703125
vt 0.984375 0.703125
vt 0.031250 0.718750
vt 0.015625 0.718750
vt 0.046875 0.718750
vt 0.062500 0.718750
vt 0.078125 0.718750
vt 0.093750 0.718750
vt 0.109375 0.718750
vt 0.125000 0.718750
vt 0.140625 0.718750
vt 0.156250 0.718750
vt 0.171875 0.718750
vt 0.187500 0.718750
vt 0.203125 0.718750
vt 0.218750 0.718750
vt 0.234375 0.718750
vt 0.250000 0.718750
vt 0.265625 0.718750
vt 0.281250 0.718750
vt 0.296875 0.718750
vt 0.312500 0.718750
vt 0.328125 0.718750
vt 0.343750 0.718750
vt 0.359375 0.718750
vt 0.375000 0.718750
vt 0.390625 0.718750
vt 0.406250 0.718750
vt 0.421875 0.718750
vt 0.437500 0.718750
vt 0.453125 0.718750
vt 0.468750 0.718750
vt 0.484375 0.718750
vt 0.500000 0.718750
vt 0.515625 0.718750
vt 0.531250 0.718750
vt 0.546875 0.718750
vt 0.562500 0.718750
vt 0.578125 0.718750
vt 0.593750 0.718750
vt 0.609375 0.718750
vt 0.625000 0.718750
vt 0.640625 0.718750
vt 0.656250 0.718750
vt 0.671875 0.718750
vt 0.687500 0.718750
vt 0.703125 0.718750
vt 0.718750 0.718750
vt 0.734375 0.718750
vt 0.750000 0.718750
vt 0.765625 0.718750
vt 0.781250 0.718750
vt 0.796875 0.718750
vt 0.812500 0.718750
vt 0.828125 0.718750
vt 0.843750 0.718750
vt 0.859375 0.718750
vt 0.875000 0.718750
vt 0.890625 0.718750
vt 0.906250 0.718750
vt 0.921875 0.718750
vt 0.937500 0.718750
vt 0.953125 0.718750
vt 0.968750 0.718750
vt 0.984375 0.718750
vt 0.031250 0.734375
vt 0.015625 0.734375
vt 0.046875 0.734375
vt 0.062500 0.734375
vt 0.078125 0.734375
vt 0.093750 0.734375
vt 0.109375 0.734375
vt 0.125000 0.734375
vt 0.140625 0.734375
vt 0.156250 0.734375
vt 0.171875 0.734375
vt 0.187500 0.734375
vt 0.203125 0.734375
vt 0.218750 0.734375
vt 0.234375 0.734375
vt 0.250000 0.734375
vt 0.265625 0.734375
vt 0.281250 0.734375
vt 0.296875 0.734375
vt 0.312500 0.734375
vt 0.328125 0.734375
vt 0.343750 0.734375
vt 0.359375 0.734375
vt 0.375000 0.734375
vt 0.390625 0.734375
vt 0.406250 0.734375
vt 0.421875 0.734375
vt 0.437500 0.734375
vt 0.453125 0.734375
vt 0.468750 0.734375
vt 0.484375 0.734375
vt 0.500000 0.734375
vt 0.515625 0.734375
vt 0.531250 0.734375
vt 0.546875 0.734375
vt 0.562500 0.734375
vt 0.578125 0.734375
vt 0.593750 0.734375
vt 0.609375 0.734375
vt 0.625000 0.734375
vt 0.640625 0.734375
vt 0.656250 0.734375
vt 0.671875 0.734375
vt 0.687500 0.734375
vt 0.703125 0.734375
vt 0.718750 0.734375
vt 0.734375 0.734375
vt 0.750000 0.734375
vt 0.765625 0.734375
vt 0.781250 0.734375
vt 0.796875 0.734375
vt 0.812500 0.734375
vt 0.828125 0.734375
vt 0.843750 0.734375
vt 0.859375 0.734375
vt 0.875000 0.734375
vt 0.890625 0.734375
vt 0.906250 0.734375
vt 0.921875 0.734375
vt 0.937500 0.734375
vt 0.953125 0.734375
vt 0.968750 0.734375
vt 0.984375 0.734375
vt 0.031250 0.750000
vt 0.015625 0.750000
vt 0.046875 0.750000
vt 0.062500 0.750000
vt 0.078125 0.750000
vt 0.093750 0.750000
vt 0.109375 0.750000
vt 0.125000 0.750000
vt 0.140625 0.750000
vt 0.156250 0.750000
vt 0.171875 0.750000
vt 0.187500 0.750000
vt 0.203125 0.750000
vt 0.218750 0.750000
vt 0.234375 0.750000
vt 0.250000 0.750000
vt 0.265625 0.750000
vt 0.281250 0.750000
vt 0.296875 0.750000
vt 0.312500 0.750000
vt 0.328125 0.750000
vt 0.343750 0.750000
vt 0.359375 0.750000
vt 0.375000 0.750000
vt 0.390625 0.750000
vt 0.406250 0.750000
vt 0.421875 0.750000
vt 0.437500 0.750000
vt 0.453125 0.750000
vt 0.468750 0.750000
vt 0.484375 0.750000
vt 0.500000 0.750000
vt 0.515625 0.750000
vt 0.531250 0.750000
vt 0.546875 0.750000
vt 0.562500 0.750000
vt 0.578125 0.750000
vt 0.593750 0.750000
vt 0.609375 0.750000
vt 0.625000 0.750000
vt 0.640625 0.750000
vt 0.656250 0.750000
vt 0.671875 0.750000
vt 0.687500 0.750000
vt 0.703125 0.750000
vt 0.718750 0.750000
vt 0.734375 0.750000
vt 0.750000 0.750000
vt 0.765625 0.750000
vt 0.781250 0.750000
vt 0.796875 0.750000
vt 0.812500 0.750000
vt 0.828125 0.750000
vt 0.843750 0.750000
vt 0.859375 0.750000
vt 0.875000 0.750000
vt 0.890625 0.750000
vt 0.906250 0.750000
vt 0.921875 0.750000
vt 0.937500 0.750000
vt 0.953125 0.750000
vt 0.968750 0.750000
vt 0.984375 0.750000
vt 0.031250 0.765625
vt 0.015625 0.765625
vt 0.046875 0.765625
vt 0.062500 0.765625
vt 0.078125 0.765625
vt 0.093750 0.765625
vt 0.109375 0.765625
vt 0.125000 0.765625
vt 0.140625 0.765625
vt 0.156250 0.765625
vt 0.171875 0.765625
vt 0.187500 0.765625
vt 0.203125 0.765625
vt 0.218750 0.765625
vt 0.234375 0.765625
vt 0.250000 0.765625
vt 0.265625 0.765625
vt 0.281250 0.765625
vt 0.296875 0.765625
vt 0.312500 0.765625
vt 0.328125 0.765625
vt 0.343750 0.765625
vt 0.359375 0.765625
vt 0.375000 0.765625
vt 0.390625 0.765625
vt 0.406250 0.765625
vt 0.421875 0.765625
vt 0.437500 0.765625
vt 0.453125 0.765625
vt 0.468750 0.765625
vt 0.484375 0.765625
vt 0.500000 0.765625
vt 0.515625 0.765625
vt 0.531250 0.765625
vt 0.546875 0.765625
vt 0.562500 0.765625
vt 0.578125 0.765625
vt 0.593750 0.765625
vt 0.609375 0.765625
vt 0.625000 0.765625
vt 0.640625 0.765625
vt 0.656250 0.765625
vt 0.671875 0.765625
vt 0.687500 0.765625
vt 0.703125 0.765625
vt 0.718750 0.765625
vt 0.734375 0.765625
vt 0.750000 0.765625
vt 0.765625 0.765625
vt 0.781250 0.765625
vt 0.796875 0.765625
vt 0.812500 0.765625
vt 0.828125 0.765625
vt 0.843750 0.765625
vt 0.859375 0.765625
vt 0.875000 0.765625
vt 0.890625 0.765625
vt 0.906250 0.765625
vt 0.921875 0.765625
vt 0.937500 0.765625
vt 0.953125 0.765625
vt 0.968750 0.765625
vt 0.984375 0.765625
vt 0.031250 0.781250
vt 0.015625 0.781250
vt 0.046875 0.781250
vt 0.062500 0.781250
vt 0.078125 0.781250
vt 0.093750 0.781250
vt 0.109375 0.781250
vt 0.125000 0.781250
vt 0.140625 0.781250
vt 0.156250 0.781250
vt 0.171875 0.781250
vt 0.187500 0.781250
vt 0.203125 0.781250
vt 0.218750 0.781250
vt 0.234375 0.781250
vt 0.250000 0.781250
vt 0.265625 0.781250
vt 0.281250 0.781250
vt 0.296875 0.781250
vt 0.312500 0.781250
vt 0.328125 0.781250
vt 0.343750 0.781250
vt 0.359375 0.781250
vt 0.375000 0.781250
vt 0.390625 0.781250
vt 0.406250 0.781250
vt 0.421875 0.781250
vt 0.437500 0.781250
vt 0.453125 0.781250
vt 0.468750 0.781250
vt 0.484375 0.781250
vt 0.500000 0.781250
vt 0.515625 0.781250
vt 0.531250 0.781250
vt 0.546875 0.781250
vt 0.562500 0.781250
vt 0.578125 0.781250
vt 0.593750 0.781250
vt 0.609375 0.781250
vt 0.625000 0.781250
vt 0.640625 0.781250
vt 0.656250 0.781250
vt 0.671875 0.781250
vt 0.687500 0.781250
vt 0.703125 0.781250
vt 0.718750 0.781250
vt 0.734375 0.781250
vt 0.750000 0.781250
vt 0.765625 0.781250
vt 0.781250 0.781250
vt 0.796875 0.781250
vt 0.812500 0.781250
vt 0.828125 0.781250
vt 0.843750 0.781250
vt 0.859375 0.781250
vt 0.875000 0.781250
vt 0.890625 0.781250
vt 0.906250 0.781250
vt 0.921875 0.781250
vt 0.937500 0.781250
vt 0.953125 0.781250
vt 0.968750 0.781250
vt 0.984375 0.781250
vt 0.031250 0.796875
vt 0.015625 0.796875
vt 0.046875 0.796875
vt 0.062500 0.796875
vt 0.078125 0.796875
vt 0.093750 0.796875
vt 0.109375 0.796875
vt 0.125000 0.796875
vt 0.140625 0.796875
vt 0.156250 0.796875
vt 0.171875 0.796875
vt 0.187500 0.796875
vt 0.203125 0.796875
vt 0.218750 0.796875
vt 0.234375 0.796875
vt 0.250000 0.796875
vt 0.265625 0.796875
vt 0.281250 0.796875
vt 0.296875 0.796875
vt 0.312500 0.796875
vt 0.328125 0.796875
vt 0.343750 0.796875
vt 0.359375 0.796875
vt 0.375000 0.796875
vt 0.390625 0.796875
vt 0.406250 0.796875
vt 0.421875 0.796875
vt 0.437500 0.796875
vt 0.453125 0.796875
vt 0.468750 0.796875
vt 0.484375 0.796875
vt 0.500000 0.796875
vt 0.515625 0.796875
vt 0.531250 0.796875
vt 0.546875 0.796875
vt 0.562500 0.796875
vt 0.578125 0.796875
vt 0.593750 0.796875
vt 0.609375 0.796875
vt 0.625000 0.796875
vt 0.640625 0.796875
vt 0.656250 0.796875
vt 0.671875 0.796875
vt 0.687500 0.796875
vt 0.703125 0.796875
vt 0.718750 0.796875
vt 0.734375 0.796875
vt 0.750000 0.796875
vt 0.765625 0.796875
vt 0.781250 0.796875
vt 0.796875 0.796875
vt 0.812500 0.796875
vt 0.828125 0.796875
vt 0.843750 0.796875
vt 0.859375 0.796875
vt 0.875000 0.796875
vt 0.890625 0.796875
vt 0.906250 0.796875
vt 0.921875 0.796875
vt 0.937500 0.796875
vt 0.953125 0.796875
vt 0.968750 0.796875
vt 0.984375 0.796875
vt 0.031250 0.812500
vt 0.015625 0.812500
vt 0.046875 0.812500
vt 0.062500 0.812500
vt 0.078125 0.812500
vt 0.093750 0.812500
vt 0.109375 0.812500
vt 0.125000 0.812500
vt 0.140625 0.812500
vt 0.156250 0.812500
vt 0.171875 0.812500
vt 0.187500 0.812500
vt 0.203125 0.812500
vt 0.218750 0.812500
vt 0.234375 0.812500
vt 0.250000 0.812500
vt 0.265625 0.812500
vt 0.281250 0.812500
vt 0.296875 0.812500
vt 0.312500 0.812500
vt 0.328125 0.812500
vt 0.343750 0.812500
vt 0.359375 0.812500
vt 0.375000 0.812500
vt 0.390625 0.812500
vt 0.406250 0.812500
vt 0.421875 0.812500
vt 0.437500 0.812500
vt 0.453125 0.812500
vt 0.468750 0.812500
vt 0.484375 0.812500
vt 0.500000 0.812500
vt 0.515625 0.812500
vt 0.531250 0.812500
vt 0.546875 0.812500
vt 0.562500 0.812500
vt 0.578125 0.812500
vt 0.593750 0.812500
vt 0.609375 0.812500
vt 0.625000 0.812500
vt 0.640625 0.812500
vt 0.656250 0.812500
vt 0.671875 0.812500
vt 0.687500 0.812500
vt 0.703125 0.812500
vt 0.718750 0.812500
vt 0.734375 0.812500
vt 0.750000 0.812500
vt 0.765625 0.812500
vt 0.781250 0.812500
vt 0.796875 0.812500
vt 0.812500 0.812500
vt 0.828125 0.812500
vt 0.843750 0.812500
vt 0.859375 0.812500
vt 0.875000 0.812500
vt 0.890625 0.812500
vt 0.906250 0.812500
vt 0.921875 0.812500
vt 0.937500 0.812500
vt 0.953125 0.812500
vt 0.968750 0.812500
vt 0.984375 0.812500
vt 0.031250 0.828125
vt 0.015625 0.828125
vt 0.046875 0.828125
vt 0.062500 0.828125
vt 0.078125 0.828125
vt 0.093750 0.828125
vt 0.109375 0.828125
vt 0.125000 0.828125
vt 0.140625 0.828125
vt 0.156250 0.828125
vt 0.171875 0.828125
vt 0.187500 0.828125
vt 0.203125 0.828125
vt 0.218750 0.828125
vt 0.234375 0.828125
vt 0.250000 0.828125
vt 0.265625 0.828125
vt 0.281250 0.828125
vt 0.296875 0.828125
vt 0.312500 0.828125
vt 0.328125 0.828125
vt 0.343750 0.828125
vt 0.359375 0.828125
vt 0.375000 0.828125
vt 0.390625 0.828125
vt 0.406250 0.828125
vt 0.421875 0.828125
vt 0.437500 0.828125
vt 0.453125 0.828125
vt 0.468750 0.828125
vt 0.484375 0.828125
vt 0.500000 0.828125
vt 0.515625 0.828125
vt 0.531250 0.828125
vt 0.546875 0.828125
vt 0.562500 0.828125
vt 0.578125 0.828125
vt 0.593750 0.828125
vt 0.609375 0.828125
vt 0.625000 0.828125
vt 0.640625 0.828125
vt 0.656250 0.828125
vt 0.671875 0.828125
vt 0.687500 0.828125
vt 0.703125 0.828125
vt 0.718750 0.828125
vt 0.734375 0.828125
vt 0.750000 0.828125
vt 0.765625 0.828125
vt 0.781250 0.828125
vt 0.796875 0.828125
vt 0.812500 0.828125
vt 0.828125 0.828125
vt 0.843750 0.828125
vt 0.859375 0.828125
vt 0.875000 0.828125
vt 0.890625 0.828125
vt 0.906250 0.828125
vt 0.921875 0.828125
vt 0.937500 0.828125
vt 0.953125 0.828125
vt 0.968750 0.828125
vt 0.984375 0.828125
vt 0.031250 0.843750
vt 0.015625 0.843750
vt 0.046875 0.843750
vt 0.062500 0.843750
vt 0.078125 0.843750
vt 0.093750 0.843750
vt 0.109375 0.843750
vt 0.125000 0.843750
vt 0.140625 0.843750
vt 0.156250 0.843750
vt 0.171875 0.843750
vt 0.187500 0.843750
vt 0.203125 0.843750
vt 0.218750 0.843750
vt 0.234375 0.843750
vt 0.250000 0.843750
vt 0.265625 0.843750
vt 0.281250 0.843750
vt 0.296875 0.843750
vt 0.312500 0.843750
vt 0.328125 0.843750
vt 0.343750 0.843750
vt 0.359375 0.843750
vt 0.375000 0.843750
vt 0.390625 0.843750
vt 0.406250 0.843750
vt 0.421875 0.843750
vt 0.437500 0.843750
vt 0.453125 0.843750
vt 0.468750 0.843750
vt 0.484375 0.843750
vt 0.500000 0.843750
vt 0.515625 0.843750
vt 0.531250 0.843750
vt 0.546875 0.843750
vt 0.562500 0.843750
vt 0.578125 0.843750
vt 0.593750 0.843750
vt 0.609375 0.843750
vt 0.625000 0.843750
vt 0.640625 0.843750
vt 0.656250 0.843750
vt 0.671875 0.843750
vt 0.687500 0.843750
vt 0.703125 0.843750
vt 0.718750 0.843750
vt 0.734375 0.843750
vt 0.750000 0.843750
vt 0.765625 0.843750
vt 0.781250 0.843750
vt 0.796875 0.843750
vt 0.812500 0.843750
vt 0.828125 0.843750
vt 0.843750 0.843750
vt 0.859375 0.843750
vt 0.875000 0.843750
vt 0.890625 0.843750
vt 0.906250 0.843750
vt 0.921875 0.843750
vt 0.937500 0.843750
vt 0.953125 0.843750
vt 0.968750 0.843750
vt 0.984375 0.843750
vt 0.031250 0.859375
vt 0.015625 0.859375
vt 0.046875 0.859375
vt 0.062500 0.859375
vt 0.078125 0.859375
vt 0.093750 0.859375
vt 0.109375 0.859375
vt 0.125000 0.859375
vt 0.140625 0.859375
vt 0.156250 0.859375
vt 0.171875 0.859375
vt 0.187500 0.859375
vt 0.203125 0.859375
vt 0.218750 0.859375
vt 0.234375 0.859375
vt 0.250000 0.859375
vt 0.265625 0.859375
vt 0.281250 0.859375
vt 0.296875 0.859375
vt 0.312500 0.859375
vt 0.328125 0.859375
vt 0.343750 0.859375
vt 0.359375 0.859375
vt 0.375000 0.859375
vt 0.390625 0.859375
vt 0.406250 0.859375
vt 0.421875 0.859375
vt 0.437500 0.859375
vt 0.453125 0.859375
vt 0.468750 0.859375
vt 0.484375 0.859375
vt 0.500000 0.859375
vt 0.515625 0.859375
vt 0.531250 0.859375
vt 0.546875 0.859375
vt 0.562500 0.859375
vt 0.578125 0.859375
vt 0.593750 0.859375
vt 0.609375 0.859375
vt 0.625000 0.859375
vt 0.640625 0.859375
vt 0.656250 0.859375
vt 0.671875 0.859375
vt 0.687500 0.859375
vt 0.703125 0.859375
vt 0.718750 0.859375
vt 0.734375 0.859375
vt 0.750000 0.859375
vt 0.765625 0.859375
vt 0.781250 0.859375
vt 0.796875 0.859375
vt 0.812500 0.859375
vt 0.828125 0.859375
vt 0.843750 0.859375
vt 0.859375 0.859375
vt 0.875000 0.859375
vt 0.890625 0.859375
vt 0.906250 0.859375
vt 0.921875 0.859375
vt 0.937500 0.859375
vt 0.953125 0.859375
vt 0.968750 0.859375
vt 0.984375 0.859375
vt 0.031250 0.875000
vt 0.015625 0.875000
vt 0.046875 0.875000
vt 0.062500 0.875000
vt 0.078125 0.875000
vt 0.093750 0.875000
vt 0.109375 0.875000
vt 0.125000 0.875000
vt 0.140625 0.875000
vt 0.156250 0.875000
vt 0.171875 0.875000
vt 0.187500 0.875000
vt 0.203125 0.875000
vt 0.218750 0.875000
vt 0.234375 0.875000
vt 0.250000 0.875000
vt 0.265625 0.875000
vt 0.281250 0.875000
vt 0.296875 0.875000
vt 0.312500 0.875000
vt 0.328125 0.875000
vt 0.343750 0.875000
vt 0.359375 0.875000
vt 0.375000 0.875000
vt 0.390625 0.875000
vt 0.406250 0.875000
vt 0.421875 0.875000
vt 0.437500 0.875000
vt 0.453125 0.875000
vt 0.468750 0.875000
vt 0.484375 0.875000
vt 0.500000 0.875000
vt 0.515625 0.875000
vt 0.531250 0.875000
vt 0.546875 0.875000
vt 0.562500 0.875000
vt 0.578125 0.875000
vt 0.593750 0.875000
vt 0.609375 0.875000
vt 0.625000 0.875000
vt 0.640625 0.875000
vt 0.656250 0.875000
vt 0.671875 0.875000
vt 0.687500 0.875000
vt 0.703125 0.875000
vt 0.718750 0.875000
vt 0.734375 0.875000
vt 0.750000 0.875000
vt 0.765625 0.875000
vt 0.781250 0.875000
vt 0.796875 0.875000
vt 0.812500 0.875000
vt 0.828125 0.875000
vt 0.843750 0.875000
vt 0.859375 0.875000
vt 0.875000 0.875000
vt 0.890625 0.875000
vt 0.906250 0.875000
vt 0.921875 0.875000
vt 0.937500 0.875000
vt 0.953125 0.875000
vt 0.968750 0.875000
vt 0.984375 0.875000
vt 0.031250 0.890625
vt 0.015625 0.890625
vt 0.046875 0.890625
vt 0.062500 0.890625
vt 0.078125 0.890625
vt 0.093750 0.890625
vt 0.109375 0.890625
vt 0.125000 0.890625
vt 0.140625 0.890625
vt 0.156250 0.890625
vt 0.171875 0.890625
vt 0.187500 0.890625
vt 0.203125 0.890625
vt 0.218750 0.890625
vt 0.234375 0.890625
vt 0.250000 0.890625
vt 0.265625 0.890625
vt 0.281250 0.890625
vt 0.296875 0.890625
vt 0.312500 0.890625
vt 0.328125 0.890625
vt 0.343750 0.890625
vt 0.359375 0.890625
vt 0.375000 0.890625
vt 0.390625 0.890625
vt 0.406250 0.890625
vt 0.421875 0.890625
vt 0.437500 0.890625
vt 0.453125 0.890625
vt 0.468750 0.890625
vt 0.484375 0.890625
vt 0.500000 0.890625
vt 0.515625 0.890625
vt 0.531250 0.890625
vt 0.546875 0.890625
vt 0.562500 0.890625
vt 0.578125 0.890625
vt 0.593750 0.890625
vt 0.609375 0.890625
vt 0.625000 0.890625
vt 0.640625 0.890625
vt 0.656250 0.890625
vt 0.671875 0.890625
vt 0.687500 0.890625
vt 0.703125 0.890625
vt 0.718750 0.890625
vt 0.734375 0.890625
vt 0.750000 0.890625
vt 0.765625 0.890625
vt 0.781250 0.890625
vt 0.796875 0.890625
vt 0.812500 0.890625
vt 0.828125 0.890625
vt 0.843750 0.890625
vt 0.859375 0.890625
vt 0.875000 0.890625
vt 0.890625 0.890625
vt 0.906250 0.890625
vt 0.921875 0.890625
vt 0.937500 0.890625
vt 0.953125 0.890625
vt 0.968750 0.890625
vt 0.984375 0.890625
vt 0.031250 0.906250
vt 0.015625 0.906250
vt 0.046875 0.906250
vt 0.062500 0.906250
vt 0.078125 0.906250
vt 0.093750 0.906250
vt 0.109375 0.906250
vt 0.125000 0.906250
vt 0.140625 0.906250
vt 0.156250 0.906250
vt 0.171875 0.906250
vt 0.187500 0.906250
vt 0.203125 0.906250
vt 0.218750 0.906250
vt 0.234375 0.906250
vt 0.250000 0.906250
vt 0.265625 0.906250
vt 0.281250 0.906250
vt 0.296875 0.906250
vt 0.312500 0.906250
vt 0.328125 0.906250
vt 0.343750 0.906250
vt 0.359375 0.906250
vt 0.375000 0.906250
vt 0.390625 0.906250
vt 0.406250 0.906250
vt 0.421875 0.906250
vt 0.437500 0.906250
vt 0.453125 0.906250
vt 0.468750 0.906250
vt 0.484375 0.906250
vt 0.500000 0.906250
vt 0.515625 0.906250
vt 0.531250 0.906250
vt 0.546875 0.906250
vt 0.562500 0.906250
vt 0.578125 0.906250
vt 0.593750 0.906250
vt 0.609375 0.906250
vt 0.625000 0.906250
vt 0.640625 0.906250
vt 0.656250 0.906250
vt 0.671875 0.906250
vt 0.687500 0.906250
vt 0.703125 0.906250
vt 0.718750 0.906250
vt 0.734375 0.906250
vt 0.750000 0.906250
vt 0.765625 0.906250
vt 0.781250 0.906250
vt 0.796875 0.906250
vt 0.812500 0.906250
vt 0.828125 0.906250
vt 0.843750 0.906250
vt 0.859375 0.906250
vt 0.875000 0.906250
vt 0.890625 0.906250
vt 0.906250 0.906250
vt 0.921875 0.906250
vt 0.937500 0.906250
vt 0.953125 0.906250
vt 0.968750 0.906250
vt 0.984375 0.906250
vt 0.031250 0.921875
vt 0.015625 0.921875
vt 0.046875 0.921875
vt 0.062500 0.921875
vt 0.078125 0.921875
vt 0.093750 0.921875
vt 0.109375 0.921875
vt 0.125000 0.921875
vt 0.140625 0.921875
vt 0.156250 0.921875
vt 0.171875 0.921875
vt 0.187500 0.921875
vt 0.203125 0.921875
vt 0.218750 0.921875
vt 0.234375 0.921875
vt 0.250000 0.921875
vt 0.265625 0.921875
vt 0.281250 0.921875
vt 0.296875 0.921875
vt 0.312500 0.921875
vt 0.328125 0.921875
vt 0.343750 0.921875
vt 0.359375 0.921875
vt 0.375000 0.921875
vt 0.390625 0.921875
vt 0.406250 0.921875
vt 0.421875 0.921875
vt 0.437500 0.921875
vt 0.453125 0.921875
vt 0.468750 0.921875
vt 0.484375 0.921875
vt 0.500000 0.921875
vt 0.515625 0.921875
vt 0.531250 0.921875
vt 0.546875 0.921875
vt 0.562500 0.921875
vt 0.578125 0.921875
vt 0.593750 0.921875
vt 0.609375 0.921875
vt 0.625000 0.921875
vt 0.640625 0.921875
vt 0.656250 0.921875
vt 0.671875 0.921875
vt 0.687500 0.921875
vt 0.703125 0.921875
vt 0.718750 0.921875
vt 0.734375 0.921875
vt 0.750000 0.921875
vt 0.765625 0.921875
vt 0.781250 0.921875
vt 0.796875 0.921875
vt 0.812500 0.921875
vt 0.828125 0.921875
vt 0.843750 0.921875
vt 0.859375 0.921875
vt 0.875000 0.921875
vt 0.890625 0.921875
vt 0.906250 0.921875
vt 0.921875 0.921875
vt 0.937500 0.921875
vt 0.953125 0.921875
vt 0.968750 0.921875
vt 0.984375 0.921875
vt 0.031250 0.937500
vt 0.015625 0.937500
vt 0.046875 0.937500
vt 0.062500 0.937500
vt 0.078125 0.937500
vt 0.093750 0.937500
vt 0.109375 0.937500
vt 0.125000 0.937500
vt 0.140625 0.937500
vt 0.156250 0.937500
vt 0.171875 0.937500
vt 0.187500 0.937500
vt 0.203125 0.937500
vt 0.218750 0.937500
vt 0.234375 0.937500
vt 0.250000 0.937500
vt 0.265625 0.937500
vt 0.281250 0.937500
vt 0.296875 0.937500
vt 0.312500 0.937500
vt 0.328125 0.937500
vt 0.343750 0.937500
vt 0.359375 0.937500
vt 0.375000 0.937500
vt 0.390625 0.937500
vt 0.406250 0.937500
vt 0.421875 0.937500
vt 0.437500 0.937500
vt 0.453125 0.937500
vt 0.468750 0.937500
vt 0.484375 0.937500
vt 0.500000 0.937500
vt 0.515625 0.937500
vt 0.531250 0.937500
vt 0.546875 0.937500
vt 0.562500 0.937500
vt 0.578125 0.937500
vt 0.593750 0.937500
vt 0.609375 0.937500
vt 0.625000 0.937500
vt 0.640625 0.937500
vt 0.656250 0.937500
vt 0.671875 0.937500
vt 0.687500 0.937500
vt 0.703125 0.937500
vt 0.718750 0.937500
vt 0.734375 0.937500
vt 0.750000 0.937500
vt 0.765625 0.937500
vt 0.781250 0.937500
vt 0.796875 0.937500
vt 0.812500 0.937500
vt 0.828125 0.937500
vt 0.843750 0.937500
vt 0.859375 0.937500
vt 0.875000 0.937500
vt 0.890625 0.937500
vt 0.906250 0.937500
vt 0.921875 0.937500
vt 0.937500 0.937500
vt 0.953125 0.937500
vt 0.968750 0.937500
vt 0.984375 0.937500
vt 0.031250 0.953125
vt 0.015625 0.953125
vt 0.046875 0.953125
vt 0.062500 0.953125
vt 0.078125 0.953125
vt 0.093750 0.953125
vt 0.109375 0.953125
vt 0.125000 0.953125
vt 0.140625 0.953125
vt 0.156250 0.953125
vt 0.171875 0.953125
vt 0.187500 0.953125
vt 0.203125 0.953125
vt 0.218750 0.953125
vt 0.234375 0.953125
vt 0.250000 0.953125
vt 0.265625 0.953125
vt 0.281250 0.953125
vt 0.296875 0.953125
vt 0.312500 0.953125
vt 0.328125 0.953125
vt 0.343750 0.953125
vt 0.359375 0.953125
vt 0.375000 0.953125
vt 0.390625 0.953125
vt 0.406250 0.953125
vt 0.421875 0.953125
vt 0.437500 0.953125
vt 0.453125 0.953125
vt 0.468750 0.953125
vt 0.484375 0.953125
vt 0.500000 0.953125
vt 0.515625 0.953125
vt 0.531250 0.953125
vt 0.546875 0.953125
vt 0.562500 0.953125
vt 0.578125 0.953125
vt 0.593750 0.953125
vt 0.609375 0.953125
vt 0.625000 0.953125
vt 0.640625 0.953125
vt 0.656250 0.953125
vt 0.671875 0.953125
vt 0.687500 0.953125
vt 0.703125 0.953125
vt 0.718750 0.953125
vt 0.734375 0.953125
vt 0.750000 0.953125
vt 0.765625 0.953125
vt 0.781250 0.953125
vt 0.796875 0.953125
vt 0.812500 0.953125
vt 0.828125 0.953125
vt 0.843750 0.953125
vt 0.859375 0.953125
vt 0.875000 0.953125
vt 0.890625 0.953125
vt 0.906250 0.953125
vt 0.921875 0.953125
vt 0.937500 0.953125
vt 0.953125 0.953125
vt 0.968750 0.953125
vt 0.984375 0.953125
vt 0.031250 0.968750
vt 0.015625 0.968750
vt 0.046875 0.968750
vt 0.062500 0.968750
vt 0.078125 0.968750
vt 0.093750 0.968750
vt 0.109375 0.968750
vt 0.125000 0.968750
vt 0.140625 0.968750
vt 0.156250 0.968750
vt 0.171875 0.968750
vt 0.187500 0.968750
vt 0.203125 0.968750
vt 0.218750 0.968750
vt 0.234375 0.968750
vt 0.250000 0.968750
vt 0.265625 0.968750
vt 0.281250 0.968750
vt 0.296875 0.968750
vt 0.312500 0.968750
vt 0.328125 0.968750
vt 0.343750 0.968750
vt 0.359375 0.968750
vt 0.375000 0.968750
vt 0.390625 0.968750
vt 0.406250 0.968750
vt 0.421875 0.968750
vt 0.437500 0.968750
vt 0.453125 0.968750
vt 0.468750 0.968750
vt 0.484375 0.968750
vt 0.500000 0.968750
vt 0.515625 0.968750
vt 0.531250 0.968750
vt 0.546875 0.968750
vt 0.562500 0.968750
vt 0.578125 0.968750
vt 0.593750 0.968750
vt 0.609375 0.968750
vt 0.625000 0.968750
vt 0.640625 0.968750
vt 0.656250 0.968750
vt 0.671875 0.968750
vt 0.687500 0.968750
vt 0.703125 0.968750
vt 0.718750 0.968750
vt 0.734375 0.968750
vt 0.750000 0.968750
vt 0.765625 0.968750
vt 0.781250 0.968750
vt 0.796875 0.968750
vt 0.812500 0.968750
vt 0.828125 0.968750
vt 0.843750 0.968750
vt 0.859375 0.968750
vt 0.875000 0.968750
vt 0.890625 0.968750
vt 0.906250 0.968750
vt 0.921875 0.968750
vt 0.937500 0.968750
vt 0.953125 0.968750
vt 0.968750 0.968750
vt 0.984375 0.968750
vt 0.031250 0.984375
vt 0.015625 0.984375
vt 0.046875 0.984375
vt 0.062500 0.984375
vt 0.078125 0.984375
vt 0.093750 0.984375
vt 0.109375 0.984375
vt 0.125000 0.984375
vt 0.140625 0.984375
vt 0.156250 0.984375
vt 0.171875 0.984375
vt 0.187500 0.984375
vt 0.203125 0.984375
vt 0.218750 0.984375
vt 0.234375 0.984375
vt 0.250000 0.984375
vt 0.265625 0.984375
vt 0.281250 0.984375
vt 0.296875 0.984375
vt 0.312500 0.984375
vt 0.328125 0.984375
vt 0.343750 0.984375
vt 0.359375 0.984375
vt 0.375000 0.984375
vt 0.390625 0.984375
vt 0.406250 0.984375
vt 0.421875 0.984375
vt 0.437500 0.984375
vt 0.453125 0.984375
vt 0.468750 0.984375
vt 0.484375 0.984375
vt 0.500000 0.984375
vt 0.515625 0.984375
vt 0.531250 0.984375
vt 0.546875 0.984375
vt 0.562500 0.984375
vt 0.578125 0.984375
vt 0.593750 0.984375
vt 0.609375 0.984375
vt 0.625000 0.984375
vt 0.640625 0.984375
vt 0.656250 0.984375
vt 0.671875 0.984375
vt 0.687500 0.984375
vt 0.703125 0.984375
vt 0.718750 0.984375
vt 0.734375 0.984375
vt 0.750000 0.984375
vt 0.765625 0.984375
vt 0.781250 0.984375
vt 0.796875 0.984375
vt 0.812500 0.984375
vt 0.828125 0.984375
vt 0.843750 0.984375
vt 0.859375 0.984375
vt 0.875000 0.984375
vt 0.890625 0.984375
vt 0.906250 0.984375
vt 0.921875 0.984375
vt 0.937500 0.984375
vt 0.953125 0.984375
vt 0.968750 0.984375
vt 0.984375 0.984375
vt 0.000000 0.000000
vt 0.015625 0.000000
vt 0.000000 0.015625
vt 0.031250 0.000000
vt 0.046875 0.000000
vt 0.062500 0.000000
vt 0.078125 0.000000
vt 0.093750 0.000000
vt 0.109375 0.000000
vt 0.125000 0.000000
vt 0.140625 0.000000
vt 0.156250 0.000000
vt 0.171875 0.000000
vt 0.187500 0.000000
vt 0.203125 0.000000
vt 0.218750 0.000000
vt 0.234375 0.000000
vt 0.250000 0.000000
vt 0.265625 0.000000
vt 0.281250 0.000000
vt 0.296875 0.000000
vt 0.312500 0.000000
vt 0.328125 0.000000
vt 0.343750 0.000000
vt 0.359375 0.000000
vt 0.375000 0.000000
vt 0.390625 0.000000
vt 0.406250 0.000000
vt 0.421875 0.000000
vt 0.437500 0.000000
vt 0.453125 0.000000
vt 0.468750 0.000000
vt 0.484375 0.000000
vt 0.500000 0.000000
vt 0.515625 0.000000
vt 0.531250 0.000000
vt 0.546875 0.000000
vt 0.562500 0.000000
vt 0.578125 0.000000
vt 0.593750 0.000000
vt 0.609375 0.000000
vt 0.625000 0.000000
vt 0.640625 0.000000
vt 0.656250 0.000000
vt 0.671875 0.000000
vt 0.687500 0.000000
vt 0.703125 0.000000
vt 0.718750 0.000000
vt 0.734375 0.000000
vt 0.750000 0.000000
vt 0.765625 0.000000
vt 0.781250 0.000000
vt 0.796875 0.000000
vt 0.812500 0.000000
vt 0.828125 0.000000
vt 0.843750 0.000000
vt 0.859375 0.000000
vt 0.875000 0.000000
vt 0.890625 0.000000
vt 0.906250 0.000000
vt 0.921875 0.000000
vt 0.937500 0.000000
vt 0.953125 0.000000
vt 0.968750 0.000000
vt 0.984375 0.000000
vt 1.000000 0.000000
vt 1.000000 0.015625
vt 1.000000 0.031250
vt 1.000000 0.046875
vt 1.000000 0.062500
vt 1.000000 0.078125
vt 1.000000 0.093750
vt 1.000000 0.109375
vt 1.000000 0.125000
vt 1.000000 0.140625
vt 1.000000 0.156250
vt 1.000000 0.171875
vt 1.000000 0.187500
vt 1.000000 0.203125
vt 1.000000 0.218750
vt 1.000000 0.234375
vt 1.000000 0.250000
vt 1.000000 0.265625
vt 1.000000 0.281250
vt 1.000000 0.296875
vt 1.000000 0.312500
vt 1.000000 0.328125
vt 1.000000 0.343750
vt 1.000000 0.359375
vt 1.000000 0.375000
vt 1.000000 0.390625
vt 1.000000 0.406250
vt 1.000000 0.421875
vt 1.000000 0.437500
vt 1.000000 0.453125
vt 1.000000 0.468750
vt 1.000000 0.484375
vt 1.000000 0.500000
vt 1.000000 0.515625
vt 1.000000 0.531250
vt 1.000000 0.546875
vt 1.000000 0.562500
vt 1.000000 0.578125
vt 1.000000 0.593750
vt 1.000000 0.609375
vt 1.000000 0.625000
vt 1.000000 0.640625
vt 1.000000 0.656250
vt 1.000000 0.671875
vt 1.000000 0.687500
vt 1.000000 0.703125
vt 1.000000 0.718750
vt 1.000000 0.734375
vt 1.000000 0.750000
vt 1.000000 0.765625
vt 1.000000 0.781250
vt 1.000000 0.796875
vt 1.000000 0.812500
vt 1.000000 0.828125
vt 1.000000 0.843750
vt 1.000000 0.859375
vt 1.000000 0.875000
vt 1.000000 0.890625
vt 1.000000 0.906250
vt 1.000000 0.921875
vt 1.000000 0.937500
vt 1.000000 0.953125
vt 1.000000 0.968750
vt 1.000000 0.984375
vt 1.000000 1.000000
vt 0.984375 1.000000
vt 0.968750 1.000000
vt 0.953125 1.000000
vt 0.937500 1.000000
vt 0.921875 1.000000
vt 0.906250 1.000000
vt 0.890625 1.000000
vt 0.875000 1.000000
vt 0.859375 1.000000
vt 0.843750 1.000000
vt 0.828125 1.000000
vt 0.812500 1.000000
vt 0.796875 1.000000
vt 0.781250 1.000000
vt 0.765625 1.000000
vt 0.750000 1.000000
vt 0.734375 1.000000
vt 0.718750 1.000000
vt 0.703125 1.000000
vt 0.687500 1.000000
vt 0.671875 1.000000
vt 0.656250 1.000000
vt 0.640625 1.000000
vt 0.625000 1.000000
vt 0.609375 1.000000
vt 0.593750 1.000000
vt 0.578125 1.000000
vt 0.562500 1.000000
vt 0.546875 1.000000
vt 0.531250 1.000000
vt 0.515625 1.000000
vt 0.500000 1.000000
vt 0.484375 1.000000
vt 0.468750 1.000000
vt 0.453125 1.000000
vt 0.437500 1.000000
vt 0.421875 1.000000
vt 0.406250 1.000000
vt 0.390625 1.000000
vt 0.375000 1.000000
vt 0.359375 1.000000
vt 0.343750 1.000000
vt 0.328125 1.000000
vt 0.312500 1.000000
vt 0.296875 1.000000
vt 0.281250 1.000000
vt 0.265625 1.000000
vt 0.250000 1.000000
vt 0.234375 1.000000
vt 0.218750 1.000000
vt 0.203125 1.000000
vt 0.187500 1.000000
vt 0.171875 1.000000
vt 0.156250 1.000000
vt 0.140625 1.000000
vt 0.125000 1.000000
vt 0.109375 1.000000
vt 0.093750 1.000000
vt 0.078125 1.000000
vt 0.062500 1.000000
vt 0.046875 1.000000
vt 0.031250 1.000000
vt 0.015625 1.000000
vt 0.000000 0.984375
vt 0.000000 1.000000
vt 0.000000 0.968750
vt 0.000000 0.953125
vt 0.000000 0.937500
vt 0.000000 0.921875
vt 0.000000 0.906250
vt 0.000000 0.890625
vt 0.000000 0.875000
vt 0.000000 0.859375
vt 0.000000 0.843750
vt 0.000000 0.828125
vt 0.000000 0.812500
vt 0.000000 0.796875
vt 0.000000 0.781250
vt 0.000000 0.765625
vt 0.000000 0.750000
vt 0.000000 0.734375
vt 0.000000 0.718750
vt 0.000000 0.703125
vt 0.000000 0.687500
vt 0.000000 0.671875
vt 0.000000 0.656250
vt 0.000000 0.640625
vt 0.000000 0.625000
vt 0.000000 0.609375
vt 0.000000 0.593750
vt 0.000000 0.578125
vt 0.000000 0.562500
vt 0.000000 0.546875
vt 0.000000 0.531250
vt 0.000000 0.515625
vt 0.000000 0.500000
vt 0.000000 0.484375
vt 0.000000 0.468750
vt 0.000000 0.453125
vt 0.000000 0.437500
vt 0.000000 0.421875
vt 0.000000 0.406250
vt 0.000000 0.390625
vt 0.000000 0.375000
vt 0.000000 0.359375
vt 0.000000 0.343750
vt 0.000000 0.328125
vt 0.000000 0.312500
vt 0.000000 0.296875
vt 0.000000 0.281250
vt 0.000000 0.265625
vt 0.000000 0.250000
vt 0.000000 0.234375
vt 0.000000 0.218750
vt 0.000000 0.203125
vt 0.000000 0.187500
vt 0.000000 0.171875
vt 0.000000 0.156250
vt 0.000000 0.140625
vt 0.000000 0.125000
vt 0.000000 0.109375
vt 0.000000 0.093750
vt 0.000000 0.078125
vt 0.000000 0.062500
vt 0.000000 0.046875
vt 0.000000 0.031250
s 1
f 257/1/257 258/2/258 321/3/321 320/4/320
f 258/2/258 259/5/259 322/6/322 321/3/321
f 259/5/259 260/7/260 323/8/323 322/6/322
f 260/7/260 261/9/261 324/10/324 323/8/323
f 261/9/261 262/11/262 325/12/325 324/10/324
f 262/11/262 263/13/263 326/14/326 325/12/325
f 263/13/263 264/15/264 327/16/327 326/14/326
f 264/15/264 265/17/265 328/18/328 327/16/327
f 265/17/265 266/19/266 329/20/329 328/18/328
f 266/19/266 267/21/267 330/22/330 329/20/329
f 267/21/267 268/23/268 331/24/331 330/22/330
f 268/23/268 269/25/269 332/26/332 331/24/331
f 269/25/269 270/27/270 333/28/333 332/26/332
f 270/27/270 271/29/271 334/30/334 333/28/333
f 271/29/271 272/31/272 335/32/335 334/30/334
f 272/31/272 273/33/273 336/34/336 335/32/335
f 273/33/273 274/35/274 337/36/337 336/34/336
f 274/35/274 275/37/275 338/38/338 337/36/337
f 275/37/275 276/39/276 339/40/339 338/38/338
f 276/39/276 277/41/277 340/42/340 339/40/339
f 277/41/277 278/43/278 341/44/341 340/42/340
f 278/43/278 279/45/279 342/46/342 341/44/341
f 279/45/279 280/47/280 343/48/343 342/46/342
f 280/47/280 281/49/281 344/50/344 343/48/343
f 281/49/281 282/51/282 345/52/345 344/50/344
f 282/51/282 283/53/283 346/54/346 345/52/345
f 283/53/283 284/55/284 347/56/347 346/54/346
f 284/55/284 285/57/285 348/58/348 347/56/347
f 285/57/285 286/59/286 349/60/349 348/58/348
f 286/59/286 287/61/287 350/62/350 349/60/349
f 287/61/287 288/63/288 351/64/351 350/62/350
f 288/63/288 289/65/289 352/66/352 351/64/351
f 289/65/289 290/67/290 353/68/353 352/66/352
f 290/67/290 291/69/291 354/70/354 353/68/353
f 291/69/291 292/71/292 355/72/355 354/70/354
f 292/71/292 293/73/293 356/74/356 355/72/355
f 293/73/293 294/75/294 357/76/357 356/74/356
f 294/75/294 295/77/295 358/78/358 357/76/357
f 295/77/295 296/79/296 359/80/359 358/78/358
f 296/79/296 297/81/297 360/82/360 359/80/359
f 297/81/297 298/83/298 361/84/361 360/82/360
f 298/83/298 299/85/299 362/86/362 361/84/361
f 299/85/299 300/87/300 363/88/363 362/86/362
f 300/87/300 301/89/301 364/90/364 363/88/363
f 301/89/301 302/91/302 365/92/365 364/90/364
f 302/91/302 303/93/303 366/94/366 365/92/365
f 303/93/303 304/95/304 367/96/367 366/94/366
f 304/95/304 305/97/305 368/98/368 367/96/367
f 305/97/305 306/99/306 369/100/369 368/98/368
f 306/99/306 307/101/307 370/102/370 369/100/369
f 307/101/307 308/103/308 371/104/371 370/102/370
f 308/103/308 309/105/309 372/106/372 371/104/371
f 309/105/309 310/107/310 373/108/373 372/106/372
f 310/107/310 311/109/311 374/110/374 373/108/373
f 311/109/311 312/111/312 375/112/375 374/110/374
f 312/111/312 313/113/313 376/114/376 375/112/375
f 313/113/313 314/115/314 377/116/377 376/114/376
f 314/115/314 315/117/315 378/118/378 377/116/377
f 315/117/315 316/119/316 379/120/379 378/118/378
f 316/119/316 317/121/317 380/122/380 379/120/379
f 317/121/317 318/123/318 381/124/381 380/122/380
f 318/123/318 319/125/319 382/126/382 381/124/381
f 320/4/320 321/3/321 384/127/384 383/128/383
f 321/3/321 322/6/322 385/129/385 384/127/384
f 322/6/322 323/8/323 386/130/386 385/129/385
f 323/8/323 324/10/324 387/131/387 386/130/386
f 324/10/324 325/12/325 388/132/388 387/131/387
f 325/12/325 326/14/326 389/133/389 388/132/388
f 326/14/326 327/16/327 390/134/390 389/133/389
f 327/16/327 328/18/328 391/135/391 390/134/390
f 328/18/328 329/20/329 392/136/392 391/135/391
f 329/20/329 330/22/330 393/137/393 392/136/392
f 330/22/330 331/24/331 394/138/394 393/137/393
f 331/24/331 332/26/332 395/139/395 394/138/394
f 332/26/332 333/28/333 396/140/396 395/139/395
f 333/28/333 334/30/334 397/141/397 396/140/396
f 334/30/334 335/32/335 398/142/398 397/141/397
f 335/32/335 336/34/336 399/143/399 398/142/398
f 336/34/336 337/36/337 400/144/400 399/143/399
f 337/36/337 338/38/338 401/145/401 400/144/400
f 338/38/338 339/40/339 402/146/402 401/145/401
f 339/40/339 340/42/340 403/147/403 402/146/402
f 340/42/340 341/44/341 404/148/404 403/147/403
f 341/44/341 342/46/342 405/149/405 404/148/404
f 342/46/342 343/48/343 406/150/406 405/149/405
f 343/48/343 344/50/344 407/151/407 406/150/406
f 344/50/344 345/52/345 408/152/408 407/151/407
f 345/52/345 346/54/346 409/153/409 408/152/408
f 346/54/346 347/56/347 410/154/410 409/153/409
f 347/56/347 348/58/348 411/155/411 410/154/410
f 348/58/348 349/60/349 412/156/412 411/155/411
f 349/60/349 350/62/350 413/157/413 412/156/412
f 350/62/350 351/64/351 414/158/414 413/157/413
f 351/64/351 352/66/352 415/159/415 414/158/414
f 352/66/352 353/68/353 416/160/416 415/159/415
f 353/68/353 354/70/354 417/161/417 416/160/416
f 354/70/354 355/72/355 418/162/418 417/161/417
f 355/72/355 356/74/356 419/163/419 418/162/418
f 356/74/356 357/76/357 420/164/420 419/163/419
f 357/76/357 358/78/358 421/165/421 420/164/420
f 358/78/358 359/80/359 422/166/422 421/165/421
f 359/80/359 360/82/360 423/167/423 422/166/422
f 360/82/360 361/84/361 424/168/424 423/167/423
f 361/84/361 362/86/362 425/169/425 424/168/424
f 362/86/362 363/88/363 426/170/426 425/169/425
f 363/88/363 364/90/364 427/171/427 426/170/426
f 364/90/364 365/92/365 428/172/428 427/171/427
f 365/92/365 366/94/366 429/173/429 428/172/428
f 366/94/366 367/96/367 430/174/430 429/173/429
f 367/96/367 368/98/368 431/175/431 430/174/430
f 368/98/368 369/100/369 432/176/432 431/175/431
f 369/100/369 370/102/370 433/177/433 432/176/432
f 370/102/370 371/104/371 434/178/434 433/177/433
f 371/104/371 372/106/372 435/179/435 434/178/434
f 372/106/372 373/108/373 436/180/436 435/179/435
f 373/108/373 374/110/374 437/181/437 436/180/436
f 374/110/374 375/112/375 438/182/438 437/181/437
f 375/112/375 376/114/376 439/183/439 438/182/438
f 376/114/376 377/116/377 440/184/440 439/183/439
f 377/116/377 378/118/378 441/185/441 440/184/440
f 378/118/378 379/120/379 442/186/442 441/185/441
f 379/120/379 380/122/380 443/187/443 442/186/442
f 380/122/380 381/124/381 444/188/444 443/187/443
f 381/124/381 382/126/382 445/189/445 444/188/444
f 383/128/383 384/127/384 447/190/403 446/191/446
f 384/127/384 385/129/385 448/192/447 447/190/403
f 385/129/385 386/130/386 449/193/448 448/192/447
f 386/130/386 387/131/387 450/194/449 449/193/448
f 387/131/387 388/132/388 451/195/450 450/194/449
f 388/132/388 389/133/389 452/196/388 451/195/450
f 389/133/389 390/134/390 453/197/451 452/196/388
f 390/134/390 391/135/391 454/198/452 453/197/451
f 391/135/391 392/136/392 455/199/453 454/198/452
f 392/136/392 393/137/393 456/200/454 455/199/453
f 393/137/393 394/138/394 457/201/455 456/200/454
f 394/138/394 395/139/395 458/202/456 457/201/455
f 395/139/395 396/140/396 459/203/457 458/202/456
f 396/140/396 397/141/397 460/204/458 459/203/457
f 397/141/397 398/142/398 461/205/459 460/204/458
f 398/142/398 399/143/399 462/206/460 461/205/459
f 399/143/399 400/144/400 463/207/461 462/206/460
f 400/144/400 401/145/401 464/208/462 463/207/461
f 401/145/401 402/146/402 465/209/463 464/208/462
f 402/146/402 403/147/403 466/210/464 465/209/463
f 403/147/403 404/148/404 467/211/465 466/210/464
f 404/148/404 405/149/405 468/212/466 467/211/465
f 405/149/405 406/150/406 469/213/467 468/212/466
f 406/150/406 407/151/407 470/214/468 469/213/467
f 407/151/407 408/152/408 471/215/469 470/214/468
f 408/152/408 409/153/409 472/216/470 471/215/469
f 409/153/409 410/154/410 473/217/471 472/216/470
f 410/154/410 411/155/411 474/218/472 473/217/471
f 411/155/411 412/156/412 475/219/473 474/218/472
f 412/156/412 413/157/413 476/220/474 475/219/473
f 413/157/413 414/158/414 477/221/475 476/220/474
f 414/158/414 415/159/415 478/222/476 477/221/475
f 415/159/415 416/160/416 479/223/477 478/222/476
f 416/160/416 417/161/417 480/224/478 479/223/477
f 417/161/417 418/162/418 481/225/479 480/224/478
f 418/162/418 419/163/419 482/226/480 481/225/479
f 419/163/419 420/164/420 483/227/481 482/226/480
f 420/164/420 421/165/421 484/228/482 483/227/481
f 421/165/421 422/166/422 485/229/483 484/228/482
f 422/166/422 423/167/423 486/230/484 485/229/483
f 423/167/423 424/168/424 487/231/485 486/230/484
f 424/168/424 425/169/425 488/232/486 487/231/485
f 425/169/425 426/170/426 489/233/487 488/232/486
f 426/170/426 427/171/427 490/234/488 489/233/487
f 427/171/427 428/172/428 491/235/489 490/234/488
f 428/172/428 429/173/429 492/236/490 491/235/489
f 429/173/429 430/174/430 493/237/491 492/236/490
f 430/174/430 431/175/431 494/238/492 493/237/491
f 431/175/431 432/176/432 495/239/493 494/238/492
f 432/176/432 433/177/433 496/240/494 495/239/493
f 433/177/433 434/178/434 497/241/495 496/240/494
f 434/178/434 435/179/435 498/242/496 497/241/495
f 435/179/435 436/180/436 499/243/497 498/242/496
f 436/180/436 437/181/437 500/244/498 499/243/497
f 437/181/437 438/182/438 501/245/499 500/244/498
f 438/182/438 439/183/439 502/246/500 501/245/499
f 439/183/439 440/184/440 503/247/501 502/246/500
f 440/184/440 441/185/441 504/248/502 503/247/501
f 441/185/441 442/186/442 505/249/503 504/248/502
f 442/186/442 443/187/443 506/250/504 505/249/503
f 443/187/443 444/188/444 507/251/505 506/250/504
f 444/188/444 445/189/445 508/252/506 507/251/505
f 446/191/446 447/190/403 510/253/508 509/254/507
f 447/190/403 448/192/447 511/255/509 510/253/508
f 448/192/447 449/193/448 512/256/510 511/255/509
f 449/193/448 450/194/449 513/257/511 512/256/510
f 450/194/449 451/195/450 514/258/512 513/257/511
f 451/195/450 452/196/388 515/259/513 514/258/512
f 452/196/388 453/197/451 516/260/514 515/259/513
f 453/197/451 454/198/452 517/261/515 516/260/514
f 454/198/452 455/199/453 518/262/516 517/261/515
f 455/199/453 456/200/454 519/263/517 518/262/516
f 456/200/454 457/201/455 520/264/518 519/263/517
f 457/201/455 458/202/456 521/265/519 520/264/518
f 458/202/456 459/203/457 522/266/520 521/265/519
f 459/203/457 460/204/458 523/267/521 522/266/520
f 460/204/458 461/205/459 524/268/522 523/267/521
f 461/205/459 462/206/460 525/269/523 524/268/522
f 462/206/460 463/207/461 526/270/524 525/269/523
f 463/207/461 464/208/462 527/271/525 526/270/524
f 464/208/462 465/209/463 528/272/526 527/271/525
f 465/209/463 466/210/464 529/273/527 528/272/526
f 466/210/464 467/211/465 530/274/528 529/273/527
f 467/211/465 468/212/466 531/275/529 530/274/528
f 468/212/466 469/213/467 532/276/530 531/275/529
f 469/213/467 470/214/468 533/277/531 532/276/530
f 470/214/468 471/215/469 534/278/532 533/277/531
f 471/215/469 472/216/470 535/279/533 534/278/532
f 472/216/470 473/217/471 536/280/534 535/279/533
f 473/217/471 474/218/472 537/281/535 536/280/534
f 474/218/472 475/219/473 538/282/536 537/281/535
f 475/219/473 476/220/474 539/283/537 538/282/536
f 476/220/474 477/221/475 540/284/538 539/283/537
f 477/221/475 478/222/476 541/285/539 540/284/538
f 478/222/476 479/223/477 542/286/540 541/285/539
f 479/223/477 480/224/478 543/287/541 542/286/540
f 480/224/478 481/225/479 544/288/542 543/287/541
f 481/225/479 482/226/480 545/289/543 544/288/542
f 482/226/480 483/227/481 546/290/544 545/289/543
f 483/227/481 484/228/482 547/291/545 546/290/544
f 484/228/482 485/229/483 548/292/546 547/291/545
f 485/229/483 486/230/484 549/293/547 548/292/546
f 486/230/484 487/231/485 550/294/548 549/293/547
f 487/231/485 488/232/486 551/295/549 550/294/548
f 488/232/486 489/233/487 552/296/550 551/295/549
f 489/233/487 490/234/488 553/297/551 552/296/550
f 490/234/488 491/235/489 554/298/552 553/297/551
f 491/235/489 492/236/490 555/299/553 554/298/552
f 492/236/490 493/237/491 556/300/554 555/299/553
f 493/237/491 494/238/492 557/301/555 556/300/554
f 494/238/492 495/239/493 558/302/556 557/301/555
f 495/239/493 496/240/494 559/303/557 558/302/556
f 496/240/494 497/241/495 560/304/558 559/303/557
f 497/241/495 498/242/496 561/305/559 560/304/558
f 498/242/496 499/243/497 562/306/560 561/305/559
f 499/243/497 500/244/498 563/307/561 562/306/560
f 500/244/498 501/245/499 564/308/562 563/307/561
f 501/245/499 502/246/500 565/309/563 564/308/562
f 502/246/500 503/247/501 566/310/564 565/309/563
f 503/247/501 504/248/502 567/311/565 566/310/564
f 504/248/502 505/249/503 568/312/566 567/311/565
f 505/249/503 506/250/504 569/313/567 568/312/566
f 506/250/504 507/251/505 570/314/568 569/313/567
f 507/251/505 508/252/506 571/315/569 570/314/568
f 509/254/507 510/253/508 573/316/571 572/317/570
f 510/253/508 511/255/509 574/318/572 573/316/571
f 511/255/509 512/256/510 575/319/573 574/318/572
f 512/256/510 513/257/511 576/320/574 575/319/573
f 513/257/511 514/258/512 577/321/575 576/320/574
f 514/258/512 515/259/513 578/322/576 577/321/575
f 515/259/513 516/260/514 579/323/577 578/322/576
f 516/260/514 517/261/515 580/324/578 579/323/577
f 517/261/515 518/262/516 581/325/579 580/324/578
f 518/262/516 519/263/517 582/326/580 581/325/579
f 519/263/517 520/264/518 583/327/581 582/326/580
f 520/264/518 521/265/519 584/328/582 583/327/581
f 521/265/519 522/266/520 585/329/583 584/328/582
f 522/266/520 523/267/521 586/330/584 585/329/583
f 523/267/521 524/268/522 587/331/585 586/330/584
f 524/268/522 525/269/523 588/332/586 587/331/585
f 525/269/523 526/270/524 589/333/587 588/332/586
f 526/270/524 527/271/525 590/334/588 589/333/587
f 527/271/525 528/272/526 591/335/589 590/334/588
f 528/272/526 529/273/527 592/336/590 591/335/589
f 529/273/527 530/274/528 593/337/591 592/336/590
f 530/274/528 531/275/529 594/338/592 593/337/591
f 531/275/529 532/276/530 595/339/593 594/338/592
f 532/276/530 533/277/531 596/340/594 595/339/593
f 533/277/531 534/278/532 597/341/595 596/340/594
f 534/278/532 535/279/533 598/342/596 597/341/595
f 535/279/533 536/280/534 599/343/597 598/342/596
f 536/280/534 537/281/535 600/344/598 599/343/597
f 537/281/535 538/282/536 601/345/599 600/344/598
f 538/282/536 539/283/537 602/346/600 601/345/599
f 539/283/537 540/284/538 603/347/601 602/346/600
f 540/284/538 541/285/539 604/348/602 603/347/601
f 541/285/539 542/286/540 605/349/603 604/348/602
f 542/286/540 543/287/541 606/350/604 605/349/603
f 543/287/541 544/288/542 607/351/605 606/350/604
f 544/288/542 545/289/543 608/352/606 607/351/605
f 545/289/543 546/290/544 609/353/607 608/352/606
f 546/290/544 547/291/545 610/354/608 609/353/607
f 547/291/545 548/292/546 611/355/609 610/354/608
f 548/292/546 549/293/547 612/356/610 611/355/609
f 549/293/547 550/294/548 613/357/611 612/356/610
f 550/294/548 551/295/549 614/358/612 613/357/611
f 551/295/549 552/296/550 615/359/613 614/358/612
f 552/296/550 553/297/551 616/360/614 615/359/613
f 553/297/551 554/298/552 617/361/615 616/360/614
f 554/298/552 555/299/553 618/362/616 617/361/615
f 555/299/553 556/300/554 619/363/617 618/362/616
f 556/300/554 557/301/555 620/364/618 619/363/617
f 557/301/555 558/302/556 621/365/619 620/364/618
f 558/302/556 559/303/557 622/366/620 621/365/619
f 559/303/557 560/304/558 623/367/621 622/366/620
f 560/304/558 561/305/559 624/368/622 623/367/621
f 561/305/559 562/306/560 625/369/623 624/368/622
f 562/306/560 563/307/561 626/370/624 625/369/623
f 563/307/561 564/308/562 627/371/625 626/370/624
f 564/308/562 565/309/563 628/372/626 627/371/625
f 565/309/563 566/310/564 629/373/627 628/372/626
f 566/310/564 567/311/565 630/374/628 629/373/627
f 567/311/565 568/312/566 631/375/629 630/374/628
f 568/312/566 569/313/567 632/376/630 631/375/629
f 569/313/567 570/314/568 633/377/631 632/376/630
f 570/314/568 571/315/569 634/378/632 633/377/631
f 572/317/570 573/316/571 636/379/634 635/380/633
f 573/316/571 574/318/572 637/381/635 636/379/634
f 574/318/572 575/319/573 638/382/636 637/381/635
f 575/319/573 576/320/574 639/383/637 638/382/636
f 576/320/574 577/321/575 640/384/638 639/383/637
f 577/321/575 578/322/576 641/385/639 640/384/638
f 578/322/576 579/323/577 642/386/640 641/385/639
f 579/323/577 580/324/578 643/387/641 642/386/640
f 580/324/578 581/325/579 644/388/642 643/387/641
f 581/325/579 582/326/580 645/389/643 644/388/642
f 582/326/580 583/327/581 646/390/644 645/389/643
f 583/327/581 584/328/582 647/391/645 646/390/644
f 584/328/582 585/329/583 648/392/646 647/391/645
f 585/329/583 586/330/584 649/393/647 648/392/646
f 586/330/584 587/331/585 650/394/648 649/393/647
f 587/331/585 588/332/586 651/395/649 650/394/648
f 588/332/586 589/333/587 652/396/650 651/395/649
f 589/333/587 590/334/588 653/397/651 652/396/650
f 590/334/588 591/335/589 654/398/652 653/397/651
f 591/335/589 592/336/590 655/399/653 654/398/652
f 592/336/590 593/337/591 656/400/654 655/399/653
f 593/337/591 594/338/592 657/401/655 656/400/654
f 594/338/592 595/339/593 658/402/656 657/401/655
f 595/339/593 596/340/594 659/403/657 658/402/656
f 596/340/594 597/341/595 660/404/658 659/403/657
f 597/341/595 598/342/596 661/405/659 660/404/658
f 598/342/596 599/343/597 662/406/660 661/405/659
f 599/343/597 600/344/598 663/407/661 662/406/660
f 600/344/598 601/345/599 664/408/662 663/407/661
f 601/345/599 602/346/600 665/409/663 664/408/662
f 602/346/600 603/347/601 666/410/664 665/409/663
f 603/347/601 604/348/602 667/411/665 666/410/664
f 604/348/602 605/349/603 668/412/666 667/411/665
f 605/349/603 606/350/604 669/413/667 668/412/666
f 606/350/604 607/351/605 670/414/668 669/413/667
f 607/351/605 608/352/606 671/415/669 670/414/668
f 608/352/606 609/353/607 672/416/670 671/415/669
f 609/353/607 610/354/608 673/417/671 672/416/670
f 610/354/608 611/355/609 674/418/672 673/417/671
f 611/355/609 612/356/610 675/419/673 674/418/672
f 612/356/610 613/357/611 676/420/674 675/419/673
f 613/357/611 614/358/612 677/421/675 676/420/674
f 614/358/612 615/359/613 678/422/676 677/421/675
f 615/359/613 616/360/614 679/423/677 678/422/676
f 616/360/614 617/361/615 680/424/678 679/423/677
f 617/361/615 618/362/616 681/425/679 680/424/678
f 618/362/616 619/363/617 682/426/680 681/425/679
f 619/363/617 620/364/618 683/427/681 682/426/680
f 620/364/618 621/365/619 684/428/682 683/427/681
f 621/365/619 622/366/620 685/429/683 684/428/682
f 622/366/620 623/367/621 686/430/684 685/429/683
f 623/367/621 624/368/622 687/431/685 686/430/684
f 624/368/622 625/369/623 688/432/686 687/431/685
f 625/369/623 626/370/624 689/433/687 688/432/686
f 626/370/624 627/371/625 690/434/688 689/433/687
f 627/371/625 628/372/626 691/435/689 690/434/688
f 628/372/626 629/373/627 692/436/690 691/435/689
f 629/373/627 630/374/628 693/437/691 692/436/690
f 630/374/628 631/375/629 694/438/692 693/437/691
f 631/375/629 632/376/630 695/439/693 694/438/692
f 632/376/630 633/377/631 696/440/694 695/439/693
f 633/377/631 634/378/632 697/441/695 696/440/694
f 635/380/633 636/379/634 699/442/697 698/443/696
f 636/379/634 637/381/635 700/444/698 699/442/697
f 637/381/635 638/382/636 701/445/699 700/444/698
f 638/382/636 639/383/637 702/446/700 701/445/699
f 639/383/637 640/384/638 703/447/701 702/446/700
f 640/384/638 641/385/639 704/448/702 703/447/701
f 641/385/639 642/386/640 705/449/703 704/448/702
f 642/386/640 643/387/641 706/450/704 705/449/703
f 643/387/641 644/388/642 707/451/705 706/450/704
f 644/388/642 645/389/643 708/452/706 707/451/705
f 645/389/643 646/390/644 709/453/707 708/452/706
f 646/390/644 647/391/645 710/454/708 709/453/707
f 647/391/645 648/392/646 711/455/709 710/454/708
f 648/392/646 649/393/647 712/456/710 711/455/709
f 649/393/647 650/394/648 713/457/711 712/456/710
f 650/394/648 651/395/649 714/458/712 713/457/711
f 651/395/649 652/396/650 715/459/713 714/458/712
f 652/396/650 653/397/651 716/460/714 715/459/713
f 653/397/651 654/398/652 717/461/715 716/460/714
f 654/398/652 655/399/653 718/462/716 717/461/715
f 655/399/653 656/400/654 719/463/717 718/462/716
f 656/400/654 657/401/655 720/464/718 719/463/717
f 657/401/655 658/402/656 721/465/719 720/464/718
f 658/402/656 659/403/657 722/466/720 721/465/719
f 659/403/657 660/404/658 723/467/721 722/466/720
f 660/404/658 661/405/659 724/468/722 723/467/721
f 661/405/659 662/406/660 725/469/723 724/468/722
f 662/406/660 663/407/661 726/470/724 725/469/723
f 663/407/661 664/408/662 727/471/725 726/470/724
f 664/408/662 665/409/663 728/472/726 727/471/725
f 665/409/663 666/410/664 729/473/727 728/472/726
f 666/410/664 667/411/665 730/474/728 729/473/727
f 667/411/665 668/412/666 731/475/729 730/474/728
f 668/412/666 669/413/667 732/476/730 731/475/729
f 669/413/667 670/414/668 733/477/731 732/476/730
f 670/414/668 671/415/669 734/478/732 733/477/731
f 671/415/669 672/416/670 735/479/733 734/478/732
f 672/416/670 673/417/671 736/480/734 735/479/733
f 673/417/671 674/418/672 737/481/735 736/480/734
f 674/418/672 675/419/673 738/482/736 737/481/735
f 675/419/673 676/420/674 739/483/737 738/482/736
f 676/420/674 677/421/675 740/484/738 739/483/737
f 677/421/675 678/422/676 741/485/739 740/484/738
f 678/422/676 679/423/677 742/486/740 741/485/739
f 679/423/677 680/424/678 743/487/741 742/486/740
f 680/424/678 681/425/679 744/488/742 743/487/741
f 681/425/679 682/426/680 745/489/743 744/488/742
f 682/426/680 683/427/681 746/490/744 745/489/743
f 683/427/681 684/428/682 747/491/745 746/490/744
f 684/428/682 685/429/683 748/492/746 747/491/745
f 685/429/683 686/430/684 749/493/747 748/492/746
f 686/430/684 687/431/685 750/494/748 749/493/747
f 687/431/685 688/432/686 751/495/749 750/494/748
f 688/432/686 689/433/687 752/496/750 751/495/749
f 689/433/687 690/434/688 753/497/751 752/496/750
f 690/434/688 691/435/689 754/498/752 753/497/751
f 691/435/689 692/436/690 755/499/753 754/498/752
f 692/436/690 693/437/691 756/500/754 755/499/753
f 693/437/691 694/438/692 757/501/755 756/500/754
f 694/438/692 695/439/693 758/502/756 757/501/755
f 695/439/693 696/440/694 759/503/757 758/502/756
f 696/440/694 697/441/695 760/504/758 759/503/757
f 698/443/696 699/442/697 762/505/760 761/506/759
f 699/442/697 700/444/698 763/507/761 762/505/760
f 700/444/698 701/445/699 764/508/762 763/507/761
f 701/445/699 702/446/700 765/509/763 764/508/762
f 702/446/700 703/447/701 766/510/764 765/509/763
f 703/447/701 704/448/702 767/511/765 766/510/764
f 704/448/702 705/449/703 768/512/766 767/511/765
f 705/449/703 706/450/704 769/513/767 768/512/766
f 706/450/704 707/451/705 770/514/768 769/513/767
f 707/451/705 708/452/706 771/515/769 770/514/768
f 708/452/706 709/453/707 772/516/770 771/515/769
f 709/453/707 710/454/708 773/517/771 772/516/770
f 710/454/708 711/455/709 774/518/772 773/517/771
f 711/455/709 712/456/710 775/519/773 774/518/772
f 712/456/710 713/457/711 776/520/774 775/519/773
f 713/457/711 714/458/712 777/521/775 776/520/774
f 714/458/712 715/459/713 778/522/776 777/521/775
f 715/459/713 716/460/714 779/523/777 778/522/776
f 716/460/714 717/461/715 780/524/778 779/523/777
f 717/461/715 718/462/716 781/525/779 780/524/778
f 718/462/716 719/463/717 782/526/780 781/525/779
f 719/463/717 720/464/718 783/527/781 782/526/780
f 720/464/718 721/465/719 784/528/782 783/527/781
f 721/465/719 722/466/720 785/529/783 784/528/782
f 722/466/720 723/467/721 786/530/784 785/529/783
f 723/467/721 724/468/722 787/531/785 786/530/784
f 724/468/722 725/469/723 788/532/786 787/531/785
f 725/469/723 726/470/724 789/533/787 788/532/786
f 726/470/724 727/471/725 790/534/788 789/533/787
f 727/471/725 728/472/726 791/535/789 790/534/788
f 728/472/726 729/473/727 792/536/790 791/535/789
f 729/473/727 730/474/728 793/537/791 792/536/790
f 730/474/728 731/475/729 794/538/792 793/537/791
f 731/475/729 732/476/730 795/539/793 794/538/792
f 732/476/730 733/477/731 796/540/794 795/539/793
f 733/477/731 734/478/732 797/541/795 796/540/794
f 734/478/732 735/479/733 798/542/796 797/541/795
f 735/479/733 736/480/734 799/543/797 798/542/796
f 736/480/734 737/481/735 800/544/798 799/543/797
f 737/481/735 738/482/736 801/545/799 800/544/798
f 738/482/736 739/483/737 802/546/800 801/545/799
f 739/483/737 740/484/738 803/547/801 802/546/800
f 740/484/738 741/485/739 804/548/802 803/547/801
f 741/485/739 742/486/740 805/549/803 804/548/802
f 742/486/740 743/487/741 806/550/804 805/549/803
f 743/487/741 744/488/742 807/551/805 806/550/804
f 744/488/742 745/489/743 808/552/806 807/551/805
f 745/489/743 746/490/744 809/553/807 808/552/806
f 746/490/744 747/491/745 810/554/808 809/553/807
f 747/491/745 748/492/746 811/555/809 810/554/808
f 748/492/746 749/493/747 812/556/810 811/555/809
f 749/493/747 750/494/748 813/557/811 812/556/810
f 750/494/748 751/495/749 814/558/812 813/557/811
f 751/495/749 752/496/750 815/559/813 814/558/812
f 752/496/750 753/497/751 816/560/814 815/559/813
f 753/497/751 754/498/752 817/561/815 816/560/814
f 754/498/752 755/499/753 818/562/816 817/561/815
f 755/499/753 756/500/754 819/563/817 818/562/816
f 756/500/754 757/501/755 820/564/818 819/563/817
f 757/501/755 758/502/756 821/565/819 820/564/818
f 758/502/756 759/503/757 822/566/820 821/565/819
f 759/503/757 760/504/758 823/567/821 822/566/820
f 761/506/759 762/505/760 825/568/823 824/569/822
f 762/505/760 763/507/761 826/570/824 825/568/823
f 763/507/761 764/508/762 827/571/574 826/570/824
f 764/508/762 765/509/763 828/572/825 827/571/574
f 765/509/763 766/510/764 829/573/826 828/572/825
f 766/510/764 767/511/765 830/574/827 829/573/826
f 767/511/765 768/512/766 831/575/828 830/574/827
f 768/512/766 769/513/767 832/576/829 831/575/828
f 769/513/767 770/514/768 833/577/830 832/576/829
f 770/514/768 771/515/769 834/578/831 833/577/830
f 771/515/769 772/516/770 835/579/832 834/578/831
f 772/516/770 773/517/771 836/580/833 835/579/832
f 773/517/771 774/518/772 837/581/834 836/580/833
f 774/518/772 775/519/773 838/582/835 837/581/834
f 775/519/773 776/520/774 839/583/836 838/582/835
f 776/520/774 777/521/775 840/584/837 839/583/836
f 777/521/775 778/522/776 841/585/838 840/584/837
f 778/522/776 779/523/777 842/586/839 841/585/838
f 779/523/777 780/524/778 843/587/840 842/586/839
f 780/524/778 781/525/779 844/588/841 843/587/840
f 781/525/779 782/526/780 845/589/842 844/588/841
f 782/526/780 783/527/781 846/590/843 845/589/842
f 783/527/781 784/528/782 847/591/844 846/590/843
f 784/528/782 785/529/783 848/592/845 847/591/844
f 785/529/783 786/530/784 849/593/846 848/592/845
f 786/530/784 787/531/785 850/594/847 849/593/846
f 787/531/785 788/532/786 851/595/848 850/594/847
f 788/532/786 789/533/787 852/596/849 851/595/848
f 789/533/787 790/534/788 853/597/850 852/596/849
f 790/534/788 791/535/789 854/598/851 853/597/850
f 791/535/789 792/536/790 855/599/852 854/598/851
f 792/536/790 793/537/791 856/600/853 855/599/852
f 793/537/791 794/538/792 857/601/854 856/600/853
f 794/538/792 795/539/793 858/602/855 857/601/854
f 795/539/793 796/540/794 859/603/856 858/602/855
f 796/540/794 797/541/795 860/604/857 859/603/856
f 797/541/795 798/542/796 861/605/858 860/604/857
f 798/542/796 799/543/797 862/606/859 861/605/858
f 799/543/797 800/544/798 863/607/860 862/606/859
f 800/544/798 801/545/799 864/608/861 863/607/860
f 801/545/799 802/546/800 865/609/862 864/608/861
f 802/546/800 803/547/801 866/610/863 865/609/862
f 803/547/801 804/548/802 867/611/864 866/610/863
f 804/548/802 805/549/803 868/612/865 867/611/864
f 805/549/803 806/550/804 869/613/866 868/612/865
f 806/550/804 807/551/805 870/614/867 869/613/866
f 807/551/805 808/552/806 871/615/868 870/614/867
f 808/552/806 809/553/807 872/616/869 871/615/868
f 809/553/807 810/554/808 873/617/870 872/616/869
f 810/554/808 811/555/809 874/618/871 873/617/870
f 811/555/809 812/556/810 875/619/872 874/618/871
f 812/556/810 813/557/811 876/620/873 875/619/872
f 813/557/811 814/558/812 877/621/874 876/620/873
f 814/558/812 815/559/813 878/622/875 877/621/874
f 815/559/813 816/560/814 879/623/876 878/622/875
f 816/560/814 817/561/815 880/624/877 879/623/876
f 817/561/815 818/562/816 881/625/878 880/624/877
f 818/562/816 819/563/817 882/626/879 881/625/878
f 819/563/817 820/564/818 883/627/880 882/626/879
f 820/564/818 821/565/819 884/628/881 883/627/880
f 821/565/819 822/566/820 885/629/882 884/628/881
f 822/566/820 823/567/821 886/630/883 885/629/882
f 824/569/822 825/568/823 888/631/885 887/632/884
f 825/568/823 826/570/824 889/633/886 888/631/885
f 826/570/824 827/571/574 890/634/887 889/633/886
f 827/571/574 828/572/825 891/635/888 890/634/887
f 828/572/825 829/573/826 892/636/889 891/635/888
f 829/573/826 830/574/827 893/637/890 892/636/889
f 830/574/827 831/575/828 894/638/891 893/637/890
f 831/575/828 832/576/829 895/639/892 894/638/891
f 832/576/829 833/577/830 896/640/893 895/639/892
f 833/577/830 834/578/831 897/641/894 896/640/893
f 834/578/831 835/579/832 898/642/895 897/641/894
f 835/579/832 836/580/833 899/643/896 898/642/895
f 836/580/833 837/581/834 900/644/897 899/643/896
f 837/581/834 838/582/835 901/645/898 900/644/897
f 838/582/835 839/583/836 902/646/899 901/645/898
f 839/583/836 840/584/837 903/647/900 902/646/899
f 840/584/837 841/585/838 904/648/901 903/647/900
f 841/585/838 842/586/839 905/649/902 904/648/901
f 842/586/839 843/587/840 906/650/903 905/649/902
f 843/587/840 844/588/841 907/651/904 906/650/903
f 844/588/841 845/589/842 908/652/905 907/651/904
f 845/589/842 846/590/843 909/653/906 908/652/905
f 846/590/843 847/591/844 910/654/907 909/653/906
f 847/591/844 848/592/845 911/655/908 910/654/907
f 848/592/845 849/593/846 912/656/909 911/655/908
f 849/593/846 850/594/847 913/657/910 912/656/909
f 850/594/847 851/595/848 914/658/911 913/657/910
f 851/595/848 852/596/849 915/659/912 914/658/911
f 852/596/849 853/597/850 916/660/913 915/659/912
f 853/597/850 854/598/851 917/661/914 916/660/913
f 854/598/851 855/599/852 918/662/915 917/661/914
f 855/599/852 856/600/853 919/663/916 918/662/915
f 856/600/853 857/601/854 920/664/917 919/663/916
f 857/601/854 858/602/855 921/665/918 920/664/917
f 858/602/855 859/603/856 922/666/919 921/665/918
f 859/603/856 860/604/857 923/667/920 922/666/919
f 860/604/857 861/605/858 924/668/921 923/667/920
f 861/605/858 862/606/859 925/669/922 924/668/921
f 862/606/859 863/607/860 926/670/923 925/669/922
f 863/607/860 864/608/861 927/671/924 926/670/923
f 864/608/861 865/609/862 928/672/925 927/671/924
f 865/609/862 866/610/863 929/673/926 928/672/925
f 866/610/863 867/611/864 930/674/927 929/673/926
f 867/611/864 868/612/865 931/675/928 930/674/927
f 868/612/865 869/613/866 932/676/929 931/675/928
f 869/613/866 870/614/867 933/677/930 932/676/929
f 870/614/867 871/615/868 934/678/931 933/677/930
f 871/615/868 872/616/869 935/679/932 934/678/931
f 872/616/869 873/617/870 936/680/933 935/679/932
f 873/617/870 874/618/871 937/681/934 936/680/933
f 874/618/871 875/619/872 938/682/935 937/681/934
f 875/619/872 876/620/873 939/683/936 938/682/935
f 876/620/873 877/621/874 940/684/937 939/683/936
f 877/621/874 878/622/875 941/685/938 940/684/937
f 878/622/875 879/623/876 942/686/939 941/685/938
f 879/623/876 880/624/877 943/687/940 942/686/939
f 880/624/877 881/625/878 944/688/941 943/687/940
f 881/625/878 882/626/879 945/689/942 944/688/941
f 882/626/879 883/627/880 946/690/943 945/689/942
f 883/627/880 884/628/881 947/691/944 946/690/943
f 884/628/881 885/629/882 948/692/945 947/691/944
f 885/629/882 886/630/883 949/693/946 948/692/945
f 887/632/884 888/631/885 951/694/948 950/695/947
f 888/631/885 889/633/886 952/696/949 951/694/948
f 889/633/886 890/634/887 953/697/950 952/696/949
f 890/634/887 891/635/888 954/698/951 953/697/950
f 891/635/888 892/636/889 955/699/952 954/698/951
f 892/636/889 893/637/890 956/700/953 955/699/952
f 893/637/890 894/638/891 957/701/954 956/700/953
f 894/638/891 895/639/892 958/702/955 957/701/954
f 895/639/892 896/640/893 959/703/956 958/702/955
f 896/640/893 897/641/894 960/704/957 959/703/956
f 897/641/894 898/642/895 961/705/958 960/704/957
f 898/642/895 899/643/896 962/706/959 961/705/958
f 899/643/896 900/644/897 963/707/960 962/706/959
f 900/644/897 901/645/898 964/708/961 963/707/960
f 901/645/898 902/646/899 965/709/962 964/708/961
f 902/646/899 903/647/900 966/710/963 965/709/962
f 903/647/900 904/648/901 967/711/964 966/710/963
f 904/648/901 905/649/902 968/712/965 967/711/964
f 905/649/902 906/650/903 969/713/966 968/712/965
f 906/650/903 907/651/904 970/714/967 969/713/966
f 907/651/904 908/652/905 971/715/968 970/714/967
f 908/652/905 909/653/906 972/716/969 971/715/968
f 909/653/906 910/654/907 973/717/970 972/716/969
f 910/654/907 911/655/908 974/718/971 973/717/970
f 911/655/908 912/656/909 975/719/972 974/718/971
f 912/656/909 913/657/910 976/720/973 975/719/972
f 913/657/910 914/658/911 977/721/974 976/720/973
f 914/658/911 915/659/912 978/722/975 977/721/974
f 915/659/912 916/660/913 979/723/976 978/722/975
f 916/660/913 917/661/914 980/724/977 979/723/976
f 917/661/914 918/662/915 981/725/978 980/724/977
f 918/662/915 919/663/916 982/726/979 981/725/978
f 919/663/916 920/664/917 983/727/980 982/726/979
f 920/664/917 921/665/918 984/728/981 983/727/980
f 921/665/918 922/666/919 985/729/982 984/728/981
f 922/666/919 923/667/920 986/730/983 985/729/982
f 923/667/920 924/668/921 987/731/984 986/730/983
f 924/668/921 925/669/922 988/732/985 987/731/984
f 925/669/922 926/670/923 989/733/986 988/732/985
f 926/670/923 927/671/924 990/734/987 989/733/986
f 927/671/924 928/672/925 991/735/988 990/734/987
f 928/672/925 929/673/926 992/736/989 991/735/988
f 929/673/926 930/674/927 993/737/990 992/736/989
f 930/674/927 931/675/928 994/738/991 993/737/990
f 931/675/928 932/676/929 995/739/992 994/738/991
f 932/676/929 933/677/930 996/740/993 995/739/992
f 933/677/930 934/678/931 997/741/994 996/740/993
f 934/678/931 935/679/932 998/742/995 997/741/994
f 935/679/932 936/680/933 999/743/996 998/742/995
f 936/680/933 937/681/934 1000/744/997 999/743/996
f 937/681/934 938/682/935 1001/745/998 1000/744/997
f 938/682/935 939/683/936 1002/746/999 1001/745/998
f 939/683/936 940/684/937 1003/747/1000 1002/746/999
f 940/684/937 941/685/938 1004/748/1001 1003/747/1000
f 941/685/938 942/686/939 1005/749/1002 1004/748/1001
f 942/686/939 943/687/940 1006/750/1003 1005/749/1002
f 943/687/940 944/688/941 1007/751/1004 1006/750/1003
f 944/688/941 945/689/942 1008/752/1005 1007/751/1004
f 945/689/942 946/690/943 1009/753/1006 1008/752/1005
f 946/690/943 947/691/944 1010/754/1007 1009/753/1006
f 947/691/944 948/692/945 1011/755/1008 1010/754/1007
f 948/692/945 949/693/946 1012/756/1009 1011/755/1008
f 950/695/947 951/694/948 1014/757/1011 1013/758/1010
f 951/694/948 952/696/949 1015/759/1012 1014/757/1011
f 952/696/949 953/697/950 1016/760/1013 1015/759/1012
f 953/697/950 954/698/951 1017/761/1014 1016/760/1013
f 954/698/951 955/699/952 1018/762/1015 1017/761/1014
f 955/699/952 956/700/953 1019/763/1016 1018/762/1015
f 956/700/953 957/701/954 1020/764/1017 1019/763/1016
f 957/701/954 958/702/955 1021/765/1018 1020/764/1017
f 958/702/955 959/703/956 1022/766/1019 1021/765/1018
f 959/703/956 960/704/957 1023/767/1020 1022/766/1019
f 960/704/957 961/705/958 1024/768/1021 1023/767/1020
f 961/705/958 962/706/959 1025/769/1022 1024/768/1021
f 962/706/959 963/707/960 1026/770/1023 1025/769/1022
f 963/707/960 964/708/961 1027/771/1024 1026/770/1023
f 964/708/961 965/709/962 1028/772/1025 1027/771/1024
f 965/709/962 966/710/963 1029/773/1026 1028/772/1025
f 966/710/963 967/711/964 1030/774/1027 1029/773/1026
f 967/711/964 968/712/965 1031/775/1028 1030/774/1027
f 968/712/965 969/713/966 1032/776/1029 1031/775/1028
f 969/713/966 970/714/967 1033/777/1030 1032/776/1029
f 970/714/967 971/715/968 1034/778/1031 1033/777/1030
f 971/715/968 972/716/969 1035/779/1032 1034/778/1031
f 972/716/969 973/717/970 1036/780/1033 1035/779/1032
f 973/717/970 974/718/971 1037/781/1034 1036/780/1033
f 974/718/971 975/719/972 1038/782/1035 1037/781/1034
f 975/719/972 976/720/973 1039/783/1036 1038/782/1035
f 976/720/973 977/721/974 1040/784/1037 1039/783/1036
f 977/721/974 978/722/975 1041/785/1038 1040/784/1037
f 978/722/975 979/723/976 1042/786/1039 1041/785/1038
f 979/723/976 980/724/977 1043/787/1040 1042/786/1039
f 980/724/977 981/725/978 1044/788/1041 1043/787/1040
f 981/725/978 982/726/979 1045/789/1042 1044/788/1041
f 982/726/979 983/727/980 1046/790/1043 1045/789/1042
f 983/727/980 984/728/981 1047/791/1044 1046/790/1043
f 984/728/981 985/729/982 1048/792/1045 1047/791/1044
f 985/729/982 986/730/983 1049/793/1046 1048/792/1045
f 986/730/983 987/731/984 1050/794/1047 1049/793/1046
f 987/731/984 988/732/985 1051/795/1048 1050/794/1047
f 988/732/985 989/733/986 1052/796/1049 1051/795/1048
f 989/733/986 990/734/987 1053/797/1050 1052/796/1049
f 990/734/987 991/735/988 1054/798/1051 1053/797/1050
f 991/735/988 992/736/989 1055/799/1052 1054/798/1051
f 992/736/989 993/737/990 1056/800/1053 1055/799/1052
f 993/737/990 994/738/991 1057/801/1054 1056/800/1053
f 994/738/991 995/739/992 1058/802/1055 1057/801/1054
f 995/739/992 996/740/993 1059/803/1056 1058/802/1055
f 996/740/993 997/741/994 1060/804/1057 1059/803/1056
f 997/741/994 998/742/995 1061/805/1058 1060/804/1057
f 998/742/995 999/743/996 1062/806/1059 1061/805/1058
f 999/743/996 1000/744/997 1063/807/1060 1062/806/1059
f 1000/744/997 1001/745/998 1064/808/1061 1063/807/1060
f 1001/745/998 1002/746/999 1065/809/1062 1064/808/1061
f 1002/746/999 1003/747/1000 1066/810/1063 1065/809/1062
f 1003/747/1000 1004/748/1001 1067/811/1064 1066/810/1063
f 1004/748/1001 1005/749/1002 1068/812/1065 1067/811/1064
f 1005/749/1002 1006/750/1003 1069/813/1066 1068/812/1065
f 1006/750/1003 1007/751/1004 1070/814/1067 1069/813/1066
f 1007/751/1004 1008/752/1005 1071/815/1068 1070/814/1067
f 1008/752/1005 1009/753/1006 1072/816/1069 1071/815/1068
f 1009/753/1006 1010/754/1007 1073/817/1070 1072/816/1069
f 1010/754/1007 1011/755/1008 1074/818/1071 1073/817/1070
f 1011/755/1008 1012/756/1009 1075/819/1072 1074/818/1071
f 1013/758/1010 1014/757/1011 1077/820/1074 1076/821/1073
f 1014/757/1011 1015/759/1012 1078/822/1075 1077/820/1074
f 1015/759/1012 1016/760/1013 1079/823/1076 1078/822/1075
f 1016/760/1013 1017/761/1014 1080/824/700 1079/823/1076
f 1017/761/1014 1018/762/1015 1081/825/1077 1080/824/700
f 1018/762/1015 1019/763/1016 1082/826/1078 1081/825/1077
f 1019/763/1016 1020/764/1017 1083/827/1079 1082/826/1078
f 1020/764/1017 1021/765/1018 1084/828/1080 1083/827/1079
f 1021/765/1018 1022/766/1019 1085/829/1081 1084/828/1080
f 1022/766/1019 1023/767/1020 1086/830/1082 1085/829/1081
f 1023/767/1020 1024/768/1021 1087/831/1083 1086/830/1082
f 1024/768/1021 1025/769/1022 1088/832/1084 1087/831/1083
f 1025/769/1022 1026/770/1023 1089/833/1085 1088/832/1084
f 1026/770/1023 1027/771/1024 1090/834/1086 1089/833/1085
f 1027/771/1024 1028/772/1025 1091/835/1087 1090/834/1086
f 1028/772/1025 1029/773/1026 1092/836/1088 1091/835/1087
f 1029/773/1026 1030/774/1027 1093/837/1089 1092/836/1088
f 1030/774/1027 1031/775/1028 1094/838/1090 1093/837/1089
f 1031/775/1028 1032/776/1029 1095/839/1091 1094/838/1090
f 1032/776/1029 1033/777/1030 1096/840/1092 1095/839/1091
f 1033/777/1030 1034/778/1031 1097/841/1093 1096/840/1092
f 1034/778/1031 1035/779/1032 1098/842/1094 1097/841/1093
f 1035/779/1032 1036/780/1033 1099/843/1095 1098/842/1094
f 1036/780/1033 1037/781/1034 1100/844/1096 1099/843/1095
f 1037/781/1034 1038/782/1035 1101/845/1097 1100/844/1096
f 1038/782/1035 1039/783/1036 1102/846/1098 1101/845/1097
f 1039/783/1036 1040/784/1037 1103/847/1099 1102/846/1098
f 1040/784/1037 1041/785/1038 1104/848/1100 1103/847/1099
f 1041/785/1038 1042/786/1039 1105/849/1101 1104/848/1100
f 1042/786/1039 1043/787/1040 1106/850/1102 1105/849/1101
f 1043/787/1040 1044/788/1041 1107/851/1103 1106/850/1102
f 1044/788/1041 1045/789/1042 1108/852/1104 1107/851/1103
f 1045/789/1042 1046/790/1043 1109/853/1105 1108/852/1104
f 1046/790/1043 1047/791/1044 1110/854/1106 1109/853/1105
f 1047/791/1044 1048/792/1045 1111/855/1107 1110/854/1106
f 1048/792/1045 1049/793/1046 1112/856/1108 1111/855/1107
f 1049/793/1046 1050/794/1047 1113/857/1109 1112/856/1108
f 1050/794/1047 1051/795/1048 1114/858/1110 1113/857/1109
f 1051/795/1048 1052/796/1049 1115/859/1111 1114/858/1110
f 1052/796/1049 1053/797/1050 1116/860/1112 1115/859/1111
f 1053/797/1050 1054/798/1051 1117/861/1113 1116/860/1112
f 1054/798/1051 1055/799/1052 1118/862/1114 1117/861/1113
f 1055/799/1052 1056/800/1053 1119/863/1115 1118/862/1114
f 1056/800/1053 1057/801/1054 1120/864/1116 1119/863/1115
f 1057/801/1054 1058/802/1055 1121/865/1117 1120/864/1116
f 1058/802/1055 1059/803/1056 1122/866/1118 1121/865/1117
f 1059/803/1056 1060/804/1057 1123/867/1119 1122/866/1118
f 1060/804/1057 1061/805/1058 1124/868/1120 1123/867/1119
f 1061/805/1058 1062/806/1059 1125/869/1121 1124/868/1120
f 1062/806/1059 1063/807/1060 1126/870/1122 1125/869/1121
f 1063/807/1060 1064/808/1061 1127/871/1123 1126/870/1122
f 1064/808/1061 1065/809/1062 1128/872/1124 1127/871/1123
f 1065/809/1062 1066/810/1063 1129/873/1125 1128/872/1124
f 1066/810/1063 1067/811/1064 1130/874/1126 1129/873/1125
f 1067/811/1064 1068/812/1065 1131/875/1127 1130/874/1126
f 1068/812/1065 1069/813/1066 1132/876/1128 1131/875/1127
f 1069/813/1066 1070/814/1067 1133/877/1129 1132/876/1128
f 1070/814/1067 1071/815/1068 1134/878/1130 1133/877/1129
f 1071/815/1068 1072/816/1069 1135/879/1131 1134/878/1130
f 1072/816/1069 1073/817/1070 1136/880/1132 1135/879/1131
f 1073/817/1070 1074/818/1071 1137/881/1133 1136/880/1132
f 1074/818/1071 1075/819/1072 1138/882/1134 1137/881/1133
f 1076/821/1073 1077/820/1074 1140/883/1136 1139/884/1135
f 1077/820/1074 1078/822/1075 1141/885/1137 1140/883/1136
f 1078/822/1075 1079/823/1076 1142/886/1138 1141/885/1137
f 1079/823/1076 1080/824/700 1143/887/1139 1142/886/1138
f 1080/824/700 1081/825/1077 1144/888/1140 1143/887/1139
f 1081/825/1077 1082/826/1078 1145/889/1141 1144/888/1140
f 1082/826/1078 1083/827/1079 1146/890/1142 1145/889/1141
f 1083/827/1079 1084/828/1080 1147/891/1143 1146/890/1142
f 1084/828/1080 1085/829/1081 1148/892/1144 1147/891/1143
f 1085/829/1081 1086/830/1082 1149/893/1145 1148/892/1144
f 1086/830/1082 1087/831/1083 1150/894/1146 1149/893/1145
f 1087/831/1083 1088/832/1084 1151/895/1147 1150/894/1146
f 1088/832/1084 1089/833/1085 1152/896/1148 1151/895/1147
f 1089/833/1085 1090/834/1086 1153/897/1149 1152/896/1148
f 1090/834/1086 1091/835/1087 1154/898/1150 1153/897/1149
f 1091/835/1087 1092/836/1088 1155/899/1151 1154/898/1150
f 1092/836/1088 1093/837/1089 1156/900/1152 1155/899/1151
f 1093/837/1089 1094/838/1090 1157/901/1153 1156/900/1152
f 1094/838/1090 1095/839/1091 1158/902/1154 1157/901/1153
f 1095/839/1091 1096/840/1092 1159/903/1155 1158/902/1154
f 1096/840/1092 1097/841/1093 1160/904/1156 1159/903/1155
f 1097/841/1093 1098/842/1094 1161/905/1157 1160/904/1156
f 1098/842/1094 1099/843/1095 1162/906/1158 1161/905/1157
f 1099/843/1095 1100/844/1096 1163/907/1159 1162/906/1158
f 1100/844/1096 1101/845/1097 1164/908/1160 1163/907/1159
f 1101/845/1097 1102/846/1098 1165/909/1161 1164/908/1160
f 1102/846/1098 1103/847/1099 1166/910/1162 1165/909/1161
f 1103/847/1099 1104/848/1100 1167/911/1163 1166/910/1162
f 1104/848/1100 1105/849/1101 1168/912/1164 1167/911/1163
f 1105/849/1101 1106/850/1102 1169/913/1165 1168/912/1164
f 1106/850/1102 1107/851/1103 1170/914/1166 1169/913/1165
f 1107/851/1103 1108/852/1104 1171/915/1167 1170/914/1166
f 1108/852/1104 1109/853/1105 1172/916/1168 1171/915/1167
f 1109/853/1105 1110/854/1106 1173/917/1169 1172/916/1168
f 1110/854/1106 1111/855/1107 1174/918/1170 1173/917/1169
f 1111/855/1107 1112/856/1108 1175/919/1171 1174/918/1170
f 1112/856/1108 1113/857/1109 1176/920/1172 1175/919/1171
f 1113/857/1109 1114/858/1110 1177/921/1173 1176/920/1172
f 1114/858/1110 1115/859/1111 1178/922/1174 1177/921/1173
f 1115/859/1111 1116/860/1112 1179/923/1175 1178/922/1174
f 1116/860/1112 1117/861/1113 1180/924/1176 1179/923/1175
f 1117/861/1113 1118/862/1114 1181/925/1177 1180/924/1176
f 1118/862/1114 1119/863/1115 1182/926/1178 1181/925/1177
f 1119/863/1115 1120/864/1116 1183/927/1179 1182/926/1178
f 1120/864/1116 1121/865/1117 1184/928/1180 1183/927/1179
f 1121/865/1117 1122/866/1118 1185/929/1181 1184/928/1180
f 1122/866/1118 1123/867/1119 1186/930/1182 1185/929/1181
f 1123/867/1119 1124/868/1120 1187/931/1183 1186/930/1182
f 1124/868/1120 1125/869/1121 1188/932/1184 1187/931/1183
f 1125/869/1121 1126/870/1122 1189/933/1185 1188/932/1184
f 1126/870/1122 1127/871/1123 1190/934/1186 1189/933/1185
f 1127/871/1123 1128/872/1124 1191/935/1187 1190/934/1186
f 1128/872/1124 1129/873/1125 1192/936/1188 1191/935/1187
f 1129/873/1125 1130/874/1126 1193/937/1189 1192/936/1188
f 1130/874/1126 1131/875/1127 1194/938/1190 1193/937/1189
f 1131/875/1127 1132/876/1128 1195/939/1191 1194/938/1190
f 1132/876/1128 1133/877/1129 1196/940/1192 1195/939/1191
f 1133/877/1129 1134/878/1130 1197/941/1193 1196/940/1192
f 1134/878/1130 1135/879/1131 1198/942/1194 1197/941/1193
f 1135/879/1131 1136/880/1132 1199/943/1195 1198/942/1194
f 1136/880/1132 1137/881/1133 1200/944/1196 1199/943/1195
f 1137/881/1133 1138/882/1134 1201/945/1197 1200/944/1196
f 1139/884/1135 1140/883/1136 1203/946/1199 1202/947/1198
f 1140/883/1136 1141/885/1137 1204/948/1200 1203/946/1199
f 1141/885/1137 1142/886/1138 1205/949/1201 1204/948/1200
f 1142/886/1138 1143/887/1139 1206/950/1202 1205/949/1201
f 1143/887/1139 1144/888/1140 1207/951/1203 1206/950/1202
f 1144/888/1140 1145/889/1141 1208/952/1204 1207/951/1203
f 1145/889/1141 1146/890/1142 1209/953/1205 1208/952/1204
f 1146/890/1142 1147/891/1143 1210/954/1206 1209/953/1205
f 1147/891/1143 1148/892/1144 1211/955/1207 1210/954/1206
f 1148/892/1144 1149/893/1145 1212/956/1208 1211/955/1207
f 1149/893/1145 1150/894/1146 1213/957/1209 1212/956/1208
f 1150/894/1146 1151/895/1147 1214/958/1210 1213/957/1209
f 1151/895/1147 1152/896/1148 1215/959/1211 1214/958/1210
f 1152/896/1148 1153/897/1149 1216/960/1212 1215/959/1211
f 1153/897/1149 1154/898/1150 1217/961/1213 1216/960/1212
f 1154/898/1150 1155/899/1151 1218/962/1214 1217/961/1213
f 1155/899/1151 1156/900/1152 1219/963/1215 1218/962/1214
f 1156/900/1152 1157/901/1153 1220/964/1216 1219/963/1215
f 1157/901/1153 1158/902/1154 1221/965/1217 1220/964/1216
f 1158/902/1154 1159/903/1155 1222/966/1218 1221/965/1217
f 1159/903/1155 1160/904/1156 1223/967/1219 1222/966/1218
f 1160/904/1156 1161/905/1157 1224/968/1220 1223/967/1219
f 1161/905/1157 1162/906/1158 1225/969/1221 1224/968/1220
f 1162/906/1158 1163/907/1159 1226/970/1222 1225/969/1221
f 1163/907/1159 1164/908/1160 1227/971/1223 1226/970/1222
f 1164/908/1160 1165/909/1161 1228/972/1224 1227/971/1223
f 1165/909/1161 1166/910/1162 1229/973/1225 1228/972/1224
f 1166/910/1162 1167/911/1163 1230/974/1226 1229/973/1225
f 1167/911/1163 1168/912/1164 1231/975/1227 1230/974/1226
f 1168/912/1164 1169/913/1165 1232/976/1228 1231/975/1227
f 1169/913/1165 1170/914/1166 1233/977/1229 1232/976/1228
f 1170/914/1166 1171/915/1167 1234/978/1230 1233/977/1229
f 1171/915/1167 1172/916/1168 1235/979/1231 1234/978/1230
f 1172/916/1168 1173/917/1169 1236/980/1232 1235/979/1231
f 1173/917/1169 1174/918/1170 1237/981/1233 1236/980/1232
f 1174/918/1170 1175/919/1171 1238/982/1234 1237/981/1233
f 1175/919/1171 1176/920/1172 1239/983/1235 1238/982/1234
f 1176/920/1172 1177/921/1173 1240/984/1236 1239/983/1235
f 1177/921/1173 1178/922/1174 1241/985/1237 1240/984/1236
f 1178/922/1174 1179/923/1175 1242/986/1238 1241/985/1237
f 1179/923/1175 1180/924/1176 1243/987/1239 1242/986/1238
f 1180/924/1176 1181/925/1177 1244/988/1240 1243/987/1239
f 1181/925/1177 1182/926/1178 1245/989/1241 1244/988/1240
f 1182/926/1178 1183/927/1179 1246/990/1242 1245/989/1241
f 1183/927/1179 1184/928/1180 1247/991/1243 1246/990/1242
f 1184/928/1180 1185/929/1181 1248/992/1244 1247/991/1243
f 1185/929/1181 1186/930/1182 1249/993/1245 1248/992/1244
f 1186/930/1182 1187/931/1183 1250/994/1246 1249/993/1245
f 1187/931/1183 1188/932/1184 1251/995/1247 1250/994/1246
f 1188/932/1184 1189/933/1185 1252/996/1248 1251/995/1247
f 1189/933/1185 1190/934/1186 1253/997/1249 1252/996/1248
f 1190/934/1186 1191/935/1187 1254/998/1250 1253/997/1249
f 1191/935/1187 1192/936/1188 1255/999/1251 1254/998/1250
f 1192/936/1188 1193/937/1189 1256/1000/1252 1255/999/1251
f 1193/937/1189 1194/938/1190 1257/1001/1253 1256/1000/1252
f 1194/938/1190 1195/939/1191 1258/1002/1254 1257/1001/1253
f 1195/939/1191 1196/940/1192 1259/1003/1255 1258/1002/1254
f 1196/940/1192 1197/941/1193 1260/1004/1256 1259/1003/1255
f 1197/941/1193 1198/942/1194 1261/1005/1257 1260/1004/1256
f 1198/942/1194 1199/943/1195 1262/1006/1258 1261/1005/1257
f 1199/943/1195 1200/944/1196 1263/1007/1259 1262/1006/1258
f 1200/944/1196 1201/945/1197 1264/1008/1260 1263/1007/1259
f 1202/947/1198 1203/946/1199 1266/1009/1262 1265/1010/1261
f 1203/946/1199 1204/948/1200 1267/1011/1263 1266/1009/1262
f 1204/948/1200 1205/949/1201 1268/1012/1264 1267/1011/1263
f 1205/949/1201 1206/950/1202 1269/1013/1265 1268/1012/1264
f 1206/950/1202 1207/951/1203 1270/1014/1266 1269/1013/1265
f 1207/951/1203 1208/952/1204 1271/1015/1267 1270/1014/1266
f 1208/952/1204 1209/953/1205 1272/1016/1268 1271/1015/1267
f 1209/953/1205 1210/954/1206 1273/1017/1269 1272/1016/1268
f 1210/954/1206 1211/955/1207 1274/1018/1270 1273/1017/1269
f 1211/955/1207 1212/956/1208 1275/1019/1271 1274/1018/1270
f 1212/956/1208 1213/957/1209 1276/1020/1272 1275/1019/1271
f 1213/957/1209 1214/958/1210 1277/1021/1273 1276/1020/1272
f 1214/958/1210 1215/959/1211 1278/1022/1274 1277/1021/1273
f 1215/959/1211 1216/960/1212 1279/1023/1275 1278/1022/1274
f 1216/960/1212 1217/961/1213 1280/1024/1276 1279/1023/1275
f 1217/961/1213 1218/962/1214 1281/1025/1277 1280/1024/1276
f 1218/962/1214 1219/963/1215 1282/1026/1278 1281/1025/1277
f 1219/963/1215 1220/964/1216 1283/1027/1279 1282/1026/1278
f 1220/964/1216 1221/965/1217 1284/1028/1280 1283/1027/1279
f 1221/965/1217 1222/966/1218 1285/1029/1281 1284/1028/1280
f 1222/966/1218 1223/967/1219 1286/1030/1282 1285/1029/1281
f 1223/967/1219 1224/968/1220 1287/1031/1283 1286/1030/1282
f 1224/968/1220 1225/969/1221 1288/1032/1284 1287/1031/1283
f 1225/969/1221 1226/970/1222 1289/1033/1285 1288/1032/1284
f 1226/970/1222 1227/971/1223 1290/1034/1286 1289/1033/1285
f 1227/971/1223 1228/972/1224 1291/1035/1287 1290/1034/1286
f 1228/972/1224 1229/973/1225 1292/1036/1288 1291/1035/1287
f 1229/973/1225 1230/974/1226 1293/1037/1289 1292/1036/1288
f 1230/974/1226 1231/975/1227 1294/1038/1290 1293/1037/1289
f 1231/975/1227 1232/976/1228 1295/1039/1291 1294/1038/1290
f 1232/976/1228 1233/977/1229 1296/1040/1292 1295/1039/1291
f 1233/977/1229 1234/978/1230 1297/1041/1293 1296/1040/1292
f 1234/978/1230 1235/979/1231 1298/1042/1294 1297/1041/1293
f 1235/979/1231 1236/980/1232 1299/1043/1295 1298/1042/1294
f 1236/980/1232 1237/981/1233 1300/1044/1296 1299/1043/1295
f 1237/981/1233 1238/982/1234 1301/1045/1297 1300/1044/1296
f 1238/982/1234 1239/983/1235 1302/1046/1298 1301/1045/1297
f 1239/983/1235 1240/984/1236 1303/1047/1299 1302/1046/1298
f 1240/984/1236 1241/985/1237 1304/1048/1300 1303/1047/1299
f 1241/985/1237 1242/986/1238 1305/1049/1301 1304/1048/1300
f 1242/986/1238 1243/987/1239 1306/1050/1302 1305/1049/1301
f 1243/987/1239 1244/988/1240 1307/1051/1303 1306/1050/1302
f 1244/988/1240 1245/989/1241 1308/1052/1304 1307/1051/1303
f 1245/989/1241 1246/990/1242 1309/1053/1305 1308/1052/1304
f 1246/990/1242 1247/991/1243 1310/1054/1306 1309/1053/1305
f 1247/991/1243 1248/992/1244 1311/1055/1307 1310/1054/1306
f 1248/992/1244 1249/993/1245 1312/1056/1308 1311/1055/1307
f 1249/993/1245 1250/994/1246 1313/1057/1309 1312/1056/1308
f 1250/994/1246 1251/995/1247 1314/1058/1310 1313/1057/1309
f 1251/995/1247 1252/996/1248 1315/1059/1311 1314/1058/1310
f 1252/996/1248 1253/997/1249 1316/1060/1312 1315/1059/1311
f 1253/997/1249 1254/998/1250 1317/1061/1313 1316/1060/1312
f 1254/998/1250 1255/999/1251 1318/1062/1314 1317/1061/1313
f 1255/999/1251 1256/1000/1252 1319/1063/1315 1318/1062/1314
f 1256/1000/1252 1257/1001/1253 1320/1064/1316 1319/1063/1315
f 1257/1001/1253 1258/1002/1254 1321/1065/1317 1320/1064/1316
f 1258/1002/1254 1259/1003/1255 1322/1066/1318 1321/1065/1317
f 1259/1003/1255 1260/1004/1256 1323/1067/1319 1322/1066/1318
f 1260/1004/1256 1261/1005/1257 1324/1068/1320 1323/1067/1319
f 1261/1005/1257 1262/1006/1258 1325/1069/1321 1324/1068/1320
f 1262/1006/1258 1263/1007/1259 1326/1070/1322 1325/1069/1321
f 1263/1007/1259 1264/1008/1260 1327/1071/1323 1326/1070/1322
f 1265/1010/1261 1266/1009/1262 1329/1072/1325 1328/1073/1324
f 1266/1009/1262 1267/1011/1263 1330/1074/1326 1329/1072/1325
f 1267/1011/1263 1268/1012/1264 1331/1075/1327 1330/1074/1326
f 1268/1012/1264 1269/1013/1265 1332/1076/1328 1331/1075/1327
f 1269/1013/1265 1270/1014/1266 1333/1077/1329 1332/1076/1328
f 1270/1014/1266 1271/1015/1267 1334/1078/1330 1333/1077/1329
f 1271/1015/1267 1272/1016/1268 1335/1079/1331 1334/1078/1330
f 1272/1016/1268 1273/1017/1269 1336/1080/1332 1335/1079/1331
f 1273/1017/1269 1274/1018/1270 1337/1081/1333 1336/1080/1332
f 1274/1018/1270 1275/1019/1271 1338/1082/1334 1337/1081/1333
f 1275/1019/1271 1276/1020/1272 1339/1083/1335 1338/1082/1334
f 1276/1020/1272 1277/1021/1273 1340/1084/1336 1339/1083/1335
f 1277/1021/1273 1278/1022/1274 1341/1085/1337 1340/1084/1336
f 1278/1022/1274 1279/1023/1275 1342/1086/1338 1341/1085/1337
f 1279/1023/1275 1280/1024/1276 1343/1087/1339 1342/1086/1338
f 1280/1024/1276 1281/1025/1277 1344/1088/1340 1343/1087/1339
f 1281/1025/1277 1282/1026/1278 1345/1089/1341 1344/1088/1340
f 1282/1026/1278 1283/1027/1279 1346/1090/1342 1345/1089/1341
f 1283/1027/1279 1284/1028/1280 1347/1091/1343 1346/1090/1342
f 1284/1028/1280 1285/1029/1281 1348/1092/1344 1347/1091/1343
f 1285/1029/1281 1286/1030/1282 1349/1093/1345 1348/1092/1344
f 1286/1030/1282 1287/1031/1283 1350/1094/1346 1349/1093/1345
f 1287/1031/1283 1288/1032/1284 1351/1095/1347 1350/1094/1346
f 1288/1032/1284 1289/1033/1285 1352/1096/1348 1351/1095/1347
f 1289/1033/1285 1290/1034/1286 1353/1097/1349 1352/1096/1348
f 1290/1034/1286 1291/1035/1287 1354/1098/1350 1353/1097/1349
f 1291/1035/1287 1292/1036/1288 1355/1099/1351 1354/1098/1350
f 1292/1036/1288 1293/1037/1289 1356/1100/1352 1355/1099/1351
f 1293/1037/1289 1294/1038/1290 1357/1101/1353 1356/1100/1352
f 1294/1038/1290 1295/1039/1291 1358/1102/1354 1357/1101/1353
f 1295/1039/1291 1296/1040/1292 1359/1103/1355 1358/1102/1354
f 1296/1040/1292 1297/1041/1293 1360/1104/1356 1359/1103/1355
f 1297/1041/1293 1298/1042/1294 1361/1105/1357 1360/1104/1356
f 1298/1042/1294 1299/1043/1295 1362/1106/1358 1361/1105/1357
f 1299/1043/1295 1300/1044/1296 1363/1107/1359 1362/1106/1358
f 1300/1044/1296 1301/1045/1297 1364/1108/1360 1363/1107/1359
f 1301/1045/1297 1302/1046/1298 1365/1109/1361 1364/1108/1360
f 1302/1046/1298 1303/1047/1299 1366/1110/1362 1365/1109/1361
f 1303/1047/1299 1304/1048/1300 1367/1111/1363 1366/1110/1362
f 1304/1048/1300 1305/1049/1301 1368/1112/1364 1367/1111/1363
f 1305/1049/1301 1306/1050/1302 1369/1113/1365 1368/1112/1364
f 1306/1050/1302 1307/1051/1303 1370/1114/1366 1369/1113/1365
f 1307/1051/1303 1308/1052/1304 1371/1115/1367 1370/1114/1366
f 1308/1052/1304 1309/1053/1305 1372/1116/1368 1371/1115/1367
f 1309/1053/1305 1310/1054/1306 1373/1117/1369 1372/1116/1368
f 1310/1054/1306 1311/1055/1307 1374/1118/1370 1373/1117/1369
f 1311/1055/1307 1312/1056/1308 1375/1119/1371 1374/1118/1370
f 1312/1056/1308 1313/1057/1309 1376/1120/1372 1375/1119/1371
f 1313/1057/1309 1314/1058/1310 1377/1121/1373 1376/1120/1372
f 1314/1058/1310 1315/1059/1311 1378/1122/1374 1377/1121/1373
f 1315/1059/1311 1316/1060/1312 1379/1123/1375 1378/1122/1374
f 1316/1060/1312 1317/1061/1313 1380/1124/465 1379/1123/1375
f 1317/1061/1313 1318/1062/1314 1381/1125/1376 1380/1124/465
f 1318/1062/1314 1319/1063/1315 1382/1126/1377 1381/1125/1376
f 1319/1063/1315 1320/1064/1316 1383/1127/1378 1382/1126/1377
f 1320/1064/1316 1321/1065/1317 1384/1128/1379 1383/1127/1378
f 1321/1065/1317 1322/1066/1318 1385/1129/1380 1384/1128/1379
f 1322/1066/1318 1323/1067/1319 1386/1130/1381 1385/1129/1380
f 1323/1067/1319 1324/1068/1320 1387/1131/1382 1386/1130/1381
f 1324/1068/1320 1325/1069/1321 1388/1132/1383 1387/1131/1382
f 1325/1069/1321 1326/1070/1322 1389/1133/1384 1388/1132/1383
f 1326/1070/1322 1327/1071/1323 1390/1134/1385 1389/1133/1384
f 1328/1073/1324 1329/1072/1325 1392/1135/1387 1391/1136/1386
f 1329/1072/1325 1330/1074/1326 1393/1137/1388 1392/1135/1387
f 1330/1074/1326 1331/1075/1327 1394/1138/1389 1393/1137/1388
f 1331/1075/1327 1332/1076/1328 1395/1139/1390 1394/1138/1389
f 1332/1076/1328 1333/1077/1329 1396/1140/1391 1395/1139/1390
f 1333/1077/1329 1334/1078/1330 1397/1141/1392 1396/1140/1391
f 1334/1078/1330 1335/1079/1331 1398/1142/1393 1397/1141/1392
f 1335/1079/1331 1336/1080/1332 1399/1143/1394 1398/1142/1393
f 1336/1080/1332 1337/1081/1333 1400/1144/1395 1399/1143/1394
f 1337/1081/1333 1338/1082/1334 1401/1145/1396 1400/1144/1395
f 1338/1082/1334 1339/1083/1335 1402/1146/1397 1401/1145/1396
f 1339/1083/1335 1340/1084/1336 1403/1147/1398 1402/1146/1397
f 1340/1084/1336 1341/1085/1337 1404/1148/1399 1403/1147/1398
f 1341/1085/1337 1342/1086/1338 1405/1149/1400 1404/1148/1399
f 1342/1086/1338 1343/1087/1339 1406/1150/1401 1405/1149/1400
f 1343/1087/1339 1344/1088/1340 1407/1151/1402 1406/1150/1401
f 1344/1088/1340 1345/1089/1341 1408/1152/1403 1407/1151/1402
f 1345/1089/1341 1346/1090/1342 1409/1153/1404 1408/1152/1403
f 1346/1090/1342 1347/1091/1343 1410/1154/1405 1409/1153/1404
f 1347/1091/1343 1348/1092/1344 1411/1155/1406 1410/1154/1405
f 1348/1092/1344 1349/1093/1345 1412/1156/1407 1411/1155/1406
f 1349/1093/1345 1350/1094/1346 1413/1157/1408 1412/1156/1407
f 1350/1094/1346 1351/1095/1347 1414/1158/1409 1413/1157/1408
f 1351/1095/1347 1352/1096/1348 1415/1159/1410 1414/1158/1409
f 1352/1096/1348 1353/1097/1349 1416/1160/1411 1415/1159/1410
f 1353/1097/1349 1354/1098/1350 1417/1161/1412 1416/1160/1411
f 1354/1098/1350 1355/1099/1351 1418/1162/1413 1417/1161/1412
f 1355/1099/1351 1356/1100/1352 1419/1163/1414 1418/1162/1413
f 1356/1100/1352 1357/1101/1353 1420/1164/1415 1419/1163/1414
f 1357/1101/1353 1358/1102/1354 1421/1165/1416 1420/1164/1415
f 1358/1102/1354 1359/1103/1355 1422/1166/1417 1421/1165/1416
f 1359/1103/1355 1360/1104/1356 1423/1167/1418 1422/1166/1417
f 1360/1104/1356 1361/1105/1357 1424/1168/1419 1423/1167/1418
f 1361/1105/1357 1362/1106/1358 1425/1169/1420 1424/1168/1419
f 1362/1106/1358 1363/1107/1359 1426/1170/1421 1425/1169/1420
f 1363/1107/1359 1364/1108/1360 1427/1171/1422 1426/1170/1421
f 1364/1108/1360 1365/1109/1361 1428/1172/1423 1427/1171/1422
f 1365/1109/1361 1366/1110/1362 1429/1173/1424 1428/1172/1423
f 1366/1110/1362 1367/1111/1363 1430/1174/1425 1429/1173/1424
f 1367/1111/1363 1368/1112/1364 1431/1175/1426 1430/1174/1425
f 1368/1112/1364 1369/1113/1365 1432/1176/1427 1431/1175/1426
f 1369/1113/1365 1370/1114/1366 1433/1177/1428 1432/1176/1427
f 1370/1114/1366 1371/1115/1367 1434/1178/1429 1433/1177/1428
f 1371/1115/1367 1372/1116/1368 1435/1179/1430 1434/1178/1429
f 1372/1116/1368 1373/1117/1369 1436/1180/1431 1435/1179/1430
f 1373/1117/1369 1374/1118/1370 1437/1181/1432 1436/1180/1431
f 1374/1118/1370 1375/1119/1371 1438/1182/1433 1437/1181/1432
f 1375/1119/1371 1376/1120/1372 1439/1183/1434 1438/1182/1433
f 1376/1120/1372 1377/1121/1373 1440/1184/1435 1439/1183/1434
f 1377/1121/1373 1378/1122/1374 1441/1185/1436 1440/1184/1435
f 1378/1122/1374 1379/1123/1375 1442/1186/1437 1441/1185/1436
f 1379/1123/1375 1380/1124/465 1443/1187/1438 1442/1186/1437
f 1380/1124/465 1381/1125/1376 1444/1188/1439 1443/1187/1438
f 1381/1125/1376 1382/1126/1377 1445/1189/1440 1444/1188/1439
f 1382/1126/1377 1383/1127/1378 1446/1190/1441 1445/1189/1440
f 1383/1127/1378 1384/1128/1379 1447/1191/1442 1446/1190/1441
f 1384/1128/1379 1385/1129/1380 1448/1192/1443 1447/1191/1442
f 1385/1129/1380 1386/1130/1381 1449/1193/1444 1448/1192/1443
f 1386/1130/1381 1387/1131/1382 1450/1194/1445 1449/1193/1444
f 1387/1131/1382 1388/1132/1383 1451/1195/1446 1450/1194/1445
f 1388/1132/1383 1389/1133/1384 1452/1196/1447 1451/1195/1446
f 1389/1133/1384 1390/1134/1385 1453/1197/1448 1452/1196/1447
f 1391/1136/1386 1392/1135/1387 1455/1198/1450 1454/1199/1449
f 1392/1135/1387 1393/1137/1388 1456/1200/1451 1455/1198/1450
f 1393/1137/1388 1394/1138/1389 1457/1201/1452 1456/1200/1451
f 1394/1138/1389 1395/1139/1390 1458/1202/1453 1457/1201/1452
f 1395/1139/1390 1396/1140/1391 1459/1203/1454 1458/1202/1453
f 1396/1140/1391 1397/1141/1392 1460/1204/1455 1459/1203/1454
f 1397/1141/1392 1398/1142/1393 1461/1205/1456 1460/1204/1455
f 1398/1142/1393 1399/1143/1394 1462/1206/1457 1461/1205/1456
f 1399/1143/1394 1400/1144/1395 1463/1207/1458 1462/1206/1457
f 1400/1144/1395 1401/1145/1396 1464/1208/1459 1463/1207/1458
f 1401/1145/1396 1402/1146/1397 1465/1209/1460 1464/1208/1459
f 1402/1146/1397 1403/1147/1398 1466/1210/1461 1465/1209/1460
f 1403/1147/1398 1404/1148/1399 1467/1211/1462 1466/1210/1461
f 1404/1148/1399 1405/1149/1400 1468/1212/1463 1467/1211/1462
f 1405/1149/1400 1406/1150/1401 1469/1213/1464 1468/1212/1463
f 1406/1150/1401 1407/1151/1402 1470/1214/1465 1469/1213/1464
f 1407/1151/1402 1408/1152/1403 1471/1215/1466 1470/1214/1465
f 1408/1152/1403 1409/1153/1404 1472/1216/1467 1471/1215/1466
f 1409/1153/1404 1410/1154/1405 1473/1217/1468 1472/1216/1467
f 1410/1154/1405 1411/1155/1406 1474/1218/1469 1473/1217/1468
f 1411/1155/1406 1412/1156/1407 1475/1219/1470 1474/1218/1469
f 1412/1156/1407 1413/1157/1408 1476/1220/1471 1475/1219/1470
f 1413/1157/1408 1414/1158/1409 1477/1221/1472 1476/1220/1471
f 1414/1158/1409 1415/1159/1410 1478/1222/1473 1477/1221/1472
f 1415/1159/1410 1416/1160/1411 1479/1223/1474 1478/1222/1473
f 1416/1160/1411 1417/1161/1412 1480/1224/1475 1479/1223/1474
f 1417/1161/1412 1418/1162/1413 1481/1225/1476 1480/1224/1475
f 1418/1162/1413 1419/1163/1414 1482/1226/1477 1481/1225/1476
f 1419/1163/1414 1420/1164/1415 1483/1227/1478 1482/1226/1477
f 1420/1164/1415 1421/1165/1416 1484/1228/1479 1483/1227/1478
f 1421/1165/1416 1422/1166/1417 1485/1229/1480 1484/1228/1479
f 1422/1166/1417 1423/1167/1418 1486/1230/1481 1485/1229/1480
f 1423/1167/1418 1424/1168/1419 1487/1231/1482 1486/1230/1481
f 1424/1168/1419 1425/1169/1420 1488/1232/1483 1487/1231/1482
f 1425/1169/1420 1426/1170/1421 1489/1233/1484 1488/1232/1483
f 1426/1170/1421 1427/1171/1422 1490/1234/1485 1489/1233/1484
f 1427/1171/1422 1428/1172/1423 1491/1235/1486 1490/1234/1485
f 1428/1172/1423 1429/1173/1424 1492/1236/1487 1491/1235/1486
f 1429/1173/1424 1430/1174/1425 1493/1237/1488 1492/1236/1487
f 1430/1174/1425 1431/1175/1426 1494/1238/1489 1493/1237/1488
f 1431/1175/1426 1432/1176/1427 1495/1239/1490 1494/1238/1489
f 1432/1176/1427 1433/1177/1428 1496/1240/1491 1495/1239/1490
f 1433/1177/1428 1434/1178/1429 1497/1241/1492 1496/1240/1491
f 1434/1178/1429 1435/1179/1430 1498/1242/1493 1497/1241/1492
f 1435/1179/1430 1436/1180/1431 1499/1243/1494 1498/1242/1493
f 1436/1180/1431 1437/1181/1432 1500/1244/1495 1499/1243/1494
f 1437/1181/1432 1438/1182/1433 1501/1245/1496 1500/1244/1495
f 1438/1182/1433 1439/1183/1434 1502/1246/1497 1501/1245/1496
f 1439/1183/1434 1440/1184/1435 1503/1247/1498 1502/1246/1497
f 1440/1184/1435 1441/1185/1436 1504/1248/1499 1503/1247/1498
f 1441/1185/1436 1442/1186/1437 1505/1249/1500 1504/1248/1499
f 1442/1186/1437 1443/1187/1438 1506/1250/1501 1505/1249/1500
f 1443/1187/1438 1444/1188/1439 1507/1251/1502 1506/1250/1501
f 1444/1188/1439 1445/1189/1440 1508/1252/1503 1507/1251/1502
f 1445/1189/1440 1446/1190/1441 1509/1253/1504 1508/1252/1503
f 1446/1190/1441 1447/1191/1442 1510/1254/332 1509/1253/1504
f 1447/1191/1442 1448/1192/1443 1511/1255/1505 1510/1254/332
f 1448/1192/1443 1449/1193/1444 1512/1256/1506 1511/1255/1505
f 1449/1193/1444 1450/1194/1445 1513/1257/1507 1512/1256/1506
f 1450/1194/1445 1451/1195/1446 1514/1258/1508 1513/1257/1507
f 1451/1195/1446 1452/1196/1447 1515/1259/1509 1514/1258/1508
f 1452/1196/1447 1453/1197/1448 1516/1260/1510 1515/1259/1509
f 1454/1199/1449 1455/1198/1450 1518/1261/1512 1517/1262/1511
f 1455/1198/1450 1456/1200/1451 1519/1263/1513 1518/1261/1512
f 1456/1200/1451 1457/1201/1452 1520/1264/1514 1519/1263/1513
f 1457/1201/1452 1458/1202/1453 1521/1265/1515 1520/1264/1514
f 1458/1202/1453 1459/1203/1454 1522/1266/1516 1521/1265/1515
f 1459/1203/1454 1460/1204/1455 1523/1267/1517 1522/1266/1516
f 1460/1204/1455 1461/1205/1456 1524/1268/1518 1523/1267/1517
f 1461/1205/1456 1462/1206/1457 1525/1269/1519 1524/1268/1518
f 1462/1206/1457 1463/1207/1458 1526/1270/1520 1525/1269/1519
f 1463/1207/1458 1464/1208/1459 1527/1271/1521 1526/1270/1520
f 1464/1208/1459 1465/1209/1460 1528/1272/1522 1527/1271/1521
f 1465/1209/1460 1466/1210/1461 1529/1273/1523 1528/1272/1522
f 1466/1210/1461 1467/1211/1462 1530/1274/1524 1529/1273/1523
f 1467/1211/1462 1468/1212/1463 1531/1275/1525 1530/1274/1524
f 1468/1212/1463 1469/1213/1464 1532/1276/1526 1531/1275/1525
f 1469/1213/1464 1470/1214/1465 1533/1277/1527 1532/1276/1526
f 1470/1214/1465 1471/1215/1466 1534/1278/1528 1533/1277/1527
f 1471/1215/1466 1472/1216/1467 1535/1279/1529 1534/1278/1528
f 1472/1216/1467 1473/1217/1468 1536/1280/1530 1535/1279/1529
f 1473/1217/1468 1474/1218/1469 1537/1281/1531 1536/1280/1530
f 1474/1218/1469 1475/1219/1470 1538/1282/1532 1537/1281/1531
f 1475/1219/1470 1476/1220/1471 1539/1283/1533 1538/1282/1532
f 1476/1220/1471 1477/1221/1472 1540/1284/1534 1539/1283/1533
f 1477/1221/1472 1478/1222/1473 1541/1285/1535 1540/1284/1534
f 1478/1222/1473 1479/1223/1474 1542/1286/1536 1541/1285/1535
f 1479/1223/1474 1480/1224/1475 1543/1287/1537 1542/1286/1536
f 1480/1224/1475 1481/1225/1476 1544/1288/1538 1543/1287/1537
f 1481/1225/1476 1482/1226/1477 1545/1289/1539 1544/1288/1538
f 1482/1226/1477 1483/1227/1478 1546/1290/1540 1545/1289/1539
f 1483/1227/1478 1484/1228/1479 1547/1291/1541 1546/1290/1540
f 1484/1228/1479 1485/1229/1480 1548/1292/1542 1547/1291/1541
f 1485/1229/1480 1486/1230/1481 1549/1293/1543 1548/1292/1542
f 1486/1230/1481 1487/1231/1482 1550/1294/1544 1549/1293/1543
f 1487/1231/1482 1488/1232/1483 1551/1295/1545 1550/1294/1544
f 1488/1232/1483 1489/1233/1484 1552/1296/1546 1551/1295/1545
f 1489/1233/1484 1490/1234/1485 1553/1297/1547 1552/1296/1546
f 1490/1234/1485 1491/1235/1486 1554/1298/1548 1553/1297/1547
f 1491/1235/1486 1492/1236/1487 1555/1299/1549 1554/1298/1548
f 1492/1236/1487 1493/1237/1488 1556/1300/1550 1555/1299/1549
f 1493/1237/1488 1494/1238/1489 1557/1301/1551 1556/1300/1550
f 1494/1238/1489 1495/1239/1490 1558/1302/1552 1557/1301/1551
f 1495/1239/1490 1496/1240/1491 1559/1303/1553 1558/1302/1552
f 1496/1240/1491 1497/1241/1492 1560/1304/1554 1559/1303/1553
f 1497/1241/1492 1498/1242/1493 1561/1305/1555 1560/1304/1554
f 1498/1242/1493 1499/1243/1494 1562/1306/1556 1561/1305/1555
f 1499/1243/1494 1500/1244/1495 1563/1307/1557 1562/1306/1556
f 1500/1244/1495 1501/1245/1496 1564/1308/1558 1563/1307/1557
f 1501/1245/1496 1502/1246/1497 1565/1309/1559 1564/1308/1558
f 1502/1246/1497 1503/1247/1498 1566/1310/1560 1565/1309/1559
f 1503/1247/1498 1504/1248/1499 1567/1311/1561 1566/1310/1560
f 1504/1248/1499 1505/1249/1500 1568/1312/1562 1567/1311/1561
f 1505/1249/1500 1506/1250/1501 1569/1313/1563 1568/1312/1562
f 1506/1250/1501 1507/1251/1502 1570/1314/1564 1569/1313/1563
f 1507/1251/1502 1508/1252/1503 1571/1315/1565 1570/1314/1564
f 1508/1252/1503 1509/1253/1504 1572/1316/1566 1571/1315/1565
f 1509/1253/1504 1510/1254/332 1573/1317/1567 1572/1316/1566
f 1510/1254/332 1511/1255/1505 1574/1318/1568 1573/1317/1567
f 1511/1255/1505 1512/1256/1506 1575/1319/1569 1574/1318/1568
f 1512/1256/1506 1513/1257/1507 1576/1320/1570 1575/1319/1569
f 1513/1257/1507 1514/1258/1508 1577/1321/1571 1576/1320/1570
f 1514/1258/1508 1515/1259/1509 1578/1322/1572 1577/1321/1571
f 1515/1259/1509 1516/1260/1510 1579/1323/1573 1578/1322/1572
f 1517/1262/1511 1518/1261/1512 1581/1324/1575 1580/1325/1574
f 1518/1261/1512 1519/1263/1513 1582/1326/1576 1581/1324/1575
f 1519/1263/1513 1520/1264/1514 1583/1327/1577 1582/1326/1576
f 1520/1264/1514 1521/1265/1515 1584/1328/1578 1583/1327/1577
f 1521/1265/1515 1522/1266/1516 1585/1329/1579 1584/1328/1578
f 1522/1266/1516 1523/1267/1517 1586/1330/1580 1585/1329/1579
f 1523/1267/1517 1524/1268/1518 1587/1331/1581 1586/1330/1580
f 1524/1268/1518 1525/1269/1519 1588/1332/1582 1587/1331/1581
f 1525/1269/1519 1526/1270/1520 1589/1333/1583 1588/1332/1582
f 1526/1270/1520 1527/1271/1521 1590/1334/1584 1589/1333/1583
f 1527/1271/1521 1528/1272/1522 1591/1335/1585 1590/1334/1584
f 1528/1272/1522 1529/1273/1523 1592/1336/1586 1591/1335/1585
f 1529/1273/1523 1530/1274/1524 1593/1337/1587 1592/1336/1586
f 1530/1274/1524 1531/1275/1525 1594/1338/1588 1593/1337/1587
f 1531/1275/1525 1532/1276/1526 1595/1339/1589 1594/1338/1588
f 1532/1276/1526 1533/1277/1527 1596/1340/1590 1595/1339/1589
f 1533/1277/1527 1534/1278/1528 1597/1341/1591 1596/1340/1590
f 1534/1278/1528 1535/1279/1529 1598/1342/1592 1597/1341/1591
f 1535/1279/1529 1536/1280/1530 1599/1343/1593 1598/1342/1592
f 1536/1280/1530 1537/1281/1531 1600/1344/1594 1599/1343/1593
f 1537/1281/1531 1538/1282/1532 1601/1345/1595 1600/1344/1594
f 1538/1282/1532 1539/1283/1533 1602/1346/1596 1601/1345/1595
f 1539/1283/1533 1540/1284/1534 1603/1347/1597 1602/1346/1596
f 1540/1284/1534 1541/1285/1535 1604/1348/1598 1603/1347/1597
f 1541/1285/1535 1542/1286/1536 1605/1349/1599 1604/1348/1598
f 1542/1286/1536 1543/1287/1537 1606/1350/1600 1605/1349/1599
f 1543/1287/1537 1544/1288/1538 1607/1351/1601 1606/1350/1600
f 1544/1288/1538 1545/1289/1539 1608/1352/1602 1607/1351/1601
f 1545/1289/1539 1546/1290/1540 1609/1353/1603 1608/1352/1602
f 1546/1290/1540 1547/1291/1541 1610/1354/1604 1609/1353/1603
f 1547/1291/1541 1548/1292/1542 1611/1355/1605 1610/1354/1604
f 1548/1292/1542 1549/1293/1543 1612/1356/1606 1611/1355/1605
f 1549/1293/1543 1550/1294/1544 1613/1357/1607 1612/1356/1606
f 1550/1294/1544 1551/1295/1545 1614/1358/1608 1613/1357/1607
f 1551/1295/1545 1552/1296/1546 1615/1359/1609 1614/1358/1608
f 1552/1296/1546 1553/1297/1547 1616/1360/1610 1615/1359/1609
f 1553/1297/1547 1554/1298/1548 1617/1361/1611 1616/1360/1610
f 1554/1298/1548 1555/1299/1549 1618/1362/1612 1617/1361/1611
f 1555/1299/1549 1556/1300/1550 1619/1363/1613 1618/1362/1612
f 1556/1300/1550 1557/1301/1551 1620/1364/1614 1619/1363/1613
f 1557/1301/1551 1558/1302/1552 1621/1365/1615 1620/1364/1614
f 1558/1302/1552 1559/1303/1553 1622/1366/1616 1621/1365/1615
f 1559/1303/1553 1560/1304/1554 1623/1367/1617 1622/1366/1616
f 1560/1304/1554 1561/1305/1555 1624/1368/1618 1623/1367/1617
f 1561/1305/1555 1562/1306/1556 1625/1369/1619 1624/1368/1618
f 1562/1306/1556 1563/1307/1557 1626/1370/1620 1625/1369/1619
f 1563/1307/1557 1564/1308/1558 1627/1371/1621 1626/1370/1620
f 1564/1308/1558 1565/1309/1559 1628/1372/1622 1627/1371/1621
f 1565/1309/1559 1566/1310/1560 1629/1373/1623 1628/1372/1622
f 1566/1310/1560 1567/1311/1561 1630/1374/1624 1629/1373/1623
f 1567/1311/1561 1568/1312/1562 1631/1375/402 1630/1374/1624
f 1568/1312/1562 1569/1313/1563 1632/1376/1249 1631/1375/402
f 1569/1313/1563 1570/1314/1564 1633/1377/1439 1632/1376/1249
f 1570/1314/1564 1571/1315/1565 1634/1378/1625 1633/1377/1439
f 1571/1315/1565 1572/1316/1566 1635/1379/1626 1634/1378/1625
f 1572/1316/1566 1573/1317/1567 1636/1380/1627 1635/1379/1626
f 1573/1317/1567 1574/1318/1568 1637/1381/1628 1636/1380/1627
f 1574/1318/1568 1575/1319/1569 1638/1382/1629 1637/1381/1628
f 1575/1319/1569 1576/1320/1570 1639/1383/1630 1638/1382/1629
f 1576/1320/1570 1577/1321/1571 1640/1384/1631 1639/1383/1630
f 1577/1321/1571 1578/1322/1572 1641/1385/1632 1640/1384/1631
f 1578/1322/1572 1579/1323/1573 1642/1386/1633 1641/1385/1632
f 1580/1325/1574 1581/1324/1575 1644/1387/1635 1643/1388/1634
f 1581/1324/1575 1582/1326/1576 1645/1389/1636 1644/1387/1635
f 1582/1326/1576 1583/1327/1577 1646/1390/1637 1645/1389/1636
f 1583/1327/1577 1584/1328/1578 1647/1391/1638 1646/1390/1637
f 1584/1328/1578 1585/1329/1579 1648/1392/1639 1647/1391/1638
f 1585/1329/1579 1586/1330/1580 1649/1393/1640 1648/1392/1639
f 1586/1330/1580 1587/1331/1581 1650/1394/1641 1649/1393/1640
f 1587/1331/1581 1588/1332/1582 1651/1395/1642 1650/1394/1641
f 1588/1332/1582 1589/1333/1583 1652/1396/1643 1651/1395/1642
f 1589/1333/1583 1590/1334/1584 1653/1397/1644 1652/1396/1643
f 1590/1334/1584 1591/1335/1585 1654/1398/1645 1653/1397/1644
f 1591/1335/1585 1592/1336/1586 1655/1399/1646 1654/1398/1645
f 1592/1336/1586 1593/1337/1587 1656/1400/1647 1655/1399/1646
f 1593/1337/1587 1594/1338/1588 1657/1401/1648 1656/1400/1647
f 1594/1338/1588 1595/1339/1589 1658/1402/1649 1657/1401/1648
f 1595/1339/1589 1596/1340/1590 1659/1403/1650 1658/1402/1649
f 1596/1340/1590 1597/1341/1591 1660/1404/1651 1659/1403/1650
f 1597/1341/1591 1598/1342/1592 1661/1405/1652 1660/1404/1651
f 1598/1342/1592 1599/1343/1593 1662/1406/1653 1661/1405/1652
f 1599/1343/1593 1600/1344/1594 1663/1407/1654 1662/1406/1653
f 1600/1344/1594 1601/1345/1595 1664/1408/1655 1663/1407/1654
f 1601/1345/1595 1602/1346/1596 1665/1409/1656 1664/1408/1655
f 1602/1346/1596 1603/1347/1597 1666/1410/1657 1665/1409/1656
f 1603/1347/1597 1604/1348/1598 1667/1411/1658 1666/1410/1657
f 1604/1348/1598 1605/1349/1599 1668/1412/1659 1667/1411/1658
f 1605/1349/1599 1606/1350/1600 1669/1413/1660 1668/1412/1659
f 1606/1350/1600 1607/1351/1601 1670/1414/1661 1669/1413/1660
f 1607/1351/1601 1608/1352/1602 1671/1415/1662 1670/1414/1661
f 1608/1352/1602 1609/1353/1603 1672/1416/1663 1671/1415/1662
f 1609/1353/1603 1610/1354/1604 1673/1417/1664 1672/1416/1663
f 1610/1354/1604 1611/1355/1605 1674/1418/1665 1673/1417/1664
f 1611/1355/1605 1612/1356/1606 1675/1419/1666 1674/1418/1665
f 1612/1356/1606 1613/1357/1607 1676/1420/1665 1675/1419/1666
f 1613/1357/1607 1614/1358/1608 1677/1421/1667 1676/1420/1665
f 1614/1358/1608 1615/1359/1609 1678/1422/1668 1677/1421/1667
f 1615/1359/1609 1616/1360/1610 1679/1423/1669 1678/1422/1668
f 1616/1360/1610 1617/1361/1611 1680/1424/1670 1679/1423/1669
f 1617/1361/1611 1618/1362/1612 1681/1425/1602 1680/1424/1670
f 1618/1362/1612 1619/1363/1613 1682/1426/1671 1681/1425/1602
f 1619/1363/1613 1620/1364/1614 1683/1427/1672 1682/1426/1671
f 1620/1364/1614 1621/1365/1615 1684/1428/1673 1683/1427/1672
f 1621/1365/1615 1622/1366/1616 1685/1429/1674 1684/1428/1673
f 1622/1366/1616 1623/1367/1617 1686/1430/1675 1685/1429/1674
f 1623/1367/1617 1624/1368/1618 1687/1431/1676 1686/1430/1675
f 1624/1368/1618 1625/1369/1619 1688/1432/1677 1687/1431/1676
f 1625/1369/1619 1626/1370/1620 1689/1433/1678 1688/1432/1677
f 1626/1370/1620 1627/1371/1621 1690/1434/1679 1689/1433/1678
f 1627/1371/1621 1628/1372/1622 1691/1435/1680 1690/1434/1679
f 1628/1372/1622 1629/1373/1623 1692/1436/1681 1691/1435/1680
f 1629/1373/1623 1630/1374/1624 1693/1437/1682 1692/1436/1681
f 1630/1374/1624 1631/1375/402 1694/1438/1683 1693/1437/1682
f 1631/1375/402 1632/1376/1249 1695/1439/1684 1694/1438/1683
f 1632/1376/1249 1633/1377/1439 1696/1440/1685 1695/1439/1684
f 1633/1377/1439 1634/1378/1625 1697/1441/1686 1696/1440/1685
f 1634/1378/1625 1635/1379/1626 1698/1442/1687 1697/1441/1686
f 1635/1379/1626 1636/1380/1627 1699/1443/1688 1698/1442/1687
f 1636/1380/1627 1637/1381/1628 1700/1444/1689 1699/1443/1688
f 1637/1381/1628 1638/1382/1629 1701/1445/1690 1700/1444/1689
f 1638/1382/1629 1639/1383/1630 1702/1446/1691 1701/1445/1690
f 1639/1383/1630 1640/1384/1631 1703/1447/1692 1702/1446/1691
f 1640/1384/1631 1641/1385/1632 1704/1448/1693 1703/1447/1692
f 1641/1385/1632 1642/1386/1633 1705/1449/1694 1704/1448/1693
f 1643/1388/1634 1644/1387/1635 1707/1450/1696 1706/1451/1695
f 1644/1387/1635 1645/1389/1636 1708/1452/1697 1707/1450/1696
f 1645/1389/1636 1646/1390/1637 1709/1453/1698 1708/1452/1697
f 1646/1390/1637 1647/1391/1638 1710/1454/1699 1709/1453/1698
f 1647/1391/1638 1648/1392/1639 1711/1455/1700 1710/1454/1699
f 1648/1392/1639 1649/1393/1640 1712/1456/1701 1711/1455/1700
f 1649/1393/1640 1650/1394/1641 1713/1457/1702 1712/1456/1701
f 1650/1394/1641 1651/1395/1642 1714/1458/1703 1713/1457/1702
f 1651/1395/1642 1652/1396/1643 1715/1459/1704 1714/1458/1703
f 1652/1396/1643 1653/1397/1644 1716/1460/1705 1715/1459/1704
f 1653/1397/1644 1654/1398/1645 1717/1461/1706 1716/1460/1705
f 1654/1398/1645 1655/1399/1646 1718/1462/1707 1717/1461/1706
f 1655/1399/1646 1656/1400/1647 1719/1463/1708 1718/1462/1707
f 1656/1400/1647 1657/1401/1648 1720/1464/1709 1719/1463/1708
f 1657/1401/1648 1658/1402/1649 1721/1465/1710 1720/1464/1709
f 1658/1402/1649 1659/1403/1650 1722/1466/1711 1721/1465/1710
f 1659/1403/1650 1660/1404/1651 1723/1467/1712 1722/1466/1711
f 1660/1404/1651 1661/1405/1652 1724/1468/1713 1723/1467/1712
f 1661/1405/1652 1662/1406/1653 1725/1469/1714 1724/1468/1713
f 1662/1406/1653 1663/1407/1654 1726/1470/1715 1725/1469/1714
f 1663/1407/1654 1664/1408/1655 1727/1471/1716 1726/1470/1715
f 1664/1408/1655 1665/1409/1656 1728/1472/1717 1727/1471/1716
f 1665/1409/1656 1666/1410/1657 1729/1473/1718 1728/1472/1717
f 1666/1410/1657 1667/1411/1658 1730/1474/1719 1729/1473/1718
f 1667/1411/1658 1668/1412/1659 1731/1475/324 1730/1474/1719
f 1668/1412/1659 1669/1413/1660 1732/1476/1251 1731/1475/324
f 1669/1413/1660 1670/1414/1661 1733/1477/1720 1732/1476/1251
f 1670/1414/1661 1671/1415/1662 1734/1478/1721 1733/1477/1720
f 1671/1415/1662 1672/1416/1663 1735/1479/1683 1734/1478/1721
f 1672/1416/1663 1673/1417/1664 1736/1480/1722 1735/1479/1683
f 1673/1417/1664 1674/1418/1665 1737/1481/1723 1736/1480/1722
f 1674/1418/1665 1675/1419/1666 1738/1482/1724 1737/1481/1723
f 1675/1419/1666 1676/1420/1665 1739/1483/1725 1738/1482/1724
f 1676/1420/1665 1677/1421/1667 1740/1484/1726 1739/1483/1725
f 1677/1421/1667 1678/1422/1668 1741/1485/1727 1740/1484/1726
f 1678/1422/1668 1679/1423/1669 1742/1486/1728 1741/1485/1727
f 1679/1423/1669 1680/1424/1670 1743/1487/1729 1742/1486/1728
f 1680/1424/1670 1681/1425/1602 1744/1488/1730 1743/1487/1729
f 1681/1425/1602 1682/1426/1671 1745/1489/1731 1744/1488/1730
f 1682/1426/1671 1683/1427/1672 1746/1490/1732 1745/1489/1731
f 1683/1427/1672 1684/1428/1673 1747/1491/1733 1746/1490/1732
f 1684/1428/1673 1685/1429/1674 1748/1492/1734 1747/1491/1733
f 1685/1429/1674 1686/1430/1675 1749/1493/1735 1748/1492/1734
f 1686/1430/1675 1687/1431/1676 1750/1494/1736 1749/1493/1735
f 1687/1431/1676 1688/1432/1677 1751/1495/1737 1750/1494/1736
f 1688/1432/1677 1689/1433/1678 1752/1496/1738 1751/1495/1737
f 1689/1433/1678 1690/1434/1679 1753/1497/1739 1752/1496/1738
f 1690/1434/1679 1691/1435/1680 1754/1498/1740 1753/1497/1739
f 1691/1435/1680 1692/1436/1681 1755/1499/1741 1754/1498/1740
f 1692/1436/1681 1693/1437/1682 1756/1500/1742 1755/1499/1741
f 1693/1437/1682 1694/1438/1683 1757/1501/1743 1756/1500/1742
f 1694/1438/1683 1695/1439/1684 1758/1502/1744 1757/1501/1743
f 1695/1439/1684 1696/1440/1685 1759/1503/1745 1758/1502/1744
f 1696/1440/1685 1697/1441/1686 1760/1504/1746 1759/1503/1745
f 1697/1441/1686 1698/1442/1687 1761/1505/1747 1760/1504/1746
f 1698/1442/1687 1699/1443/1688 1762/1506/1748 1761/1505/1747
f 1699/1443/1688 1700/1444/1689 1763/1507/1749 1762/1506/1748
f 1700/1444/1689 1701/1445/1690 1764/1508/1750 1763/1507/1749
f 1701/1445/1690 1702/1446/1691 1765/1509/1751 1764/1508/1750
f 1702/1446/1691 1703/1447/1692 1766/1510/1752 1765/1509/1751
f 1703/1447/1692 1704/1448/1693 1767/1511/1753 1766/1510/1752
f 1704/1448/1693 1705/1449/1694 1768/1512/1754 1767/1511/1753
f 1706/1451/1695 1707/1450/1696 1770/1513/1756 1769/1514/1755
f 1707/1450/1696 1708/1452/1697 1771/1515/1757 1770/1513/1756
f 1708/1452/1697 1709/1453/1698 1772/1516/1758 1771/1515/1757
f 1709/1453/1698 1710/1454/1699 1773/1517/1759 1772/1516/1758
f 1710/1454/1699 1711/1455/1700 1774/1518/1760 1773/1517/1759
f 1711/1455/1700 1712/1456/1701 1775/1519/1761 1774/1518/1760
f 1712/1456/1701 1713/1457/1702 1776/1520/1762 1775/1519/1761
f 1713/1457/1702 1714/1458/1703 1777/1521/1763 1776/1520/1762
f 1714/1458/1703 1715/1459/1704 1778/1522/1764 1777/1521/1763
f 1715/1459/1704 1716/1460/1705 1779/1523/1765 1778/1522/1764
f 1716/1460/1705 1717/1461/1706 1780/1524/1766 1779/1523/1765
f 1717/1461/1706 1718/1462/1707 1781/1525/1767 1780/1524/1766
f 1718/1462/1707 1719/1463/1708 1782/1526/1768 1781/1525/1767
f 1719/1463/1708 1720/1464/1709 1783/1527/1769 1782/1526/1768
f 1720/1464/1709 1721/1465/1710 1784/1528/1770 1783/1527/1769
f 1721/1465/1710 1722/1466/1711 1785/1529/1771 1784/1528/1770
f 1722/1466/1711 1723/1467/1712 1786/1530/1772 1785/1529/1771
f 1723/1467/1712 1724/1468/1713 1787/1531/1773 1786/1530/1772
f 1724/1468/1713 1725/1469/1714 1788/1532/1774 1787/1531/1773
f 1725/1469/1714 1726/1470/1715 1789/1533/1775 1788/1532/1774
f 1726/1470/1715 1727/1471/1716 1790/1534/1776 1789/1533/1775
f 1727/1471/1716 1728/1472/1717 1791/1535/1777 1790/1534/1776
f 1728/1472/1717 1729/1473/1718 1792/1536/1778 1791/1535/1777
f 1729/1473/1718 1730/1474/1719 1793/1537/1779 1792/1536/1778
f 1730/1474/1719 1731/1475/324 1794/1538/1780 1793/1537/1779
f 1731/1475/324 1732/1476/1251 1795/1539/1781 1794/1538/1780
f 1732/1476/1251 1733/1477/1720 1796/1540/1782 1795/1539/1781
f 1733/1477/1720 1734/1478/1721 1797/1541/1783 1796/1540/1782
f 1734/1478/1721 1735/1479/1683 1798/1542/1784 1797/1541/1783
f 1735/1479/1683 1736/1480/1722 1799/1543/1785 1798/1542/1784
f 1736/1480/1722 1737/1481/1723 1800/1544/1786 1799/1543/1785
f 1737/1481/1723 1738/1482/1724 1801/1545/1787 1800/1544/1786
f 1738/1482/1724 1739/1483/1725 1802/1546/1788 1801/1545/1787
f 1739/1483/1725 1740/1484/1726 1803/1547/1789 1802/1546/1788
f 1740/1484/1726 1741/1485/1727 1804/1548/1790 1803/1547/1789
f 1741/1485/1727 1742/1486/1728 1805/1549/1791 1804/1548/1790
f 1742/1486/1728 1743/1487/1729 1806/1550/1792 1805/1549/1791
f 1743/1487/1729 1744/1488/1730 1807/1551/1793 1806/1550/1792
f 1744/1488/1730 1745/1489/1731 1808/1552/1794 1807/1551/1793
f 1745/1489/1731 1746/1490/1732 1809/1553/1795 1808/1552/1794
f 1746/1490/1732 1747/1491/1733 1810/1554/1796 1809/1553/1795
f 1747/1491/1733 1748/1492/1734 1811/1555/1797 1810/1554/1796
f 1748/1492/1734 1749/1493/1735 1812/1556/1798 1811/1555/1797
f 1749/1493/1735 1750/1494/1736 1813/1557/1799 1812/1556/1798
f 1750/1494/1736 1751/1495/1737 1814/1558/1800 1813/1557/1799
f 1751/1495/1737 1752/1496/1738 1815/1559/1801 1814/1558/1800
f 1752/1496/1738 1753/1497/1739 1816/1560/1802 1815/1559/1801
f 1753/1497/1739 1754/1498/1740 1817/1561/1803 1816/1560/1802
f 1754/1498/1740 1755/1499/1741 1818/1562/1804 1817/1561/1803
f 1755/1499/1741 1756/1500/1742 1819/1563/1805 1818/1562/1804
f 1756/1500/1742 1757/1501/1743 1820/1564/1806 1819/1563/1805
f 1757/1501/1743 1758/1502/1744 1821/1565/1600 1820/1564/1806
f 1758/1502/1744 1759/1503/1745 1822/1566/1807 1821/1565/1600
f 1759/1503/1745 1760/1504/1746 1823/1567/1808 1822/1566/1807
f 1760/1504/1746 1761/1505/1747 1824/1568/1809 1823/1567/1808
f 1761/1505/1747 1762/1506/1748 1825/1569/1810 1824/1568/1809
f 1762/1506/1748 1763/1507/1749 1826/1570/1811 1825/1569/1810
f 1763/1507/1749 1764/1508/1750 1827/1571/1812 1826/1570/1811
f 1764/1508/1750 1765/1509/1751 1828/1572/1813 1827/1571/1812
f 1765/1509/1751 1766/1510/1752 1829/1573/1814 1828/1572/1813
f 1766/1510/1752 1767/1511/1753 1830/1574/1815 1829/1573/1814
f 1767/1511/1753 1768/1512/1754 1831/1575/1816 1830/1574/1815
f 1769/1514/1755 1770/1513/1756 1833/1576/1818 1832/1577/1817
f 1770/1513/1756 1771/1515/1757 1834/1578/1819 1833/1576/1818
f 1771/1515/1757 1772/1516/1758 1835/1579/1820 1834/1578/1819
f 1772/1516/1758 1773/1517/1759 1836/1580/1821 1835/1579/1820
f 1773/1517/1759 1774/1518/1760 1837/1581/1822 1836/1580/1821
f 1774/1518/1760 1775/1519/1761 1838/1582/1823 1837/1581/1822
f 1775/1519/1761 1776/1520/1762 1839/1583/1824 1838/1582/1823
f 1776/1520/1762 1777/1521/1763 1840/1584/1825 1839/1583/1824
f 1777/1521/1763 1778/1522/1764 1841/1585/1826 1840/1584/1825
f 1778/1522/1764 1779/1523/1765 1842/1586/1827 1841/1585/1826
f 1779/1523/1765 1780/1524/1766 1843/1587/1828 1842/1586/1827
f 1780/1524/1766 1781/1525/1767 1844/1588/1829 1843/1587/1828
f 1781/1525/1767 1782/1526/1768 1845/1589/1830 1844/1588/1829
f 1782/1526/1768 1783/1527/1769 1846/1590/1831 1845/1589/1830
f 1783/1527/1769 1784/1528/1770 1847/1591/1832 1846/1590/1831
f 1784/1528/1770 1785/1529/1771 1848/1592/1833 1847/1591/1832
f 1785/1529/1771 1786/1530/1772 1849/1593/1834 1848/1592/1833
f 1786/1530/1772 1787/1531/1773 1850/1594/1835 1849/1593/1834
f 1787/1531/1773 1788/1532/1774 1851/1595/1836 1850/1594/1835
f 1788/1532/1774 1789/1533/1775 1852/1596/1837 1851/1595/1836
f 1789/1533/1775 1790/1534/1776 1853/1597/1838 1852/1596/1837
f 1790/1534/1776 1791/1535/1777 1854/1598/1839 1853/1597/1838
f 1791/1535/1777 1792/1536/1778 1855/1599/1840 1854/1598/1839
f 1792/1536/1778 1793/1537/1779 1856/1600/1841 1855/1599/1840
f 1793/1537/1779 1794/1538/1780 1857/1601/1842 1856/1600/1841
f 1794/1538/1780 1795/1539/1781 1858/1602/1843 1857/1601/1842
f 1795/1539/1781 1796/1540/1782 1859/1603/1844 1858/1602/1843
f 1796/1540/1782 1797/1541/1783 1860/1604/1845 1859/1603/1844
f 1797/1541/1783 1798/1542/1784 1861/1605/1846 1860/1604/1845
f 1798/1542/1784 1799/1543/1785 1862/1606/1847 1861/1605/1846
f 1799/1543/1785 1800/1544/1786 1863/1607/1848 1862/1606/1847
f 1800/1544/1786 1801/1545/1787 1864/1608/1849 1863/1607/1848
f 1801/1545/1787 1802/1546/1788 1865/1609/1850 1864/1608/1849
f 1802/1546/1788 1803/1547/1789 1866/1610/1851 1865/1609/1850
f 1803/1547/1789 1804/1548/1790 1867/1611/1852 1866/1610/1851
f 1804/1548/1790 1805/1549/1791 1868/1612/1853 1867/1611/1852
f 1805/1549/1791 1806/1550/1792 1869/1613/1854 1868/1612/1853
f 1806/1550/1792 1807/1551/1793 1870/1614/1855 1869/1613/1854
f 1807/1551/1793 1808/1552/1794 1871/1615/1856 1870/1614/1855
f 1808/1552/1794 1809/1553/1795 1872/1616/1857 1871/1615/1856
f 1809/1553/1795 1810/1554/1796 1873/1617/1858 1872/1616/1857
f 1810/1554/1796 1811/1555/1797 1874/1618/1859 1873/1617/1858
f 1811/1555/1797 1812/1556/1798 1875/1619/1860 1874/1618/1859
f 1812/1556/1798 1813/1557/1799 1876/1620/1861 1875/1619/1860
f 1813/1557/1799 1814/1558/1800 1877/1621/1862 1876/1620/1861
f 1814/1558/1800 1815/1559/1801 1878/1622/1863 1877/1621/1862
f 1815/1559/1801 1816/1560/1802 1879/1623/1864 1878/1622/1863
f 1816/1560/1802 1817/1561/1803 1880/1624/1865 1879/1623/1864
f 1817/1561/1803 1818/1562/1804 1881/1625/1866 1880/1624/1865
f 1818/1562/1804 1819/1563/1805 1882/1626/1867 1881/1625/1866
f 1819/1563/1805 1820/1564/1806 1883/1627/1868 1882/1626/1867
f 1820/1564/1806 1821/1565/1600 1884/1628/1869 1883/1627/1868
f 1821/1565/1600 1822/1566/1807 1885/1629/1870 1884/1628/1869
f 1822/1566/1807 1823/1567/1808 1886/1630/1871 1885/1629/1870
f 1823/1567/1808 1824/1568/1809 1887/1631/1872 1886/1630/1871
f 1824/1568/1809 1825/1569/1810 1888/1632/1873 1887/1631/1872
f 1825/1569/1810 1826/1570/1811 1889/1633/1874 1888/1632/1873
f 1826/1570/1811 1827/1571/1812 1890/1634/1875 1889/1633/1874
f 1827/1571/1812 1828/1572/1813 1891/1635/1876 1890/1634/1875
f 1828/1572/1813 1829/1573/1814 1892/1636/1877 1891/1635/1876
f 1829/1573/1814 1830/1574/1815 1893/1637/1878 1892/1636/1877
f 1830/1574/1815 1831/1575/1816 1894/1638/1879 1893/1637/1878
f 1832/1577/1817 1833/1576/1818 1896/1639/1881 1895/1640/1880
f 1833/1576/1818 1834/1578/1819 1897/1641/1882 1896/1639/1881
f 1834/1578/1819 1835/1579/1820 1898/1642/1883 1897/1641/1882
f 1835/1579/1820 1836/1580/1821 1899/1643/1884 1898/1642/1883
f 1836/1580/1821 1837/1581/1822 1900/1644/1885 1899/1643/1884
f 1837/1581/1822 1838/1582/1823 1901/1645/1886 1900/1644/1885
f 1838/1582/1823 1839/1583/1824 1902/1646/1887 1901/1645/1886
f 1839/1583/1824 1840/1584/1825 1903/1647/1888 1902/1646/1887
f 1840/1584/1825 1841/1585/1826 1904/1648/1889 1903/1647/1888
f 1841/1585/1826 1842/1586/1827 1905/1649/1890 1904/1648/1889
f 1842/1586/1827 1843/1587/1828 1906/1650/1891 1905/1649/1890
f 1843/1587/1828 1844/1588/1829 1907/1651/1892 1906/1650/1891
f 1844/1588/1829 1845/1589/1830 1908/1652/1893 1907/1651/1892
f 1845/1589/1830 1846/1590/1831 1909/1653/1894 1908/1652/1893
f 1846/1590/1831 1847/1591/1832 1910/1654/1895 1909/1653/1894
f 1847/1591/1832 1848/1592/1833 1911/1655/1896 1910/1654/1895
f 1848/1592/1833 1849/1593/1834 1912/1656/1897 1911/1655/1896
f 1849/1593/1834 1850/1594/1835 1913/1657/1898 1912/1656/1897
f 1850/1594/1835 1851/1595/1836 1914/1658/1899 1913/1657/1898
f 1851/1595/1836 1852/1596/1837 1915/1659/1900 1914/1658/1899
f 1852/1596/1837 1853/1597/1838 1916/1660/1901 1915/1659/1900
f 1853/1597/1838 1854/1598/1839 1917/1661/1902 1916/1660/1901
f 1854/1598/1839 1855/1599/1840 1918/1662/1903 1917/1661/1902
f 1855/1599/1840 1856/1600/1841 1919/1663/1904 1918/1662/1903
f 1856/1600/1841 1857/1601/1842 1920/1664/1905 1919/1663/1904
f 1857/1601/1842 1858/1602/1843 1921/1665/1906 1920/1664/1905
f 1858/1602/1843 1859/1603/1844 1922/1666/1907 1921/1665/1906
f 1859/1603/1844 1860/1604/1845 1923/1667/1908 1922/1666/1907
f 1860/1604/1845 1861/1605/1846 1924/1668/1909 1923/1667/1908
f 1861/1605/1846 1862/1606/1847 1925/1669/1910 1924/1668/1909
f 1862/1606/1847 1863/1607/1848 1926/1670/1911 1925/1669/1910
f 1863/1607/1848 1864/1608/1849 1927/1671/1912 1926/1670/1911
f 1864/1608/1849 1865/1609/1850 1928/1672/1913 1927/1671/1912
f 1865/1609/1850 1866/1610/1851 1929/1673/1914 1928/1672/1913
f 1866/1610/1851 1867/1611/1852 1930/1674/1915 1929/1673/1914
f 1867/1611/1852 1868/1612/1853 1931/1675/1916 1930/1674/1915
f 1868/1612/1853 1869/1613/1854 1932/1676/1917 1931/1675/1916
f 1869/1613/1854 1870/1614/1855 1933/1677/1918 1932/1676/1917
f 1870/1614/1855 1871/1615/1856 1934/1678/1919 1933/1677/1918
f 1871/1615/1856 1872/1616/1857 1935/1679/1920 1934/1678/1919
f 1872/1616/1857 1873/1617/1858 1936/1680/1921 1935/1679/1920
f 1873/1617/1858 1874/1618/1859 1937/1681/1922 1936/1680/1921
f 1874/1618/1859 1875/1619/1860 1938/1682/1923 1937/1681/1922
f 1875/1619/1860 1876/1620/1861 1939/1683/1924 1938/1682/1923
f 1876/1620/1861 1877/1621/1862 1940/1684/1925 1939/1683/1924
f 1877/1621/1862 1878/1622/1863 1941/1685/1926 1940/1684/1925
f 1878/1622/1863 1879/1623/1864 1942/1686/1927 1941/1685/1926
f 1879/1623/1864 1880/1624/1865 1943/1687/1928 1942/1686/1927
f 1880/1624/1865 1881/1625/1866 1944/1688/1929 1943/1687/1928
f 1881/1625/1866 1882/1626/1867 1945/1689/1930 1944/1688/1929
f 1882/1626/1867 1883/1627/1868 1946/1690/1931 1945/1689/1930
f 1883/1627/1868 1884/1628/1869 1947/1691/1932 1946/1690/1931
f 1884/1628/1869 1885/1629/1870 1948/1692/1933 1947/1691/1932
f 1885/1629/1870 1886/1630/1871 1949/1693/1934 1948/1692/1933
f 1886/1630/1871 1887/1631/1872 1950/1694/1935 1949/1693/1934
f 1887/1631/1872 1888/1632/1873 1951/1695/1936 1950/1694/1935
f 1888/1632/1873 1889/1633/1874 1952/1696/1937 1951/1695/1936
f 1889/1633/1874 1890/1634/1875 1953/1697/1668 1952/1696/1937
f 1890/1634/1875 1891/1635/1876 1954/1698/1938 1953/1697/1668
f 1891/1635/1876 1892/1636/1877 1955/1699/1939 1954/1698/1938
f 1892/1636/1877 1893/1637/1878 1956/1700/1940 1955/1699/1939
f 1893/1637/1878 1894/1638/1879 1957/1701/1941 1956/1700/1940
f 1895/1640/1880 1896/1639/1881 1959/1702/1943 1958/1703/1942
f 1896/1639/1881 1897/1641/1882 1960/1704/1944 1959/1702/1943
f 1897/1641/1882 1898/1642/1883 1961/1705/1945 1960/1704/1944
f 1898/1642/1883 1899/1643/1884 1962/1706/1946 1961/1705/1945
f 1899/1643/1884 1900/1644/1885 1963/1707/1947 1962/1706/1946
f 1900/1644/1885 1901/1645/1886 1964/1708/1948 1963/1707/1947
f 1901/1645/1886 1902/1646/1887 1965/1709/1949 1964/1708/1948
f 1902/1646/1887 1903/1647/1888 1966/1710/1950 1965/1709/1949
f 1903/1647/1888 1904/1648/1889 1967/1711/1951 1966/1710/1950
f 1904/1648/1889 1905/1649/1890 1968/1712/1952 1967/1711/1951
f 1905/1649/1890 1906/1650/1891 1969/1713/1953 1968/1712/1952
f 1906/1650/1891 1907/1651/1892 1970/1714/1954 1969/1713/1953
f 1907/1651/1892 1908/1652/1893 1971/1715/1955 1970/1714/1954
f 1908/1652/1893 1909/1653/1894 1972/1716/1956 1971/1715/1955
f 1909/1653/1894 1910/1654/1895 1973/1717/1957 1972/1716/1956
f 1910/1654/1895 1911/1655/1896 1974/1718/1958 1973/1717/1957
f 1911/1655/1896 1912/1656/1897 1975/1719/1959 1974/1718/1958
f 1912/1656/1897 1913/1657/1898 1976/1720/1960 1975/1719/1959
f 1913/1657/1898 1914/1658/1899 1977/1721/1961 1976/1720/1960
f 1914/1658/1899 1915/1659/1900 1978/1722/1962 1977/1721/1961
f 1915/1659/1900 1916/1660/1901 1979/1723/1963 1978/1722/1962
f 1916/1660/1901 1917/1661/1902 1980/1724/1964 1979/1723/1963
f 1917/1661/1902 1918/1662/1903 1981/1725/1965 1980/1724/1964
f 1918/1662/1903 1919/1663/1904 1982/1726/1966 1981/1725/1965
f 1919/1663/1904 1920/1664/1905 1983/1727/1967 1982/1726/1966
f 1920/1664/1905 1921/1665/1906 1984/1728/1968 1983/1727/1967
f 1921/1665/1906 1922/1666/1907 1985/1729/1969 1984/1728/1968
f 1922/1666/1907 1923/1667/1908 1986/1730/1970 1985/1729/1969
f 1923/1667/1908 1924/1668/1909 1987/1731/1971 1986/1730/1970
f 1924/1668/1909 1925/1669/1910 1988/1732/1972 1987/1731/1971
f 1925/1669/1910 1926/1670/1911 1989/1733/1973 1988/1732/1972
f 1926/1670/1911 1927/1671/1912 1990/1734/1974 1989/1733/1973
f 1927/1671/1912 1928/1672/1913 1991/1735/1975 1990/1734/1974
f 1928/1672/1913 1929/1673/1914 1992/1736/1976 1991/1735/1975
f 1929/1673/1914 1930/1674/1915 1993/1737/1977 1992/1736/1976
f 1930/1674/1915 1931/1675/1916 1994/1738/1978 1993/1737/1977
f 1931/1675/1916 1932/1676/1917 1995/1739/1979 1994/1738/1978
f 1932/1676/1917 1933/1677/1918 1996/1740/1980 1995/1739/1979
f 1933/1677/1918 1934/1678/1919 1997/1741/1981 1996/1740/1980
f 1934/1678/1919 1935/1679/1920 1998/1742/1982 1997/1741/1981
f 1935/1679/1920 1936/1680/1921 1999/1743/1983 1998/1742/1982
f 1936/1680/1921 1937/1681/1922 2000/1744/1984 1999/1743/1983
f 1937/1681/1922 1938/1682/1923 2001/1745/1985 2000/1744/1984
f 1938/1682/1923 1939/1683/1924 2002/1746/1986 2001/1745/1985
f 1939/1683/1924 1940/1684/1925 2003/1747/1987 2002/1746/1986
f 1940/1684/1925 1941/1685/1926 2004/1748/1988 2003/1747/1987
f 1941/1685/1926 1942/1686/1927 2005/1749/1989 2004/1748/1988
f 1942/1686/1927 1943/1687/1928 2006/1750/1990 2005/1749/1989
f 1943/1687/1928 1944/1688/1929 2007/1751/1991 2006/1750/1990
f 1944/1688/1929 1945/1689/1930 2008/1752/1992 2007/1751/1991
f 1945/1689/1930 1946/1690/1931 2009/1753/1993 2008/1752/1992
f 1946/1690/1931 1947/1691/1932 2010/1754/1994 2009/1753/1993
f 1947/1691/1932 1948/1692/1933 2011/1755/1995 2010/1754/1994
f 1948/1692/1933 1949/1693/1934 2012/1756/1996 2011/1755/1995
f 1949/1693/1934 1950/1694/1935 2013/1757/1997 2012/1756/1996
f 1950/1694/1935 1951/1695/1936 2014/1758/1998 2013/1757/1997
f 1951/1695/1936 1952/1696/1937 2015/1759/1999 2014/1758/1998
f 1952/1696/1937 1953/1697/1668 2016/1760/2000 2015/1759/1999
f 1953/1697/1668 1954/1698/1938 2017/1761/2001 2016/1760/2000
f 1954/1698/1938 1955/1699/1939 2018/1762/2002 2017/1761/2001
f 1955/1699/1939 1956/1700/1940 2019/1763/1304 2018/1762/2002
f 1956/1700/1940 1957/1701/1941 2020/1764/2003 2019/1763/1304
f 1958/1703/1942 1959/1702/1943 2022/1765/2005 2021/1766/2004
f 1959/1702/1943 1960/1704/1944 2023/1767/2006 2022/1765/2005
f 1960/1704/1944 1961/1705/1945 2024/1768/2007 2023/1767/2006
f 1961/1705/1945 1962/1706/1946 2025/1769/2008 2024/1768/2007
f 1962/1706/1946 1963/1707/1947 2026/1770/2009 2025/1769/2008
f 1963/1707/1947 1964/1708/1948 2027/1771/2010 2026/1770/2009
f 1964/1708/1948 1965/1709/1949 2028/1772/2011 2027/1771/2010
f 1965/1709/1949 1966/1710/1950 2029/1773/2012 2028/1772/2011
f 1966/1710/1950 1967/1711/1951 2030/1774/2013 2029/1773/2012
f 1967/1711/1951 1968/1712/1952 2031/1775/2014 2030/1774/2013
f 1968/1712/1952 1969/1713/1953 2032/1776/2015 2031/1775/2014
f 1969/1713/1953 1970/1714/1954 2033/1777/2016 2032/1776/2015
f 1970/1714/1954 1971/1715/1955 2034/1778/2017 2033/1777/2016
f 1971/1715/1955 1972/1716/1956 2035/1779/2018 2034/1778/2017
f 1972/1716/1956 1973/1717/1957 2036/1780/2019 2035/1779/2018
f 1973/1717/1957 1974/1718/1958 2037/1781/2020 2036/1780/2019
f 1974/1718/1958 1975/1719/1959 2038/1782/2021 2037/1781/2020
f 1975/1719/1959 1976/1720/1960 2039/1783/2022 2038/1782/2021
f 1976/1720/1960 1977/1721/1961 2040/1784/2023 2039/1783/2022
f 1977/1721/1961 1978/1722/1962 2041/1785/2024 2040/1784/2023
f 1978/1722/1962 1979/1723/1963 2042/1786/2025 2041/1785/2024
f 1979/1723/1963 1980/1724/1964 2043/1787/2026 2042/1786/2025
f 1980/1724/1964 1981/1725/1965 2044/1788/1498 2043/1787/2026
f 1981/1725/1965 1982/1726/1966 2045/1789/2027 2044/1788/1498
f 1982/1726/1966 1983/1727/1967 2046/1790/2028 2045/1789/2027
f 1983/1727/1967 1984/1728/1968 2047/1791/2029 2046/1790/2028
f 1984/1728/1968 1985/1729/1969 2048/1792/2030 2047/1791/2029
f 1985/1729/1969 1986/1730/1970 2049/1793/2031 2048/1792/2030
f 1986/1730/1970 1987/1731/1971 2050/1794/2032 2049/1793/2031
f 1987/1731/1971 1988/1732/1972 2051/1795/2033 2050/1794/2032
f 1988/1732/1972 1989/1733/1973 2052/1796/2034 2051/1795/2033
f 1989/1733/1973 1990/1734/1974 2053/1797/2035 2052/1796/2034
f 1990/1734/1974 1991/1735/1975 2054/1798/2036 2053/1797/2035
f 1991/1735/1975 1992/1736/1976 2055/1799/1911 2054/1798/2036
f 1992/1736/1976 1993/1737/1977 2056/1800/2037 2055/1799/1911
f 1993/1737/1977 1994/1738/1978 2057/1801/2038 2056/1800/2037
f 1994/1738/1978 1995/1739/1979 2058/1802/2039 2057/1801/2038
f 1995/1739/1979 1996/1740/1980 2059/1803/2040 2058/1802/2039
f 1996/1740/1980 1997/1741/1981 2060/1804/2041 2059/1803/2040
f 1997/1741/1981 1998/1742/1982 2061/1805/2042 2060/1804/2041
f 1998/1742/1982 1999/1743/1983 2062/1806/2043 2061/1805/2042
f 1999/1743/1983 2000/1744/1984 2063/1807/2044 2062/1806/2043
f 2000/1744/1984 2001/1745/1985 2064/1808/2045 2063/1807/2044
f 2001/1745/1985 2002/1746/1986 2065/1809/2046 2064/1808/2045
f 2002/1746/1986 2003/1747/1987 2066/1810/2047 2065/1809/2046
f 2003/1747/1987 2004/1748/1988 2067/1811/2048 2066/1810/2047
f 2004/1748/1988 2005/1749/1989 2068/1812/2049 2067/1811/2048
f 2005/1749/1989 2006/1750/1990 2069/1813/2050 2068/1812/2049
f 2006/1750/1990 2007/1751/1991 2070/1814/2051 2069/1813/2050
f 2007/1751/1991 2008/1752/1992 2071/1815/2052 2070/1814/2051
f 2008/1752/1992 2009/1753/1993 2072/1816/2053 2071/1815/2052
f 2009/1753/1993 2010/1754/1994 2073/1817/2054 2072/1816/2053
f 2010/1754/1994 2011/1755/1995 2074/1818/2055 2073/1817/2054
f 2011/1755/1995 2012/1756/1996 2075/1819/2056 2074/1818/2055
f 2012/1756/1996 2013/1757/1997 2076/1820/2057 2075/1819/2056
f 2013/1757/1997 2014/1758/1998 2077/1821/2058 2076/1820/2057
f 2014/1758/1998 2015/1759/1999 2078/1822/2059 2077/1821/2058
f 2015/1759/1999 2016/1760/2000 2079/1823/2060 2078/1822/2059
f 2016/1760/2000 2017/1761/2001 2080/1824/2061 2079/1823/2060
f 2017/1761/2001 2018/1762/2002 2081/1825/2062 2080/1824/2061
f 2018/1762/2002 2019/1763/1304 2082/1826/2063 2081/1825/2062
f 2019/1763/1304 2020/1764/2003 2083/1827/2064 2082/1826/2063
f 2021/1766/2004 2022/1765/2005 2085/1828/2066 2084/1829/2065
f 2022/1765/2005 2023/1767/2006 2086/1830/2067 2085/1828/2066
f 2023/1767/2006 2024/1768/2007 2087/1831/2068 2086/1830/2067
f 2024/1768/2007 2025/1769/2008 2088/1832/2069 2087/1831/2068
f 2025/1769/2008 2026/1770/2009 2089/1833/2070 2088/1832/2069
f 2026/1770/2009 2027/1771/2010 2090/1834/2071 2089/1833/2070
f 2027/1771/2010 2028/1772/2011 2091/1835/2072 2090/1834/2071
f 2028/1772/2011 2029/1773/2012 2092/1836/2073 2091/1835/2072
f 2029/1773/2012 2030/1774/2013 2093/1837/2074 2092/1836/2073
f 2030/1774/2013 2031/1775/2014 2094/1838/2075 2093/1837/2074
f 2031/1775/2014 2032/1776/2015 2095/1839/2076 2094/1838/2075
f 2032/1776/2015 2033/1777/2016 2096/1840/2077 2095/1839/2076
f 2033/1777/2016 2034/1778/2017 2097/1841/2078 2096/1840/2077
f 2034/1778/2017 2035/1779/2018 2098/1842/2079 2097/1841/2078
f 2035/1779/2018 2036/1780/2019 2099/1843/2080 2098/1842/2079
f 2036/1780/2019 2037/1781/2020 2100/1844/2081 2099/1843/2080
f 2037/1781/2020 2038/1782/2021 2101/1845/2082 2100/1844/2081
f 2038/1782/2021 2039/1783/2022 2102/1846/2083 2101/1845/2082
f 2039/1783/2022 2040/1784/2023 2103/1847/2084 2102/1846/2083
f 2040/1784/2023 2041/1785/2024 2104/1848/2085 2103/1847/2084
f 2041/1785/2024 2042/1786/2025 2105/1849/2086 2104/1848/2085
f 2042/1786/2025 2043/1787/2026 2106/1850/2087 2105/1849/2086
f 2043/1787/2026 2044/1788/1498 2107/1851/2088 2106/1850/2087
f 2044/1788/1498 2045/1789/2027 2108/1852/2089 2107/1851/2088
f 2045/1789/2027 2046/1790/2028 2109/1853/2090 2108/1852/2089
f 2046/1790/2028 2047/1791/2029 2110/1854/2091 2109/1853/2090
f 2047/1791/2029 2048/1792/2030 2111/1855/2092 2110/1854/2091
f 2048/1792/2030 2049/1793/2031 2112/1856/2093 2111/1855/2092
f 2049/1793/2031 2050/1794/2032 2113/1857/2094 2112/1856/2093
f 2050/1794/2032 2051/1795/2033 2114/1858/2095 2113/1857/2094
f 2051/1795/2033 2052/1796/2034 2115/1859/2096 2114/1858/2095
f 2052/1796/2034 2053/1797/2035 2116/1860/2097 2115/1859/2096
f 2053/1797/2035 2054/1798/2036 2117/1861/2098 2116/1860/2097
f 2054/1798/2036 2055/1799/1911 2118/1862/2099 2117/1861/2098
f 2055/1799/1911 2056/1800/2037 2119/1863/2100 2118/1862/2099
f 2056/1800/2037 2057/1801/2038 2120/1864/2101 2119/1863/2100
f 2057/1801/2038 2058/1802/2039 2121/1865/2102 2120/1864/2101
f 2058/1802/2039 2059/1803/2040 2122/1866/2103 2121/1865/2102
f 2059/1803/2040 2060/1804/2041 2123/1867/2104 2122/1866/2103
f 2060/1804/2041 2061/1805/2042 2124/1868/2105 2123/1867/2104
f 2061/1805/2042 2062/1806/2043 2125/1869/2106 2124/1868/2105
f 2062/1806/2043 2063/1807/2044 2126/1870/2107 2125/1869/2106
f 2063/1807/2044 2064/1808/2045 2127/1871/2108 2126/1870/2107
f 2064/1808/2045 2065/1809/2046 2128/1872/2109 2127/1871/2108
f 2065/1809/2046 2066/1810/2047 2129/1873/2110 2128/1872/2109
f 2066/1810/2047 2067/1811/2048 2130/1874/2111 2129/1873/2110
f 2067/1811/2048 2068/1812/2049 2131/1875/2112 2130/1874/2111
f 2068/1812/2049 2069/1813/2050 2132/1876/2113 2131/1875/2112
f 2069/1813/2050 2070/1814/2051 2133/1877/2114 2132/1876/2113
f 2070/1814/2051 2071/1815/2052 2134/1878/2115 2133/1877/2114
f 2071/1815/2052 2072/1816/2053 2135/1879/2116 2134/1878/2115
f 2072/1816/2053 2073/1817/2054 2136/1880/2117 2135/1879/2116
f 2073/1817/2054 2074/1818/2055 2137/1881/2118 2136/1880/2117
f 2074/1818/2055 2075/1819/2056 2138/1882/2119 2137/1881/2118
f 2075/1819/2056 2076/1820/2057 2139/1883/2120 2138/1882/2119
f 2076/1820/2057 2077/1821/2058 2140/1884/2121 2139/1883/2120
f 2077/1821/2058 2078/1822/2059 2141/1885/1600 2140/1884/2121
f 2078/1822/2059 2079/1823/2060 2142/1886/2122 2141/1885/1600
f 2079/1823/2060 2080/1824/2061 2143/1887/2123 2142/1886/2122
f 2080/1824/2061 2081/1825/2062 2144/1888/2124 2143/1887/2123
f 2081/1825/2062 2082/1826/2063 2145/1889/2125 2144/1888/2124
f 2082/1826/2063 2083/1827/2064 2146/1890/2126 2145/1889/2125
f 2084/1829/2065 2085/1828/2066 2148/1891/2128 2147/1892/2127
f 2085/1828/2066 2086/1830/2067 2149/1893/2129 2148/1891/2128
f 2086/1830/2067 2087/1831/2068 2150/1894/2130 2149/1893/2129
f 2087/1831/2068 2088/1832/2069 2151/1895/2131 2150/1894/2130
f 2088/1832/2069 2089/1833/2070 2152/1896/2132 2151/1895/2131
f 2089/1833/2070 2090/1834/2071 2153/1897/2133 2152/1896/2132
f 2090/1834/2071 2091/1835/2072 2154/1898/2134 2153/1897/2133
f 2091/1835/2072 2092/1836/2073 2155/1899/2135 2154/1898/2134
f 2092/1836/2073 2093/1837/2074 2156/1900/2136 2155/1899/2135
f 2093/1837/2074 2094/1838/2075 2157/1901/2137 2156/1900/2136
f 2094/1838/2075 2095/1839/2076 2158/1902/2138 2157/1901/2137
f 2095/1839/2076 2096/1840/2077 2159/1903/2139 2158/1902/2138
f 2096/1840/2077 2097/1841/2078 2160/1904/2140 2159/1903/2139
f 2097/1841/2078 2098/1842/2079 2161/1905/2141 2160/1904/2140
f 2098/1842/2079 2099/1843/2080 2162/1906/2142 2161/1905/2141
f 2099/1843/2080 2100/1844/2081 2163/1907/2143 2162/1906/2142
f 2100/1844/2081 2101/1845/2082 2164/1908/2144 2163/1907/2143
f 2101/1845/2082 2102/1846/2083 2165/1909/2145 2164/1908/2144
f 2102/1846/2083 2103/1847/2084 2166/1910/2146 2165/1909/2145
f 2103/1847/2084 2104/1848/2085 2167/1911/2147 2166/1910/2146
f 2104/1848/2085 2105/1849/2086 2168/1912/2148 2167/1911/2147
f 2105/1849/2086 2106/1850/2087 2169/1913/2149 2168/1912/2148
f 2106/1850/2087 2107/1851/2088 2170/1914/2150 2169/1913/2149
f 2107/1851/2088 2108/1852/2089 2171/1915/2151 2170/1914/2150
f 2108/1852/2089 2109/1853/2090 2172/1916/2152 2171/1915/2151
f 2109/1853/2090 2110/1854/2091 2173/1917/2153 2172/1916/2152
f 2110/1854/2091 2111/1855/2092 2174/1918/2154 2173/1917/2153
f 2111/1855/2092 2112/1856/2093 2175/1919/2155 2174/1918/2154
f 2112/1856/2093 2113/1857/2094 2176/1920/2156 2175/1919/2155
f 2113/1857/2094 2114/1858/2095 2177/1921/2157 2176/1920/2156
f 2114/1858/2095 2115/1859/2096 2178/1922/2158 2177/1921/2157
f 2115/1859/2096 2116/1860/2097 2179/1923/2159 2178/1922/2158
f 2116/1860/2097 2117/1861/2098 2180/1924/1905 2179/1923/2159
f 2117/1861/2098 2118/1862/2099 2181/1925/2160 2180/1924/1905
f 2118/1862/2099 2119/1863/2100 2182/1926/2161 2181/1925/2160
f 2119/1863/2100 2120/1864/2101 2183/1927/2162 2182/1926/2161
f 2120/1864/2101 2121/1865/2102 2184/1928/2163 2183/1927/2162
f 2121/1865/2102 2122/1866/2103 2185/1929/2164 2184/1928/2163
f 2122/1866/2103 2123/1867/2104 2186/1930/2165 2185/1929/2164
f 2123/1867/2104 2124/1868/2105 2187/1931/2166 2186/1930/2165
f 2124/1868/2105 2125/1869/2106 2188/1932/2167 2187/1931/2166
f 2125/1869/2106 2126/1870/2107 2189/1933/2168 2188/1932/2167
f 2126/1870/2107 2127/1871/2108 2190/1934/2169 2189/1933/2168
f 2127/1871/2108 2128/1872/2109 2191/1935/2170 2190/1934/2169
f 2128/1872/2109 2129/1873/2110 2192/1936/2171 2191/1935/2170
f 2129/1873/2110 2130/1874/2111 2193/1937/2172 2192/1936/2171
f 2130/1874/2111 2131/1875/2112 2194/1938/2173 2193/1937/2172
f 2131/1875/2112 2132/1876/2113 2195/1939/2174 2194/1938/2173
f 2132/1876/2113 2133/1877/2114 2196/1940/2175 2195/1939/2174
f 2133/1877/2114 2134/1878/2115 2197/1941/2176 2196/1940/2175
f 2134/1878/2115 2135/1879/2116 2198/1942/2177 2197/1941/2176
f 2135/1879/2116 2136/1880/2117 2199/1943/2178 2198/1942/2177
f 2136/1880/2117 2137/1881/2118 2200/1944/2179 2199/1943/2178
f 2137/1881/2118 2138/1882/2119 2201/1945/2180 2200/1944/2179
f 2138/1882/2119 2139/1883/2120 2202/1946/2181 2201/1945/2180
f 2139/1883/2120 2140/1884/2121 2203/1947/2182 2202/1946/2181
f 2140/1884/2121 2141/1885/1600 2204/1948/2183 2203/1947/2182
f 2141/1885/1600 2142/1886/2122 2205/1949/2184 2204/1948/2183
f 2142/1886/2122 2143/1887/2123 2206/1950/2185 2205/1949/2184
f 2143/1887/2123 2144/1888/2124 2207/1951/2186 2206/1950/2185
f 2144/1888/2124 2145/1889/2125 2208/1952/2187 2207/1951/2186
f 2145/1889/2125 2146/1890/2126 2209/1953/2188 2208/1952/2187
f 2147/1892/2127 2148/1891/2128 2211/1954/2190 2210/1955/2189
f 2148/1891/2128 2149/1893/2129 2212/1956/2191 2211/1954/2190
f 2149/1893/2129 2150/1894/2130 2213/1957/2192 2212/1956/2191
f 2150/1894/2130 2151/1895/2131 2214/1958/2193 2213/1957/2192
f 2151/1895/2131 2152/1896/2132 2215/1959/2194 2214/1958/2193
f 2152/1896/2132 2153/1897/2133 2216/1960/2195 2215/1959/2194
f 2153/1897/2133 2154/1898/2134 2217/1961/2196 2216/1960/2195
f 2154/1898/2134 2155/1899/2135 2218/1962/2197 2217/1961/2196
f 2155/1899/2135 2156/1900/2136 2219/1963/2198 2218/1962/2197
f 2156/1900/2136 2157/1901/2137 2220/1964/2199 2219/1963/2198
f 2157/1901/2137 2158/1902/2138 2221/1965/2200 2220/1964/2199
f 2158/1902/2138 2159/1903/2139 2222/1966/2201 2221/1965/2200
f 2159/1903/2139 2160/1904/2140 2223/1967/2202 2222/1966/2201
f 2160/1904/2140 2161/1905/2141 2224/1968/2203 2223/1967/2202
f 2161/1905/2141 2162/1906/2142 2225/1969/2204 2224/1968/2203
f 2162/1906/2142 2163/1907/2143 2226/1970/2205 2225/1969/2204
f 2163/1907/2143 2164/1908/2144 2227/1971/2206 2226/1970/2205
f 2164/1908/2144 2165/1909/2145 2228/1972/2207 2227/1971/2206
f 2165/1909/2145 2166/1910/2146 2229/1973/2208 2228/1972/2207
f 2166/1910/2146 2167/1911/2147 2230/1974/2209 2229/1973/2208
f 2167/1911/2147 2168/1912/2148 2231/1975/2210 2230/1974/2209
f 2168/1912/2148 2169/1913/2149 2232/1976/2211 2231/1975/2210
f 2169/1913/2149 2170/1914/2150 2233/1977/2212 2232/1976/2211
f 2170/1914/2150 2171/1915/2151 2234/1978/2213 2233/1977/2212
f 2171/1915/2151 2172/1916/2152 2235/1979/2214 2234/1978/2213
f 2172/1916/2152 2173/1917/2153 2236/1980/2215 2235/1979/2214
f 2173/1917/2153 2174/1918/2154 2237/1981/2216 2236/1980/2215
f 2174/1918/2154 2175/1919/2155 2238/1982/2217 2237/1981/2216
f 2175/1919/2155 2176/1920/2156 2239/1983/2218 2238/1982/2217
f 2176/1920/2156 2177/1921/2157 2240/1984/2219 2239/1983/2218
f 2177/1921/2157 2178/1922/2158 2241/1985/2220 2240/1984/2219
f 2178/1922/2158 2179/1923/2159 2242/1986/2221 2241/1985/2220
f 2179/1923/2159 2180/1924/1905 2243/1987/2222 2242/1986/2221
f 2180/1924/1905 2181/1925/2160 2244/1988/2223 2243/1987/2222
f 2181/1925/2160 2182/1926/2161 2245/1989/2224 2244/1988/2223
f 2182/1926/2161 2183/1927/2162 2246/1990/2225 2245/1989/2224
f 2183/1927/2162 2184/1928/2163 2247/1991/2226 2246/1990/2225
f 2184/1928/2163 2185/1929/2164 2248/1992/2227 2247/1991/2226
f 2185/1929/2164 2186/1930/2165 2249/1993/2228 2248/1992/2227
f 2186/1930/2165 2187/1931/2166 2250/1994/2229 2249/1993/2228
f 2187/1931/2166 2188/1932/2167 2251/1995/2230 2250/1994/2229
f 2188/1932/2167 2189/1933/2168 2252/1996/2231 2251/1995/2230
f 2189/1933/2168 2190/1934/2169 2253/1997/2232 2252/1996/2231
f 2190/1934/2169 2191/1935/2170 2254/1998/2233 2253/1997/2232
f 2191/1935/2170 2192/1936/2171 2255/1999/2234 2254/1998/2233
f 2192/1936/2171 2193/1937/2172 2256/2000/2235 2255/1999/2234
f 2193/1937/2172 2194/1938/2173 2257/2001/2236 2256/2000/2235
f 2194/1938/2173 2195/1939/2174 2258/2002/2237 2257/2001/2236
f 2195/1939/2174 2196/1940/2175 2259/2003/2238 2258/2002/2237
f 2196/1940/2175 2197/1941/2176 2260/2004/2239 2259/2003/2238
f 2197/1941/2176 2198/1942/2177 2261/2005/2240 2260/2004/2239
f 2198/1942/2177 2199/1943/2178 2262/2006/2241 2261/2005/2240
f 2199/1943/2178 2200/1944/2179 2263/2007/2242 2262/2006/2241
f 2200/1944/2179 2201/1945/2180 2264/2008/2243 2263/2007/2242
f 2201/1945/2180 2202/1946/2181 2265/2009/2244 2264/2008/2243
f 2202/1946/2181 2203/1947/2182 2266/2010/2245 2265/2009/2244
f 2203/1947/2182 2204/1948/2183 2267/2011/2246 2266/2010/2245
f 2204/1948/2183 2205/1949/2184 2268/2012/2247 2267/2011/2246
f 2205/1949/2184 2206/1950/2185 2269/2013/2248 2268/2012/2247
f 2206/1950/2185 2207/1951/2186 2270/2014/2249 2269/2013/2248
f 2207/1951/2186 2208/1952/2187 2271/2015/2250 2270/2014/2249
f 2208/1952/2187 2209/1953/2188 2272/2016/2251 2271/2015/2250
f 2210/1955/2189 2211/1954/2190 2274/2017/2253 2273/2018/2252
f 2211/1954/2190 2212/1956/2191 2275/2019/2254 2274/2017/2253
f 2212/1956/2191 2213/1957/2192 2276/2020/2255 2275/2019/2254
f 2213/1957/2192 2214/1958/2193 2277/2021/2256 2276/2020/2255
f 2214/1958/2193 2215/1959/2194 2278/2022/2257 2277/2021/2256
f 2215/1959/2194 2216/1960/2195 2279/2023/2258 2278/2022/2257
f 2216/1960/2195 2217/1961/2196 2280/2024/2259 2279/2023/2258
f 2217/1961/2196 2218/1962/2197 2281/2025/2260 2280/2024/2259
f 2218/1962/2197 2219/1963/2198 2282/2026/2261 2281/2025/2260
f 2219/1963/2198 2220/1964/2199 2283/2027/2262 2282/2026/2261
f 2220/1964/2199 2221/1965/2200 2284/2028/2263 2283/2027/2262
f 2221/1965/2200 2222/1966/2201 2285/2029/2264 2284/2028/2263
f 2222/1966/2201 2223/1967/2202 2286/2030/2265 2285/2029/2264
f 2223/1967/2202 2224/1968/2203 2287/2031/2266 2286/2030/2265
f 2224/1968/2203 2225/1969/2204 2288/2032/2267 2287/2031/2266
f 2225/1969/2204 2226/1970/2205 2289/2033/2268 2288/2032/2267
f 2226/1970/2205 2227/1971/2206 2290/2034/2269 2289/2033/2268
f 2227/1971/2206 2228/1972/2207 2291/2035/2270 2290/2034/2269
f 2228/1972/2207 2229/1973/2208 2292/2036/2271 2291/2035/2270
f 2229/1973/2208 2230/1974/2209 2293/2037/2272 2292/2036/2271
f 2230/1974/2209 2231/1975/2210 2294/2038/2273 2293/2037/2272
f 2231/1975/2210 2232/1976/2211 2295/2039/2274 2294/2038/2273
f 2232/1976/2211 2233/1977/2212 2296/2040/2275 2295/2039/2274
f 2233/1977/2212 2234/1978/2213 2297/2041/2276 2296/2040/2275
f 2234/1978/2213 2235/1979/2214 2298/2042/2277 2297/2041/2276
f 2235/1979/2214 2236/1980/2215 2299/2043/2278 2298/2042/2277
f 2236/1980/2215 2237/1981/2216 2300/2044/2279 2299/2043/2278
f 2237/1981/2216 2238/1982/2217 2301/2045/2280 2300/2044/2279
f 2238/1982/2217 2239/1983/2218 2302/2046/2281 2301/2045/2280
f 2239/1983/2218 2240/1984/2219 2303/2047/2282 2302/2046/2281
f 2240/1984/2219 2241/1985/2220 2304/2048/2283 2303/2047/2282
f 2241/1985/2220 2242/1986/2221 2305/2049/2284 2304/2048/2283
f 2242/1986/2221 2243/1987/2222 2306/2050/2285 2305/2049/2284
f 2243/1987/2222 2244/1988/2223 2307/2051/2286 2306/2050/2285
f 2244/1988/2223 2245/1989/2224 2308/2052/2287 2307/2051/2286
f 2245/1989/2224 2246/1990/2225 2309/2053/1913 2308/2052/2287
f 2246/1990/2225 2247/1991/2226 2310/2054/2288 2309/2053/1913
f 2247/1991/2226 2248/1992/2227 2311/2055/2289 2310/2054/2288
f 2248/1992/2227 2249/1993/2228 2312/2056/2290 2311/2055/2289
f 2249/1993/2228 2250/1994/2229 2313/2057/2291 2312/2056/2290
f 2250/1994/2229 2251/1995/2230 2314/2058/2292 2313/2057/2291
f 2251/1995/2230 2252/1996/2231 2315/2059/2293 2314/2058/2292
f 2252/1996/2231 2253/1997/2232 2316/2060/2294 2315/2059/2293
f 2253/1997/2232 2254/1998/2233 2317/2061/2295 2316/2060/2294
f 2254/1998/2233 2255/1999/2234 2318/2062/2296 2317/2061/2295
f 2255/1999/2234 2256/2000/2235 2319/2063/2297 2318/2062/2296
f 2256/2000/2235 2257/2001/2236 2320/2064/2298 2319/2063/2297
f 2257/2001/2236 2258/2002/2237 2321/2065/2299 2320/2064/2298
f 2258/2002/2237 2259/2003/2238 2322/2066/2300 2321/2065/2299
f 2259/2003/2238 2260/2004/2239 2323/2067/2301 2322/2066/2300
f 2260/2004/2239 2261/2005/2240 2324/2068/2302 2323/2067/2301
f 2261/2005/2240 2262/2006/2241 2325/2069/2303 2324/2068/2302
f 2262/2006/2241 2263/2007/2242 2326/2070/2304 2325/2069/2303
f 2263/2007/2242 2264/2008/2243 2327/2071/2305 2326/2070/2304
f 2264/2008/2243 2265/2009/2244 2328/2072/2306 2327/2071/2305
f 2265/2009/2244 2266/2010/2245 2329/2073/2307 2328/2072/2306
f 2266/2010/2245 2267/2011/2246 2330/2074/2308 2329/2073/2307
f 2267/2011/2246 2268/2012/2247 2331/2075/2309 2330/2074/2308
f 2268/2012/2247 2269/2013/2248 2332/2076/2310 2331/2075/2309
f 2269/2013/2248 2270/2014/2249 2333/2077/2311 2332/2076/2310
f 2270/2014/2249 2271/2015/2250 2334/2078/2312 2333/2077/2311
f 2271/2015/2250 2272/2016/2251 2335/2079/2313 2334/2078/2312
f 2273/2018/2252 2274/2017/2253 2337/2080/2164 2336/2081/2314
f 2274/2017/2253 2275/2019/2254 2338/2082/2315 2337/2080/2164
f 2275/2019/2254 2276/2020/2255 2339/2083/2316 2338/2082/2315
f 2276/2020/2255 2277/2021/2256 2340/2084/2317 2339/2083/2316
f 2277/2021/2256 2278/2022/2257 2341/2085/2318 2340/2084/2317
f 2278/2022/2257 2279/2023/2258 2342/2086/2319 2341/2085/2318
f 2279/2023/2258 2280/2024/2259 2343/2087/2320 2342/2086/2319
f 2280/2024/2259 2281/2025/2260 2344/2088/2321 2343/2087/2320
f 2281/2025/2260 2282/2026/2261 2345/2089/2322 2344/2088/2321
f 2282/2026/2261 2283/2027/2262 2346/2090/2323 2345/2089/2322
f 2283/2027/2262 2284/2028/2263 2347/2091/2324 2346/2090/2323
f 2284/2028/2263 2285/2029/2264 2348/2092/2325 2347/2091/2324
f 2285/2029/2264 2286/2030/2265 2349/2093/2326 2348/2092/2325
f 2286/2030/2265 2287/2031/2266 2350/2094/2327 2349/2093/2326
f 2287/2031/2266 2288/2032/2267 2351/2095/2328 2350/2094/2327
f 2288/2032/2267 2289/2033/2268 2352/2096/2329 2351/2095/2328
f 2289/2033/2268 2290/2034/2269 2353/2097/2330 2352/2096/2329
f 2290/2034/2269 2291/2035/2270 2354/2098/2331 2353/2097/2330
f 2291/2035/2270 2292/2036/2271 2355/2099/2332 2354/2098/2331
f 2292/2036/2271 2293/2037/2272 2356/2100/2333 2355/2099/2332
f 2293/2037/2272 2294/2038/2273 2357/2101/2334 2356/2100/2333
f 2294/2038/2273 2295/2039/2274 2358/2102/2335 2357/2101/2334
f 2295/2039/2274 2296/2040/2275 2359/2103/2336 2358/2102/2335
f 2296/2040/2275 2297/2041/2276 2360/2104/2337 2359/2103/2336
f 2297/2041/2276 2298/2042/2277 2361/2105/2338 2360/2104/2337
f 2298/2042/2277 2299/2043/2278 2362/2106/2339 2361/2105/2338
f 2299/2043/2278 2300/2044/2279 2363/2107/2340 2362/2106/2339
f 2300/2044/2279 2301/2045/2280 2364/2108/2341 2363/2107/2340
f 2301/2045/2280 2302/2046/2281 2365/2109/2342 2364/2108/2341
f 2302/2046/2281 2303/2047/2282 2366/2110/2343 2365/2109/2342
f 2303/2047/2282 2304/2048/2283 2367/2111/2344 2366/2110/2343
f 2304/2048/2283 2305/2049/2284 2368/2112/2345 2367/2111/2344
f 2305/2049/2284 2306/2050/2285 2369/2113/2346 2368/2112/2345
f 2306/2050/2285 2307/2051/2286 2370/2114/2347 2369/2113/2346
f 2307/2051/2286 2308/2052/2287 2371/2115/2348 2370/2114/2347
f 2308/2052/2287 2309/2053/1913 2372/2116/2349 2371/2115/2348
f 2309/2053/1913 2310/2054/2288 2373/2117/2350 2372/2116/2349
f 2310/2054/2288 2311/2055/2289 2374/2118/2351 2373/2117/2350
f 2311/2055/2289 2312/2056/2290 2375/2119/2352 2374/2118/2351
f 2312/2056/2290 2313/2057/2291 2376/2120/2353 2375/2119/2352
f 2313/2057/2291 2314/2058/2292 2377/2121/2354 2376/2120/2353
f 2314/2058/2292 2315/2059/2293 2378/2122/2355 2377/2121/2354
f 2315/2059/2293 2316/2060/2294 2379/2123/2356 2378/2122/2355
f 2316/2060/2294 2317/2061/2295 2380/2124/2357 2379/2123/2356
f 2317/2061/2295 2318/2062/2296 2381/2125/2358 2380/2124/2357
f 2318/2062/2296 2319/2063/2297 2382/2126/2359 2381/2125/2358
f 2319/2063/2297 2320/2064/2298 2383/2127/2360 2382/2126/2359
f 2320/2064/2298 2321/2065/2299 2384/2128/2361 2383/2127/2360
f 2321/2065/2299 2322/2066/2300 2385/2129/2362 2384/2128/2361
f 2322/2066/2300 2323/2067/2301 2386/2130/2363 2385/2129/2362
f 2323/2067/2301 2324/2068/2302 2387/2131/2364 2386/2130/2363
f 2324/2068/2302 2325/2069/2303 2388/2132/2365 2387/2131/2364
f 2325/2069/2303 2326/2070/2304 2389/2133/2366 2388/2132/2365
f 2326/2070/2304 2327/2071/2305 2390/2134/2367 2389/2133/2366
f 2327/2071/2305 2328/2072/2306 2391/2135/2368 2390/2134/2367
f 2328/2072/2306 2329/2073/2307 2392/2136/2369 2391/2135/2368
f 2329/2073/2307 2330/2074/2308 2393/2137/2370 2392/2136/2369
f 2330/2074/2308 2331/2075/2309 2394/2138/2371 2393/2137/2370
f 2331/2075/2309 2332/2076/2310 2395/2139/2372 2394/2138/2371
f 2332/2076/2310 2333/2077/2311 2396/2140/2373 2395/2139/2372
f 2333/2077/2311 2334/2078/2312 2397/2141/2374 2396/2140/2373
f 2334/2078/2312 2335/2079/2313 2398/2142/2375 2397/2141/2374
f 2336/2081/2314 2337/2080/2164 2400/2143/2377 2399/2144/2376
f 2337/2080/2164 2338/2082/2315 2401/2145/2378 2400/2143/2377
f 2338/2082/2315 2339/2083/2316 2402/2146/2379 2401/2145/2378
f 2339/2083/2316 2340/2084/2317 2403/2147/2380 2402/2146/2379
f 2340/2084/2317 2341/2085/2318 2404/2148/2381 2403/2147/2380
f 2341/2085/2318 2342/2086/2319 2405/2149/2382 2404/2148/2381
f 2342/2086/2319 2343/2087/2320 2406/2150/2383 2405/2149/2382
f 2343/2087/2320 2344/2088/2321 2407/2151/2384 2406/2150/2383
f 2344/2088/2321 2345/2089/2322 2408/2152/2385 2407/2151/2384
f 2345/2089/2322 2346/2090/2323 2409/2153/2386 2408/2152/2385
f 2346/2090/2323 2347/2091/2324 2410/2154/2387 2409/2153/2386
f 2347/2091/2324 2348/2092/2325 2411/2155/2388 2410/2154/2387
f 2348/2092/2325 2349/2093/2326 2412/2156/2389 2411/2155/2388
f 2349/2093/2326 2350/2094/2327 2413/2157/2390 2412/2156/2389
f 2350/2094/2327 2351/2095/2328 2414/2158/2391 2413/2157/2390
f 2351/2095/2328 2352/2096/2329 2415/2159/2392 2414/2158/2391
f 2352/2096/2329 2353/2097/2330 2416/2160/2393 2415/2159/2392
f 2353/2097/2330 2354/2098/2331 2417/2161/2394 2416/2160/2393
f 2354/2098/2331 2355/2099/2332 2418/2162/2395 2417/2161/2394
f 2355/2099/2332 2356/2100/2333 2419/2163/2396 2418/2162/2395
f 2356/2100/2333 2357/2101/2334 2420/2164/2397 2419/2163/2396
f 2357/2101/2334 2358/2102/2335 2421/2165/2398 2420/2164/2397
f 2358/2102/2335 2359/2103/2336 2422/2166/2399 2421/2165/2398
f 2359/2103/2336 2360/2104/2337 2423/2167/2400 2422/2166/2399
f 2360/2104/2337 2361/2105/2338 2424/2168/1729 2423/2167/2400
f 2361/2105/2338 2362/2106/2339 2425/2169/2401 2424/2168/1729
f 2362/2106/2339 2363/2107/2340 2426/2170/2402 2425/2169/2401
f 2363/2107/2340 2364/2108/2341 2427/2171/2403 2426/2170/2402
f 2364/2108/2341 2365/2109/2342 2428/2172/2404 2427/2171/2403
f 2365/2109/2342 2366/2110/2343 2429/2173/2405 2428/2172/2404
f 2366/2110/2343 2367/2111/2344 2430/2174/2406 2429/2173/2405
f 2367/2111/2344 2368/2112/2345 2431/2175/2407 2430/2174/2406
f 2368/2112/2345 2369/2113/2346 2432/2176/2408 2431/2175/2407
f 2369/2113/2346 2370/2114/2347 2433/2177/2409 2432/2176/2408
f 2370/2114/2347 2371/2115/2348 2434/2178/2410 2433/2177/2409
f 2371/2115/2348 2372/2116/2349 2435/2179/1444 2434/2178/2410
f 2372/2116/2349 2373/2117/2350 2436/2180/2411 2435/2179/1444
f 2373/2117/2350 2374/2118/2351 2437/2181/2412 2436/2180/2411
f 2374/2118/2351 2375/2119/2352 2438/2182/2413 2437/2181/2412
f 2375/2119/2352 2376/2120/2353 2439/2183/2414 2438/2182/2413
f 2376/2120/2353 2377/2121/2354 2440/2184/2415 2439/2183/2414
f 2377/2121/2354 2378/2122/2355 2441/2185/2416 2440/2184/2415
f 2378/2122/2355 2379/2123/2356 2442/2186/2417 2441/2185/2416
f 2379/2123/2356 2380/2124/2357 2443/2187/2418 2442/2186/2417
f 2380/2124/2357 2381/2125/2358 2444/2188/2419 2443/2187/2418
f 2381/2125/2358 2382/2126/2359 2445/2189/2420 2444/2188/2419
f 2382/2126/2359 2383/2127/2360 2446/2190/2421 2445/2189/2420
f 2383/2127/2360 2384/2128/2361 2447/2191/2422 2446/2190/2421
f 2384/2128/2361 2385/2129/2362 2448/2192/2423 2447/2191/2422
f 2385/2129/2362 2386/2130/2363 2449/2193/2424 2448/2192/2423
f 2386/2130/2363 2387/2131/2364 2450/2194/2425 2449/2193/2424
f 2387/2131/2364 2388/2132/2365 2451/2195/2426 2450/2194/2425
f 2388/2132/2365 2389/2133/2366 2452/2196/2427 2451/2195/2426
f 2389/2133/2366 2390/2134/2367 2453/2197/2428 2452/2196/2427
f 2390/2134/2367 2391/2135/2368 2454/2198/2429 2453/2197/2428
f 2391/2135/2368 2392/2136/2369 2455/2199/2430 2454/2198/2429
f 2392/2136/2369 2393/2137/2370 2456/2200/2431 2455/2199/2430
f 2393/2137/2370 2394/2138/2371 2457/2201/2432 2456/2200/2431
f 2394/2138/2371 2395/2139/2372 2458/2202/2433 2457/2201/2432
f 2395/2139/2372 2396/2140/2373 2459/2203/2434 2458/2202/2433
f 2396/2140/2373 2397/2141/2374 2460/2204/2435 2459/2203/2434
f 2397/2141/2374 2398/2142/2375 2461/2205/2436 2460/2204/2435
f 2399/2144/2376 2400/2143/2377 2463/2206/2438 2462/2207/2437
f 2400/2143/2377 2401/2145/2378 2464/2208/2439 2463/2206/2438
f 2401/2145/2378 2402/2146/2379 2465/2209/2440 2464/2208/2439
f 2402/2146/2379 2403/2147/2380 2466/2210/2441 2465/2209/2440
f 2403/2147/2380 2404/2148/2381 2467/2211/2442 2466/2210/2441
f 2404/2148/2381 2405/2149/2382 2468/2212/2443 2467/2211/2442
f 2405/2149/2382 2406/2150/2383 2469/2213/2444 2468/2212/2443
f 2406/2150/2383 2407/2151/2384 2470/2214/2445 2469/2213/2444
f 2407/2151/2384 2408/2152/2385 2471/2215/2446 2470/2214/2445
f 2408/2152/2385 2409/2153/2386 2472/2216/2447 2471/2215/2446
f 2409/2153/2386 2410/2154/2387 2473/2217/2448 2472/2216/2447
f 2410/2154/2387 2411/2155/2388 2474/2218/2449 2473/2217/2448
f 2411/2155/2388 2412/2156/2389 2475/2219/2450 2474/2218/2449
f 2412/2156/2389 2413/2157/2390 2476/2220/2451 2475/2219/2450
f 2413/2157/2390 2414/2158/2391 2477/2221/2452 2476/2220/2451
f 2414/2158/2391 2415/2159/2392 2478/2222/2453 2477/2221/2452
f 2415/2159/2392 2416/2160/2393 2479/2223/2454 2478/2222/2453
f 2416/2160/2393 2417/2161/2394 2480/2224/2455 2479/2223/2454
f 2417/2161/2394 2418/2162/2395 2481/2225/2456 2480/2224/2455
f 2418/2162/2395 2419/2163/2396 2482/2226/2457 2481/2225/2456
f 2419/2163/2396 2420/2164/2397 2483/2227/2458 2482/2226/2457
f 2420/2164/2397 2421/2165/2398 2484/2228/2459 2483/2227/2458
f 2421/2165/2398 2422/2166/2399 2485/2229/2460 2484/2228/2459
f 2422/2166/2399 2423/2167/2400 2486/2230/2461 2485/2229/2460
f 2423/2167/2400 2424/2168/1729 2487/2231/2462 2486/2230/2461
f 2424/2168/1729 2425/2169/2401 2488/2232/2463 2487/2231/2462
f 2425/2169/2401 2426/2170/2402 2489/2233/2464 2488/2232/2463
f 2426/2170/2402 2427/2171/2403 2490/2234/2465 2489/2233/2464
f 2427/2171/2403 2428/2172/2404 2491/2235/2466 2490/2234/2465
f 2428/2172/2404 2429/2173/2405 2492/2236/1922 2491/2235/2466
f 2429/2173/2405 2430/2174/2406 2493/2237/2467 2492/2236/1922
f 2430/2174/2406 2431/2175/2407 2494/2238/2468 2493/2237/2467
f 2431/2175/2407 2432/2176/2408 2495/2239/2469 2494/2238/2468
f 2432/2176/2408 2433/2177/2409 2496/2240/2470 2495/2239/2469
f 2433/2177/2409 2434/2178/2410 2497/2241/2471 2496/2240/2470
f 2434/2178/2410 2435/2179/1444 2498/2242/2472 2497/2241/2471
f 2435/2179/1444 2436/2180/2411 2499/2243/2473 2498/2242/2472
f 2436/2180/2411 2437/2181/2412 2500/2244/2474 2499/2243/2473
f 2437/2181/2412 2438/2182/2413 2501/2245/2475 2500/2244/2474
f 2438/2182/2413 2439/2183/2414 2502/2246/2476 2501/2245/2475
f 2439/2183/2414 2440/2184/2415 2503/2247/2477 2502/2246/2476
f 2440/2184/2415 2441/2185/2416 2504/2248/2478 2503/2247/2477
f 2441/2185/2416 2442/2186/2417 2505/2249/2479 2504/2248/2478
f 2442/2186/2417 2443/2187/2418 2506/2250/2480 2505/2249/2479
f 2443/2187/2418 2444/2188/2419 2507/2251/2481 2506/2250/2480
f 2444/2188/2419 2445/2189/2420 2508/2252/2482 2507/2251/2481
f 2445/2189/2420 2446/2190/2421 2509/2253/2483 2508/2252/2482
f 2446/2190/2421 2447/2191/2422 2510/2254/2484 2509/2253/2483
f 2447/2191/2422 2448/2192/2423 2511/2255/2485 2510/2254/2484
f 2448/2192/2423 2449/2193/2424 2512/2256/2486 2511/2255/2485
f 2449/2193/2424 2450/2194/2425 2513/2257/2487 2512/2256/2486
f 2450/2194/2425 2451/2195/2426 2514/2258/2488 2513/2257/2487
f 2451/2195/2426 2452/2196/2427 2515/2259/2489 2514/2258/2488
f 2452/2196/2427 2453/2197/2428 2516/2260/2490 2515/2259/2489
f 2453/2197/2428 2454/2198/2429 2517/2261/2491 2516/2260/2490
f 2454/2198/2429 2455/2199/2430 2518/2262/2492 2517/2261/2491
f 2455/2199/2430 2456/2200/2431 2519/2263/2493 2518/2262/2492
f 2456/2200/2431 2457/2201/2432 2520/2264/2494 2519/2263/2493
f 2457/2201/2432 2458/2202/2433 2521/2265/2495 2520/2264/2494
f 2458/2202/2433 2459/2203/2434 2522/2266/2496 2521/2265/2495
f 2459/2203/2434 2460/2204/2435 2523/2267/2497 2522/2266/2496
f 2460/2204/2435 2461/2205/2436 2524/2268/2498 2523/2267/2497
f 2462/2207/2437 2463/2206/2438 2526/2269/2500 2525/2270/2499
f 2463/2206/2438 2464/2208/2439 2527/2271/2501 2526/2269/2500
f 2464/2208/2439 2465/2209/2440 2528/2272/2502 2527/2271/2501
f 2465/2209/2440 2466/2210/2441 2529/2273/2503 2528/2272/2502
f 2466/2210/2441 2467/2211/2442 2530/2274/2504 2529/2273/2503
f 2467/2211/2442 2468/2212/2443 2531/2275/2505 2530/2274/2504
f 2468/2212/2443 2469/2213/2444 2532/2276/2506 2531/2275/2505
f 2469/2213/2444 2470/2214/2445 2533/2277/2507 2532/2276/2506
f 2470/2214/2445 2471/2215/2446 2534/2278/2508 2533/2277/2507
f 2471/2215/2446 2472/2216/2447 2535/2279/2509 2534/2278/2508
f 2472/2216/2447 2473/2217/2448 2536/2280/2510 2535/2279/2509
f 2473/2217/2448 2474/2218/2449 2537/2281/2511 2536/2280/2510
f 2474/2218/2449 2475/2219/2450 2538/2282/2512 2537/2281/2511
f 2475/2219/2450 2476/2220/2451 2539/2283/2513 2538/2282/2512
f 2476/2220/2451 2477/2221/2452 2540/2284/2514 2539/2283/2513
f 2477/2221/2452 2478/2222/2453 2541/2285/2515 2540/2284/2514
f 2478/2222/2453 2479/2223/2454 2542/2286/2516 2541/2285/2515
f 2479/2223/2454 2480/2224/2455 2543/2287/2517 2542/2286/2516
f 2480/2224/2455 2481/2225/2456 2544/2288/2518 2543/2287/2517
f 2481/2225/2456 2482/2226/2457 2545/2289/2519 2544/2288/2518
f 2482/2226/2457 2483/2227/2458 2546/2290/2520 2545/2289/2519
f 2483/2227/2458 2484/2228/2459 2547/2291/2521 2546/2290/2520
f 2484/2228/2459 2485/2229/2460 2548/2292/2522 2547/2291/2521
f 2485/2229/2460 2486/2230/2461 2549/2293/2523 2548/2292/2522
f 2486/2230/2461 2487/2231/2462 2550/2294/2524 2549/2293/2523
f 2487/2231/2462 2488/2232/2463 2551/2295/2525 2550/2294/2524
f 2488/2232/2463 2489/2233/2464 2552/2296/2526 2551/2295/2525
f 2489/2233/2464 2490/2234/2465 2553/2297/2527 2552/2296/2526
f 2490/2234/2465 2491/2235/2466 2554/2298/2528 2553/2297/2527
f 2491/2235/2466 2492/2236/1922 2555/2299/2529 2554/2298/2528
f 2492/2236/1922 2493/2237/2467 2556/2300/2530 2555/2299/2529
f 2493/2237/2467 2494/2238/2468 2557/2301/2531 2556/2300/2530
f 2494/2238/2468 2495/2239/2469 2558/2302/2532 2557/2301/2531
f 2495/2239/2469 2496/2240/2470 2559/2303/2533 2558/2302/2532
f 2496/2240/2470 2497/2241/2471 2560/2304/2534 2559/2303/2533
f 2497/2241/2471 2498/2242/2472 2561/2305/2535 2560/2304/2534
f 2498/2242/2472 2499/2243/2473 2562/2306/2536 2561/2305/2535
f 2499/2243/2473 2500/2244/2474 2563/2307/2537 2562/2306/2536
f 2500/2244/2474 2501/2245/2475 2564/2308/2538 2563/2307/2537
f 2501/2245/2475 2502/2246/2476 2565/2309/2539 2564/2308/2538
f 2502/2246/2476 2503/2247/2477 2566/2310/2540 2565/2309/2539
f 2503/2247/2477 2504/2248/2478 2567/2311/2541 2566/2310/2540
f 2504/2248/2478 2505/2249/2479 2568/2312/2542 2567/2311/2541
f 2505/2249/2479 2506/2250/2480 2569/2313/2543 2568/2312/2542
f 2506/2250/2480 2507/2251/2481 2570/2314/2544 2569/2313/2543
f 2507/2251/2481 2508/2252/2482 2571/2315/2545 2570/2314/2544
f 2508/2252/2482 2509/2253/2483 2572/2316/2546 2571/2315/2545
f 2509/2253/2483 2510/2254/2484 2573/2317/2547 2572/2316/2546
f 2510/2254/2484 2511/2255/2485 2574/2318/2548 2573/2317/2547
f 2511/2255/2485 2512/2256/2486 2575/2319/2549 2574/2318/2548
f 2512/2256/2486 2513/2257/2487 2576/2320/2550 2575/2319/2549
f 2513/2257/2487 2514/2258/2488 2577/2321/2551 2576/2320/2550
f 2514/2258/2488 2515/2259/2489 2578/2322/2552 2577/2321/2551
f 2515/2259/2489 2516/2260/2490 2579/2323/2553 2578/2322/2552
f 2516/2260/2490 2517/2261/2491 2580/2324/2554 2579/2323/2553
f 2517/2261/2491 2518/2262/2492 2581/2325/2555 2580/2324/2554
f 2518/2262/2492 2519/2263/2493 2582/2326/2556 2581/2325/2555
f 2519/2263/2493 2520/2264/2494 2583/2327/2557 2582/2326/2556
f 2520/2264/2494 2521/2265/2495 2584/2328/2558 2583/2327/2557
f 2521/2265/2495 2522/2266/2496 2585/2329/2559 2584/2328/2558
f 2522/2266/2496 2523/2267/2497 2586/2330/2560 2585/2329/2559
f 2523/2267/2497 2524/2268/2498 2587/2331/2561 2586/2330/2560
f 2525/2270/2499 2526/2269/2500 2589/2332/2563 2588/2333/2562
f 2526/2269/2500 2527/2271/2501 2590/2334/2564 2589/2332/2563
f 2527/2271/2501 2528/2272/2502 2591/2335/2565 2590/2334/2564
f 2528/2272/2502 2529/2273/2503 2592/2336/2566 2591/2335/2565
f 2529/2273/2503 2530/2274/2504 2593/2337/2567 2592/2336/2566
f 2530/2274/2504 2531/2275/2505 2594/2338/2568 2593/2337/2567
f 2531/2275/2505 2532/2276/2506 2595/2339/2569 2594/2338/2568
f 2532/2276/2506 2533/2277/2507 2596/2340/2570 2595/2339/2569
f 2533/2277/2507 2534/2278/2508 2597/2341/2571 2596/2340/2570
f 2534/2278/2508 2535/2279/2509 2598/2342/2572 2597/2341/2571
f 2535/2279/2509 2536/2280/2510 2599/2343/2573 2598/2342/2572
f 2536/2280/2510 2537/2281/2511 2600/2344/2574 2599/2343/2573
f 2537/2281/2511 2538/2282/2512 2601/2345/2575 2600/2344/2574
f 2538/2282/2512 2539/2283/2513 2602/2346/2576 2601/2345/2575
f 2539/2283/2513 2540/2284/2514 2603/2347/2577 2602/2346/2576
f 2540/2284/2514 2541/2285/2515 2604/2348/2578 2603/2347/2577
f 2541/2285/2515 2542/2286/2516 2605/2349/2579 2604/2348/2578
f 2542/2286/2516 2543/2287/2517 2606/2350/2580 2605/2349/2579
f 2543/2287/2517 2544/2288/2518 2607/2351/2581 2606/2350/2580
f 2544/2288/2518 2545/2289/2519 2608/2352/2582 2607/2351/2581
f 2545/2289/2519 2546/2290/2520 2609/2353/2583 2608/2352/2582
f 2546/2290/2520 2547/2291/2521 2610/2354/2163 2609/2353/2583
f 2547/2291/2521 2548/2292/2522 2611/2355/2584 2610/2354/2163
f 2548/2292/2522 2549/2293/2523 2612/2356/2585 2611/2355/2584
f 2549/2293/2523 2550/2294/2524 2613/2357/2586 2612/2356/2585
f 2550/2294/2524 2551/2295/2525 2614/2358/2587 2613/2357/2586
f 2551/2295/2525 2552/2296/2526 2615/2359/2588 2614/2358/2587
f 2552/2296/2526 2553/2297/2527 2616/2360/2589 2615/2359/2588
f 2553/2297/2527 2554/2298/2528 2617/2361/2590 2616/2360/2589
f 2554/2298/2528 2555/2299/2529 2618/2362/2591 2617/2361/2590
f 2555/2299/2529 2556/2300/2530 2619/2363/2592 2618/2362/2591
f 2556/2300/2530 2557/2301/2531 2620/2364/2593 2619/2363/2592
f 2557/2301/2531 2558/2302/2532 2621/2365/2594 2620/2364/2593
f 2558/2302/2532 2559/2303/2533 2622/2366/2595 2621/2365/2594
f 2559/2303/2533 2560/2304/2534 2623/2367/2596 2622/2366/2595
f 2560/2304/2534 2561/2305/2535 2624/2368/2597 2623/2367/2596
f 2561/2305/2535 2562/2306/2536 2625/2369/2598 2624/2368/2597
f 2562/2306/2536 2563/2307/2537 2626/2370/2599 2625/2369/2598
f 2563/2307/2537 2564/2308/2538 2627/2371/2600 2626/2370/2599
f 2564/2308/2538 2565/2309/2539 2628/2372/2601 2627/2371/2600
f 2565/2309/2539 2566/2310/2540 2629/2373/2602 2628/2372/2601
f 2566/2310/2540 2567/2311/2541 2630/2374/2603 2629/2373/2602
f 2567/2311/2541 2568/2312/2542 2631/2375/2604 2630/2374/2603
f 2568/2312/2542 2569/2313/2543 2632/2376/2605 2631/2375/2604
f 2569/2313/2543 2570/2314/2544 2633/2377/2606 2632/2376/2605
f 2570/2314/2544 2571/2315/2545 2634/2378/2607 2633/2377/2606
f 2571/2315/2545 2572/2316/2546 2635/2379/2608 2634/2378/2607
f 2572/2316/2546 2573/2317/2547 2636/2380/2609 2635/2379/2608
f 2573/2317/2547 2574/2318/2548 2637/2381/2610 2636/2380/2609
f 2574/2318/2548 2575/2319/2549 2638/2382/2611 2637/2381/2610
f 2575/2319/2549 2576/2320/2550 2639/2383/2612 2638/2382/2611
f 2576/2320/2550 2577/2321/2551 2640/2384/2613 2639/2383/2612
f 2577/2321/2551 2578/2322/2552 2641/2385/2614 2640/2384/2613
f 2578/2322/2552 2579/2323/2553 2642/2386/2615 2641/2385/2614
f 2579/2323/2553 2580/2324/2554 2643/2387/2616 2642/2386/2615
f 2580/2324/2554 2581/2325/2555 2644/2388/2617 2643/2387/2616
f 2581/2325/2555 2582/2326/2556 2645/2389/2618 2644/2388/2617
f 2582/2326/2556 2583/2327/2557 2646/2390/2619 2645/2389/2618
f 2583/2327/2557 2584/2328/2558 2647/2391/2620 2646/2390/2619
f 2584/2328/2558 2585/2329/2559 2648/2392/2621 2647/2391/2620
f 2585/2329/2559 2586/2330/2560 2649/2393/2622 2648/2392/2621
f 2586/2330/2560 2587/2331/2561 2650/2394/2623 2649/2393/2622
f 2588/2333/2562 2589/2332/2563 2652/2395/2625 2651/2396/2624
f 2589/2332/2563 2590/2334/2564 2653/2397/2626 2652/2395/2625
f 2590/2334/2564 2591/2335/2565 2654/2398/2627 2653/2397/2626
f 2591/2335/2565 2592/2336/2566 2655/2399/2628 2654/2398/2627
f 2592/2336/2566 2593/2337/2567 2656/2400/2629 2655/2399/2628
f 2593/2337/2567 2594/2338/2568 2657/2401/2630 2656/2400/2629
f 2594/2338/2568 2595/2339/2569 2658/2402/2631 2657/2401/2630
f 2595/2339/2569 2596/2340/2570 2659/2403/2632 2658/2402/2631
f 2596/2340/2570 2597/2341/2571 2660/2404/2633 2659/2403/2632
f 2597/2341/2571 2598/2342/2572 2661/2405/2634 2660/2404/2633
f 2598/2342/2572 2599/2343/2573 2662/2406/2635 2661/2405/2634
f 2599/2343/2573 2600/2344/2574 2663/2407/2636 2662/2406/2635
f 2600/2344/2574 2601/2345/2575 2664/2408/2637 2663/2407/2636
f 2601/2345/2575 2602/2346/2576 2665/2409/2638 2664/2408/2637
f 2602/2346/2576 2603/2347/2577 2666/2410/2639 2665/2409/2638
f 2603/2347/2577 2604/2348/2578 2667/2411/2640 2666/2410/2639
f 2604/2348/2578 2605/2349/2579 2668/2412/2641 2667/2411/2640
f 2605/2349/2579 2606/2350/2580 2669/2413/2642 2668/2412/2641
f 2606/2350/2580 2607/2351/2581 2670/2414/2411 2669/2413/2642
f 2607/2351/2581 2608/2352/2582 2671/2415/2643 2670/2414/2411
f 2608/2352/2582 2609/2353/2583 2672/2416/2644 2671/2415/2643
f 2609/2353/2583 2610/2354/2163 2673/2417/2645 2672/2416/2644
f 2610/2354/2163 2611/2355/2584 2674/2418/2646 2673/2417/2645
f 2611/2355/2584 2612/2356/2585 2675/2419/1432 2674/2418/2646
f 2612/2356/2585 2613/2357/2586 2676/2420/2467 2675/2419/1432
f 2613/2357/2586 2614/2358/2587 2677/2421/2647 2676/2420/2467
f 2614/2358/2587 2615/2359/2588 2678/2422/2648 2677/2421/2647
f 2615/2359/2588 2616/2360/2589 2679/2423/1164 2678/2422/2648
f 2616/2360/2589 2617/2361/2590 2680/2424/2649 2679/2423/1164
f 2617/2361/2590 2618/2362/2591 2681/2425/2650 2680/2424/2649
f 2618/2362/2591 2619/2363/2592 2682/2426/2651 2681/2425/2650
f 2619/2363/2592 2620/2364/2593 2683/2427/2652 2682/2426/2651
f 2620/2364/2593 2621/2365/2594 2684/2428/2653 2683/2427/2652
f 2621/2365/2594 2622/2366/2595 2685/2429/2654 2684/2428/2653
f 2622/2366/2595 2623/2367/2596 2686/2430/2655 2685/2429/2654
f 2623/2367/2596 2624/2368/2597 2687/2431/2656 2686/2430/2655
f 2624/2368/2597 2625/2369/2598 2688/2432/2657 2687/2431/2656
f 2625/2369/2598 2626/2370/2599 2689/2433/2658 2688/2432/2657
f 2626/2370/2599 2627/2371/2600 2690/2434/2659 2689/2433/2658
f 2627/2371/2600 2628/2372/2601 2691/2435/2660 2690/2434/2659
f 2628/2372/2601 2629/2373/2602 2692/2436/2661 2691/2435/2660
f 2629/2373/2602 2630/2374/2603 2693/2437/2662 2692/2436/2661
f 2630/2374/2603 2631/2375/2604 2694/2438/2663 2693/2437/2662
f 2631/2375/2604 2632/2376/2605 2695/2439/2664 2694/2438/2663
f 2632/2376/2605 2633/2377/2606 2696/2440/2665 2695/2439/2664
f 2633/2377/2606 2634/2378/2607 2697/2441/2666 2696/2440/2665
f 2634/2378/2607 2635/2379/2608 2698/2442/2667 2697/2441/2666
f 2635/2379/2608 2636/2380/2609 2699/2443/2668 2698/2442/2667
f 2636/2380/2609 2637/2381/2610 2700/2444/2669 2699/2443/2668
f 2637/2381/2610 2638/2382/2611 2701/2445/2670 2700/2444/2669
f 2638/2382/2611 2639/2383/2612 2702/2446/2671 2701/2445/2670
f 2639/2383/2612 2640/2384/2613 2703/2447/2672 2702/2446/2671
f 2640/2384/2613 2641/2385/2614 2704/2448/2673 2703/2447/2672
f 2641/2385/2614 2642/2386/2615 2705/2449/2674 2704/2448/2673
f 2642/2386/2615 2643/2387/2616 2706/2450/2675 2705/2449/2674
f 2643/2387/2616 2644/2388/2617 2707/2451/2676 2706/2450/2675
f 2644/2388/2617 2645/2389/2618 2708/2452/2677 2707/2451/2676
f 2645/2389/2618 2646/2390/2619 2709/2453/2678 2708/2452/2677
f 2646/2390/2619 2647/2391/2620 2710/2454/2679 2709/2453/2678
f 2647/2391/2620 2648/2392/2621 2711/2455/2680 2710/2454/2679
f 2648/2392/2621 2649/2393/2622 2712/2456/2681 2711/2455/2680
f 2649/2393/2622 2650/2394/2623 2713/2457/2682 2712/2456/2681
f 2651/2396/2624 2652/2395/2625 2715/2458/2684 2714/2459/2683
f 2652/2395/2625 2653/2397/2626 2716/2460/2685 2715/2458/2684
f 2653/2397/2626 2654/2398/2627 2717/2461/2686 2716/2460/2685
f 2654/2398/2627 2655/2399/2628 2718/2462/2687 2717/2461/2686
f 2655/2399/2628 2656/2400/2629 2719/2463/2688 2718/2462/2687
f 2656/2400/2629 2657/2401/2630 2720/2464/2689 2719/2463/2688
f 2657/2401/2630 2658/2402/2631 2721/2465/2690 2720/2464/2689
f 2658/2402/2631 2659/2403/2632 2722/2466/2691 2721/2465/2690
f 2659/2403/2632 2660/2404/2633 2723/2467/2692 2722/2466/2691
f 2660/2404/2633 2661/2405/2634 2724/2468/2693 2723/2467/2692
f 2661/2405/2634 2662/2406/2635 2725/2469/2694 2724/2468/2693
f 2662/2406/2635 2663/2407/2636 2726/2470/2695 2725/2469/2694
f 2663/2407/2636 2664/2408/2637 2727/2471/2696 2726/2470/2695
f 2664/2408/2637 2665/2409/2638 2728/2472/2697 2727/2471/2696
f 2665/2409/2638 2666/2410/2639 2729/2473/2698 2728/2472/2697
f 2666/2410/2639 2667/2411/2640 2730/2474/2699 2729/2473/2698
f 2667/2411/2640 2668/2412/2641 2731/2475/2700 2730/2474/2699
f 2668/2412/2641 2669/2413/2642 2732/2476/2701 2731/2475/2700
f 2669/2413/2642 2670/2414/2411 2733/2477/2702 2732/2476/2701
f 2670/2414/2411 2671/2415/2643 2734/2478/2703 2733/2477/2702
f 2671/2415/2643 2672/2416/2644 2735/2479/2704 2734/2478/2703
f 2672/2416/2644 2673/2417/2645 2736/2480/2705 2735/2479/2704
f 2673/2417/2645 2674/2418/2646 2737/2481/2706 2736/2480/2705
f 2674/2418/2646 2675/2419/1432 2738/2482/2707 2737/2481/2706
f 2675/2419/1432 2676/2420/2467 2739/2483/2708 2738/2482/2707
f 2676/2420/2467 2677/2421/2647 2740/2484/2709 2739/2483/2708
f 2677/2421/2647 2678/2422/2648 2741/2485/2710 2740/2484/2709
f 2678/2422/2648 2679/2423/1164 2742/2486/2711 2741/2485/2710
f 2679/2423/1164 2680/2424/2649 2743/2487/2712 2742/2486/2711
f 2680/2424/2649 2681/2425/2650 2744/2488/2713 2743/2487/2712
f 2681/2425/2650 2682/2426/2651 2745/2489/2714 2744/2488/2713
f 2682/2426/2651 2683/2427/2652 2746/2490/2715 2745/2489/2714
f 2683/2427/2652 2684/2428/2653 2747/2491/2716 2746/2490/2715
f 2684/2428/2653 2685/2429/2654 2748/2492/2717 2747/2491/2716
f 2685/2429/2654 2686/2430/2655 2749/2493/2718 2748/2492/2717
f 2686/2430/2655 2687/2431/2656 2750/2494/2719 2749/2493/2718
f 2687/2431/2656 2688/2432/2657 2751/2495/2720 2750/2494/2719
f 2688/2432/2657 2689/2433/2658 2752/2496/2721 2751/2495/2720
f 2689/2433/2658 2690/2434/2659 2753/2497/2722 2752/2496/2721
f 2690/2434/2659 2691/2435/2660 2754/2498/2723 2753/2497/2722
f 2691/2435/2660 2692/2436/2661 2755/2499/2724 2754/2498/2723
f 2692/2436/2661 2693/2437/2662 2756/2500/2725 2755/2499/2724
f 2693/2437/2662 2694/2438/2663 2757/2501/2726 2756/2500/2725
f 2694/2438/2663 2695/2439/2664 2758/2502/2727 2757/2501/2726
f 2695/2439/2664 2696/2440/2665 2759/2503/1508 2758/2502/2727
f 2696/2440/2665 2697/2441/2666 2760/2504/2728 2759/2503/1508
f 2697/2441/2666 2698/2442/2667 2761/2505/2729 2760/2504/2728
f 2698/2442/2667 2699/2443/2668 2762/2506/2730 2761/2505/2729
f 2699/2443/2668 2700/2444/2669 2763/2507/1371 2762/2506/2730
f 2700/2444/2669 2701/2445/2670 2764/2508/2731 2763/2507/1371
f 2701/2445/2670 2702/2446/2671 2765/2509/2732 2764/2508/2731
f 2702/2446/2671 2703/2447/2672 2766/2510/2733 2765/2509/2732
f 2703/2447/2672 2704/2448/2673 2767/2511/2734 2766/2510/2733
f 2704/2448/2673 2705/2449/2674 2768/2512/2735 2767/2511/2734
f 2705/2449/2674 2706/2450/2675 2769/2513/2736 2768/2512/2735
f 2706/2450/2675 2707/2451/2676 2770/2514/2737 2769/2513/2736
f 2707/2451/2676 2708/2452/2677 2771/2515/2738 2770/2514/2737
f 2708/2452/2677 2709/2453/2678 2772/2516/2739 2771/2515/2738
f 2709/2453/2678 2710/2454/2679 2773/2517/2740 2772/2516/2739
f 2710/2454/2679 2711/2455/2680 2774/2518/2741 2773/2517/2740
f 2711/2455/2680 2712/2456/2681 2775/2519/2742 2774/2518/2741
f 2712/2456/2681 2713/2457/2682 2776/2520/2743 2775/2519/2742
f 2714/2459/2683 2715/2458/2684 2778/2521/2745 2777/2522/2744
f 2715/2458/2684 2716/2460/2685 2779/2523/2746 2778/2521/2745
f 2716/2460/2685 2717/2461/2686 2780/2524/2747 2779/2523/2746
f 2717/2461/2686 2718/2462/2687 2781/2525/2748 2780/2524/2747
f 2718/2462/2687 2719/2463/2688 2782/2526/2749 2781/2525/2748
f 2719/2463/2688 2720/2464/2689 2783/2527/2750 2782/2526/2749
f 2720/2464/2689 2721/2465/2690 2784/2528/2751 2783/2527/2750
f 2721/2465/2690 2722/2466/2691 2785/2529/2752 2784/2528/2751
f 2722/2466/2691 2723/2467/2692 2786/2530/2753 2785/2529/2752
f 2723/2467/2692 2724/2468/2693 2787/2531/2754 2786/2530/2753
f 2724/2468/2693 2725/2469/2694 2788/2532/2755 2787/2531/2754
f 2725/2469/2694 2726/2470/2695 2789/2533/2756 2788/2532/2755
f 2726/2470/2695 2727/2471/2696 2790/2534/2757 2789/2533/2756
f 2727/2471/2696 2728/2472/2697 2791/2535/2758 2790/2534/2757
f 2728/2472/2697 2729/2473/2698 2792/2536/2759 2791/2535/2758
f 2729/2473/2698 2730/2474/2699 2793/2537/2760 2792/2536/2759
f 2730/2474/2699 2731/2475/2700 2794/2538/2761 2793/2537/2760
f 2731/2475/2700 2732/2476/2701 2795/2539/2762 2794/2538/2761
f 2732/2476/2701 2733/2477/2702 2796/2540/2763 2795/2539/2762
f 2733/2477/2702 2734/2478/2703 2797/2541/2764 2796/2540/2763
f 2734/2478/2703 2735/2479/2704 2798/2542/2765 2797/2541/2764
f 2735/2479/2704 2736/2480/2705 2799/2543/2766 2798/2542/2765
f 2736/2480/2705 2737/2481/2706 2800/2544/2702 2799/2543/2766
f 2737/2481/2706 2738/2482/2707 2801/2545/2767 2800/2544/2702
f 2738/2482/2707 2739/2483/2708 2802/2546/2768 2801/2545/2767
f 2739/2483/2708 2740/2484/2709 2803/2547/2769 2802/2546/2768
f 2740/2484/2709 2741/2485/2710 2804/2548/2770 2803/2547/2769
f 2741/2485/2710 2742/2486/2711 2805/2549/2771 2804/2548/2770
f 2742/2486/2711 2743/2487/2712 2806/2550/2772 2805/2549/2771
f 2743/2487/2712 2744/2488/2713 2807/2551/2773 2806/2550/2772
f 2744/2488/2713 2745/2489/2714 2808/2552/2774 2807/2551/2773
f 2745/2489/2714 2746/2490/2715 2809/2553/2775 2808/2552/2774
f 2746/2490/2715 2747/2491/2716 2810/2554/2776 2809/2553/2775
f 2747/2491/2716 2748/2492/2717 2811/2555/2777 2810/2554/2776
f 2748/2492/2717 2749/2493/2718 2812/2556/2778 2811/2555/2777
f 2749/2493/2718 2750/2494/2719 2813/2557/2779 2812/2556/2778
f 2750/2494/2719 2751/2495/2720 2814/2558/2780 2813/2557/2779
f 2751/2495/2720 2752/2496/2721 2815/2559/2781 2814/2558/2780
f 2752/2496/2721 2753/2497/2722 2816/2560/2782 2815/2559/2781
f 2753/2497/2722 2754/2498/2723 2817/2561/2783 2816/2560/2782
f 2754/2498/2723 2755/2499/2724 2818/2562/2784 2817/2561/2783
f 2755/2499/2724 2756/2500/2725 2819/2563/2785 2818/2562/2784
f 2756/2500/2725 2757/2501/2726 2820/2564/2786 2819/2563/2785
f 2757/2501/2726 2758/2502/2727 2821/2565/2787 2820/2564/2786
f 2758/2502/2727 2759/2503/1508 2822/2566/2788 2821/2565/2787
f 2759/2503/1508 2760/2504/2728 2823/2567/2789 2822/2566/2788
f 2760/2504/2728 2761/2505/2729 2824/2568/2790 2823/2567/2789
f 2761/2505/2729 2762/2506/2730 2825/2569/2791 2824/2568/2790
f 2762/2506/2730 2763/2507/1371 2826/2570/2792 2825/2569/2791
f 2763/2507/1371 2764/2508/2731 2827/2571/2793 2826/2570/2792
f 2764/2508/2731 2765/2509/2732 2828/2572/2794 2827/2571/2793
f 2765/2509/2732 2766/2510/2733 2829/2573/2795 2828/2572/2794
f 2766/2510/2733 2767/2511/2734 2830/2574/2796 2829/2573/2795
f 2767/2511/2734 2768/2512/2735 2831/2575/2797 2830/2574/2796
f 2768/2512/2735 2769/2513/2736 2832/2576/2798 2831/2575/2797
f 2769/2513/2736 2770/2514/2737 2833/2577/2799 2832/2576/2798
f 2770/2514/2737 2771/2515/2738 2834/2578/2800 2833/2577/2799
f 2771/2515/2738 2772/2516/2739 2835/2579/2801 2834/2578/2800
f 2772/2516/2739 2773/2517/2740 2836/2580/2802 2835/2579/2801
f 2773/2517/2740 2774/2518/2741 2837/2581/2803 2836/2580/2802
f 2774/2518/2741 2775/2519/2742 2838/2582/2804 2837/2581/2803
f 2775/2519/2742 2776/2520/2743 2839/2583/2805 2838/2582/2804
f 2777/2522/2744 2778/2521/2745 2841/2584/2807 2840/2585/2806
f 2778/2521/2745 2779/2523/2746 2842/2586/2808 2841/2584/2807
f 2779/2523/2746 2780/2524/2747 2843/2587/2809 2842/2586/2808
f 2780/2524/2747 2781/2525/2748 2844/2588/2810 2843/2587/2809
f 2781/2525/2748 2782/2526/2749 2845/2589/2811 2844/2588/2810
f 2782/2526/2749 2783/2527/2750 2846/2590/2812 2845/2589/2811
f 2783/2527/2750 2784/2528/2751 2847/2591/2813 2846/2590/2812
f 2784/2528/2751 2785/2529/2752 2848/2592/2814 2847/2591/2813
f 2785/2529/2752 2786/2530/2753 2849/2593/2815 2848/2592/2814
f 2786/2530/2753 2787/2531/2754 2850/2594/2816 2849/2593/2815
f 2787/2531/2754 2788/2532/2755 2851/2595/2817 2850/2594/2816
f 2788/2532/2755 2789/2533/2756 2852/2596/2818 2851/2595/2817
f 2789/2533/2756 2790/2534/2757 2853/2597/2819 2852/2596/2818
f 2790/2534/2757 2791/2535/2758 2854/2598/2820 2853/2597/2819
f 2791/2535/2758 2792/2536/2759 2855/2599/2821 2854/2598/2820
f 2792/2536/2759 2793/2537/2760 2856/2600/2822 2855/2599/2821
f 2793/2537/2760 2794/2538/2761 2857/2601/2823 2856/2600/2822
f 2794/2538/2761 2795/2539/2762 2858/2602/2824 2857/2601/2823
f 2795/2539/2762 2796/2540/2763 2859/2603/2825 2858/2602/2824
f 2796/2540/2763 2797/2541/2764 2860/2604/2826 2859/2603/2825
f 2797/2541/2764 2798/2542/2765 2861/2605/2827 2860/2604/2826
f 2798/2542/2765 2799/2543/2766 2862/2606/2828 2861/2605/2827
f 2799/2543/2766 2800/2544/2702 2863/2607/2829 2862/2606/2828
f 2800/2544/2702 2801/2545/2767 2864/2608/2830 2863/2607/2829
f 2801/2545/2767 2802/2546/2768 2865/2609/2831 2864/2608/2830
f 2802/2546/2768 2803/2547/2769 2866/2610/2832 2865/2609/2831
f 2803/2547/2769 2804/2548/2770 2867/2611/2833 2866/2610/2832
f 2804/2548/2770 2805/2549/2771 2868/2612/2834 2867/2611/2833
f 2805/2549/2771 2806/2550/2772 2869/2613/2835 2868/2612/2834
f 2806/2550/2772 2807/2551/2773 2870/2614/2836 2869/2613/2835
f 2807/2551/2773 2808/2552/2774 2871/2615/2837 2870/2614/2836
f 2808/2552/2774 2809/2553/2775 2872/2616/2838 2871/2615/2837
f 2809/2553/2775 2810/2554/2776 2873/2617/2839 2872/2616/2838
f 2810/2554/2776 2811/2555/2777 2874/2618/2840 2873/2617/2839
f 2811/2555/2777 2812/2556/2778 2875/2619/2841 2874/2618/2840
f 2812/2556/2778 2813/2557/2779 2876/2620/2842 2875/2619/2841
f 2813/2557/2779 2814/2558/2780 2877/2621/2843 2876/2620/2842
f 2814/2558/2780 2815/2559/2781 2878/2622/2844 2877/2621/2843
f 2815/2559/2781 2816/2560/2782 2879/2623/2845 2878/2622/2844
f 2816/2560/2782 2817/2561/2783 2880/2624/2846 2879/2623/2845
f 2817/2561/2783 2818/2562/2784 2881/2625/2847 2880/2624/2846
f 2818/2562/2784 2819/2563/2785 2882/2626/2848 2881/2625/2847
f 2819/2563/2785 2820/2564/2786 2883/2627/2849 2882/2626/2848
f 2820/2564/2786 2821/2565/2787 2884/2628/2850 2883/2627/2849
f 2821/2565/2787 2822/2566/2788 2885/2629/2851 2884/2628/2850
f 2822/2566/2788 2823/2567/2789 2886/2630/2852 2885/2629/2851
f 2823/2567/2789 2824/2568/2790 2887/2631/456 2886/2630/2852
f 2824/2568/2790 2825/2569/2791 2888/2632/2853 2887/2631/456
f 2825/2569/2791 2826/2570/2792 2889/2633/2854 2888/2632/2853
f 2826/2570/2792 2827/2571/2793 2890/2634/2855 2889/2633/2854
f 2827/2571/2793 2828/2572/2794 2891/2635/2856 2890/2634/2855
f 2828/2572/2794 2829/2573/2795 2892/2636/2857 2891/2635/2856
f 2829/2573/2795 2830/2574/2796 2893/2637/2858 2892/2636/2857
f 2830/2574/2796 2831/2575/2797 2894/2638/2859 2893/2637/2858
f 2831/2575/2797 2832/2576/2798 2895/2639/2860 2894/2638/2859
f 2832/2576/2798 2833/2577/2799 2896/2640/2861 2895/2639/2860
f 2833/2577/2799 2834/2578/2800 2897/2641/2862 2896/2640/2861
f 2834/2578/2800 2835/2579/2801 2898/2642/2863 2897/2641/2862
f 2835/2579/2801 2836/2580/2802 2899/2643/2864 2898/2642/2863
f 2836/2580/2802 2837/2581/2803 2900/2644/2865 2899/2643/2864
f 2837/2581/2803 2838/2582/2804 2901/2645/2866 2900/2644/2865
f 2838/2582/2804 2839/2583/2805 2902/2646/2867 2901/2645/2866
f 2840/2585/2806 2841/2584/2807 2904/2647/2869 2903/2648/2868
f 2841/2584/2807 2842/2586/2808 2905/2649/2870 2904/2647/2869
f 2842/2586/2808 2843/2587/2809 2906/2650/2871 2905/2649/2870
f 2843/2587/2809 2844/2588/2810 2907/2651/2872 2906/2650/2871
f 2844/2588/2810 2845/2589/2811 2908/2652/2873 2907/2651/2872
f 2845/2589/2811 2846/2590/2812 2909/2653/2874 2908/2652/2873
f 2846/2590/2812 2847/2591/2813 2910/2654/2875 2909/2653/2874
f 2847/2591/2813 2848/2592/2814 2911/2655/2876 2910/2654/2875
f 2848/2592/2814 2849/2593/2815 2912/2656/2877 2911/2655/2876
f 2849/2593/2815 2850/2594/2816 2913/2657/2878 2912/2656/2877
f 2850/2594/2816 2851/2595/2817 2914/2658/2879 2913/2657/2878
f 2851/2595/2817 2852/2596/2818 2915/2659/2880 2914/2658/2879
f 2852/2596/2818 2853/2597/2819 2916/2660/2881 2915/2659/2880
f 2853/2597/2819 2854/2598/2820 2917/2661/2882 2916/2660/2881
f 2854/2598/2820 2855/2599/2821 2918/2662/2883 2917/2661/2882
f 2855/2599/2821 2856/2600/2822 2919/2663/2884 2918/2662/2883
f 2856/2600/2822 2857/2601/2823 2920/2664/2885 2919/2663/2884
f 2857/2601/2823 2858/2602/2824 2921/2665/2886 2920/2664/2885
f 2858/2602/2824 2859/2603/2825 2922/2666/2887 2921/2665/2886
f 2859/2603/2825 2860/2604/2826 2923/2667/2888 2922/2666/2887
f 2860/2604/2826 2861/2605/2827 2924/2668/2889 2923/2667/2888
f 2861/2605/2827 2862/2606/2828 2925/2669/2890 2924/2668/2889
f 2862/2606/2828 2863/2607/2829 2926/2670/2891 2925/2669/2890
f 2863/2607/2829 2864/2608/2830 2927/2671/2892 2926/2670/2891
f 2864/2608/2830 2865/2609/2831 2928/2672/2893 2927/2671/2892
f 2865/2609/2831 2866/2610/2832 2929/2673/2894 2928/2672/2893
f 2866/2610/2832 2867/2611/2833 2930/2674/2895 2929/2673/2894
f 2867/2611/2833 2868/2612/2834 2931/2675/2896 2930/2674/2895
f 2868/2612/2834 2869/2613/2835 2932/2676/2897 2931/2675/2896
f 2869/2613/2835 2870/2614/2836 2933/2677/2898 2932/2676/2897
f 2870/2614/2836 2871/2615/2837 2934/2678/2899 2933/2677/2898
f 2871/2615/2837 2872/2616/2838 2935/2679/2900 2934/2678/2899
f 2872/2616/2838 2873/2617/2839 2936/2680/2901 2935/2679/2900
f 2873/2617/2839 2874/2618/2840 2937/2681/2902 2936/2680/2901
f 2874/2618/2840 2875/2619/2841 2938/2682/2903 2937/2681/2902
f 2875/2619/2841 2876/2620/2842 2939/2683/2904 2938/2682/2903
f 2876/2620/2842 2877/2621/2843 2940/2684/2905 2939/2683/2904
f 2877/2621/2843 2878/2622/2844 2941/2685/2906 2940/2684/2905
f 2878/2622/2844 2879/2623/2845 2942/2686/2907 2941/2685/2906
f 2879/2623/2845 2880/2624/2846 2943/2687/2908 2942/2686/2907
f 2880/2624/2846 2881/2625/2847 2944/2688/2909 2943/2687/2908
f 2881/2625/2847 2882/2626/2848 2945/2689/2910 2944/2688/2909
f 2882/2626/2848 2883/2627/2849 2946/2690/2911 2945/2689/2910
f 2883/2627/2849 2884/2628/2850 2947/2691/2912 2946/2690/2911
f 2884/2628/2850 2885/2629/2851 2948/2692/2913 2947/2691/2912
f 2885/2629/2851 2886/2630/2852 2949/2693/2914 2948/2692/2913
f 2886/2630/2852 2887/2631/456 2950/2694/2915 2949/2693/2914
f 2887/2631/456 2888/2632/2853 2951/2695/2916 2950/2694/2915
f 2888/2632/2853 2889/2633/2854 2952/2696/2917 2951/2695/2916
f 2889/2633/2854 2890/2634/2855 2953/2697/2918 2952/2696/2917
f 2890/2634/2855 2891/2635/2856 2954/2698/2919 2953/2697/2918
f 2891/2635/2856 2892/2636/2857 2955/2699/2920 2954/2698/2919
f 2892/2636/2857 2893/2637/2858 2956/2700/2921 2955/2699/2920
f 2893/2637/2858 2894/2638/2859 2957/2701/2922 2956/2700/2921
f 2894/2638/2859 2895/2639/2860 2958/2702/2923 2957/2701/2922
f 2895/2639/2860 2896/2640/2861 2959/2703/2924 2958/2702/2923
f 2896/2640/2861 2897/2641/2862 2960/2704/2925 2959/2703/2924
f 2897/2641/2862 2898/2642/2863 2961/2705/2926 2960/2704/2925
f 2898/2642/2863 2899/2643/2864 2962/2706/2927 2961/2705/2926
f 2899/2643/2864 2900/2644/2865 2963/2707/2928 2962/2706/2927
f 2900/2644/2865 2901/2645/2866 2964/2708/2929 2963/2707/2928
f 2901/2645/2866 2902/2646/2867 2965/2709/2930 2964/2708/2929
f 2903/2648/2868 2904/2647/2869 2967/2710/2932 2966/2711/2931
f 2904/2647/2869 2905/2649/2870 2968/2712/2933 2967/2710/2932
f 2905/2649/2870 2906/2650/2871 2969/2713/2934 2968/2712/2933
f 2906/2650/2871 2907/2651/2872 2970/2714/2935 2969/2713/2934
f 2907/2651/2872 2908/2652/2873 2971/2715/2936 2970/2714/2935
f 2908/2652/2873 2909/2653/2874 2972/2716/2937 2971/2715/2936
f 2909/2653/2874 2910/2654/2875 2973/2717/2938 2972/2716/2937
f 2910/2654/2875 2911/2655/2876 2974/2718/2939 2973/2717/2938
f 2911/2655/2876 2912/2656/2877 2975/2719/2940 2974/2718/2939
f 2912/2656/2877 2913/2657/2878 2976/2720/2941 2975/2719/2940
f 2913/2657/2878 2914/2658/2879 2977/2721/2942 2976/2720/2941
f 2914/2658/2879 2915/2659/2880 2978/2722/2943 2977/2721/2942
f 2915/2659/2880 2916/2660/2881 2979/2723/2944 2978/2722/2943
f 2916/2660/2881 2917/2661/2882 2980/2724/2945 2979/2723/2944
f 2917/2661/2882 2918/2662/2883 2981/2725/2946 2980/2724/2945
f 2918/2662/2883 2919/2663/2884 2982/2726/2947 2981/2725/2946
f 2919/2663/2884 2920/2664/2885 2983/2727/2948 2982/2726/2947
f 2920/2664/2885 2921/2665/2886 2984/2728/2949 2983/2727/2948
f 2921/2665/2886 2922/2666/2887 2985/2729/2950 2984/2728/2949
f 2922/2666/2887 2923/2667/2888 2986/2730/2951 2985/2729/2950
f 2923/2667/2888 2924/2668/2889 2987/2731/2952 2986/2730/2951
f 2924/2668/2889 2925/2669/2890 2988/2732/2953 2987/2731/2952
f 2925/2669/2890 2926/2670/2891 2989/2733/2154 2988/2732/2953
f 2926/2670/2891 2927/2671/2892 2990/2734/2954 2989/2733/2154
f 2927/2671/2892 2928/2672/2893 2991/2735/2955 2990/2734/2954
f 2928/2672/2893 2929/2673/2894 2992/2736/2956 2991/2735/2955
f 2929/2673/2894 2930/2674/2895 2993/2737/1786 2992/2736/2956
f 2930/2674/2895 2931/2675/2896 2994/2738/2957 2993/2737/1786
f 2931/2675/2896 2932/2676/2897 2995/2739/2958 2994/2738/2957
f 2932/2676/2897 2933/2677/2898 2996/2740/2959 2995/2739/2958
f 2933/2677/2898 2934/2678/2899 2997/2741/2960 2996/2740/2959
f 2934/2678/2899 2935/2679/2900 2998/2742/2961 2997/2741/2960
f 2935/2679/2900 2936/2680/2901 2999/2743/2962 2998/2742/2961
f 2936/2680/2901 2937/2681/2902 3000/2744/2963 2999/2743/2962
f 2937/2681/2902 2938/2682/2903 3001/2745/2964 3000/2744/2963
f 2938/2682/2903 2939/2683/2904 3002/2746/2965 3001/2745/2964
f 2939/2683/2904 2940/2684/2905 3003/2747/2966 3002/2746/2965
f 2940/2684/2905 2941/2685/2906 3004/2748/2967 3003/2747/2966
f 2941/2685/2906 2942/2686/2907 3005/2749/2968 3004/2748/2967
f 2942/2686/2907 2943/2687/2908 3006/2750/2969 3005/2749/2968
f 2943/2687/2908 2944/2688/2909 3007/2751/463 3006/2750/2969
f 2944/2688/2909 2945/2689/2910 3008/2752/2970 3007/2751/463
f 2945/2689/2910 2946/2690/2911 3009/2753/2971 3008/2752/2970
f 2946/2690/2911 2947/2691/2912 3010/2754/2972 3009/2753/2971
f 2947/2691/2912 2948/2692/2913 3011/2755/2973 3010/2754/2972
f 2948/2692/2913 2949/2693/2914 3012/2756/2974 3011/2755/2973
f 2949/2693/2914 2950/2694/2915 3013/2757/2975 3012/2756/2974
f 2950/2694/2915 2951/2695/2916 3014/2758/2976 3013/2757/2975
f 2951/2695/2916 2952/2696/2917 3015/2759/2977 3014/2758/2976
f 2952/2696/2917 2953/2697/2918 3016/2760/2978 3015/2759/2977
f 2953/2697/2918 2954/2698/2919 3017/2761/2979 3016/2760/2978
f 2954/2698/2919 2955/2699/2920 3018/2762/2980 3017/2761/2979
f 2955/2699/2920 2956/2700/2921 3019/2763/2981 3018/2762/2980
f 2956/2700/2921 2957/2701/2922 3020/2764/2982 3019/2763/2981
f 2957/2701/2922 2958/2702/2923 3021/2765/2983 3020/2764/2982
f 2958/2702/2923 2959/2703/2924 3022/2766/2984 3021/2765/2983
f 2959/2703/2924 2960/2704/2925 3023/2767/2985 3022/2766/2984
f 2960/2704/2925 2961/2705/2926 3024/2768/2986 3023/2767/2985
f 2961/2705/2926 2962/2706/2927 3025/2769/2987 3024/2768/2986
f 2962/2706/2927 2963/2707/2928 3026/2770/2988 3025/2769/2987
f 2963/2707/2928 2964/2708/2929 3027/2771/2989 3026/2770/2988
f 2964/2708/2929 2965/2709/2930 3028/2772/2990 3027/2771/2989
f 2966/2711/2931 2967/2710/2932 3030/2773/2992 3029/2774/2991
f 2967/2710/2932 2968/2712/2933 3031/2775/2993 3030/2773/2992
f 2968/2712/2933 2969/2713/2934 3032/2776/2994 3031/2775/2993
f 2969/2713/2934 2970/2714/2935 3033/2777/2995 3032/2776/2994
f 2970/2714/2935 2971/2715/2936 3034/2778/2996 3033/2777/2995
f 2971/2715/2936 2972/2716/2937 3035/2779/2997 3034/2778/2996
f 2972/2716/2937 2973/2717/2938 3036/2780/2998 3035/2779/2997
f 2973/2717/2938 2974/2718/2939 3037/2781/2999 3036/2780/2998
f 2974/2718/2939 2975/2719/2940 3038/2782/3000 3037/2781/2999
f 2975/2719/2940 2976/2720/2941 3039/2783/3001 3038/2782/3000
f 2976/2720/2941 2977/2721/2942 3040/2784/3002 3039/2783/3001
f 2977/2721/2942 2978/2722/2943 3041/2785/3003 3040/2784/3002
f 2978/2722/2943 2979/2723/2944 3042/2786/3004 3041/2785/3003
f 2979/2723/2944 2980/2724/2945 3043/2787/3005 3042/2786/3004
f 2980/2724/2945 2981/2725/2946 3044/2788/3006 3043/2787/3005
f 2981/2725/2946 2982/2726/2947 3045/2789/3007 3044/2788/3006
f 2982/2726/2947 2983/2727/2948 3046/2790/3008 3045/2789/3007
f 2983/2727/2948 2984/2728/2949 3047/2791/3009 3046/2790/3008
f 2984/2728/2949 2985/2729/2950 3048/2792/3010 3047/2791/3009
f 2985/2729/2950 2986/2730/2951 3049/2793/3011 3048/2792/3010
f 2986/2730/2951 2987/2731/2952 3050/2794/3012 3049/2793/3011
f 2987/2731/2952 2988/2732/2953 3051/2795/3013 3050/2794/3012
f 2988/2732/2953 2989/2733/2154 3052/2796/3014 3051/2795/3013
f 2989/2733/2154 2990/2734/2954 3053/2797/3015 3052/2796/3014
f 2990/2734/2954 2991/2735/2955 3054/2798/3016 3053/2797/3015
f 2991/2735/2955 2992/2736/2956 3055/2799/3017 3054/2798/3016
f 2992/2736/2956 2993/2737/1786 3056/2800/3018 3055/2799/3017
f 2993/2737/1786 2994/2738/2957 3057/2801/3019 3056/2800/3018
f 2994/2738/2957 2995/2739/2958 3058/2802/3020 3057/2801/3019
f 2995/2739/2958 2996/2740/2959 3059/2803/3007 3058/2802/3020
f 2996/2740/2959 2997/2741/2960 3060/2804/3021 3059/2803/3007
f 2997/2741/2960 2998/2742/2961 3061/2805/3022 3060/2804/3021
f 2998/2742/2961 2999/2743/2962 3062/2806/3023 3061/2805/3022
f 2999/2743/2962 3000/2744/2963 3063/2807/3024 3062/2806/3023
f 3000/2744/2963 3001/2745/2964 3064/2808/3025 3063/2807/3024
f 3001/2745/2964 3002/2746/2965 3065/2809/3026 3064/2808/3025
f 3002/2746/2965 3003/2747/2966 3066/2810/3027 3065/2809/3026
f 3003/2747/2966 3004/2748/2967 3067/2811/3028 3066/2810/3027
f 3004/2748/2967 3005/2749/2968 3068/2812/3029 3067/2811/3028
f 3005/2749/2968 3006/2750/2969 3069/2813/3030 3068/2812/3029
f 3006/2750/2969 3007/2751/463 3070/2814/3031 3069/2813/3030
f 3007/2751/463 3008/2752/2970 3071/2815/3032 3070/2814/3031
f 3008/2752/2970 3009/2753/2971 3072/2816/3033 3071/2815/3032
f 3009/2753/2971 3010/2754/2972 3073/2817/3034 3072/2816/3033
f 3010/2754/2972 3011/2755/2973 3074/2818/3035 3073/2817/3034
f 3011/2755/2973 3012/2756/2974 3075/2819/3036 3074/2818/3035
f 3012/2756/2974 3013/2757/2975 3076/2820/3037 3075/2819/3036
f 3013/2757/2975 3014/2758/2976 3077/2821/3038 3076/2820/3037
f 3014/2758/2976 3015/2759/2977 3078/2822/3039 3077/2821/3038
f 3015/2759/2977 3016/2760/2978 3079/2823/3040 3078/2822/3039
f 3016/2760/2978 3017/2761/2979 3080/2824/3041 3079/2823/3040
f 3017/2761/2979 3018/2762/2980 3081/2825/3042 3080/2824/3041
f 3018/2762/2980 3019/2763/2981 3082/2826/3043 3081/2825/3042
f 3019/2763/2981 3020/2764/2982 3083/2827/3044 3082/2826/3043
f 3020/2764/2982 3021/2765/2983 3084/2828/3045 3083/2827/3044
f 3021/2765/2983 3022/2766/2984 3085/2829/3046 3084/2828/3045
f 3022/2766/2984 3023/2767/2985 3086/2830/3047 3085/2829/3046
f 3023/2767/2985 3024/2768/2986 3087/2831/3048 3086/2830/3047
f 3024/2768/2986 3025/2769/2987 3088/2832/3049 3087/2831/3048
f 3025/2769/2987 3026/2770/2988 3089/2833/3050 3088/2832/3049
f 3026/2770/2988 3027/2771/2989 3090/2834/3051 3089/2833/3050
f 3027/2771/2989 3028/2772/2990 3091/2835/3052 3090/2834/3051
f 3029/2774/2991 3030/2773/2992 3093/2836/3054 3092/2837/3053
f 3030/2773/2992 3031/2775/2993 3094/2838/3055 3093/2836/3054
f 3031/2775/2993 3032/2776/2994 3095/2839/3056 3094/2838/3055
f 3032/2776/2994 3033/2777/2995 3096/2840/3057 3095/2839/3056
f 3033/2777/2995 3034/2778/2996 3097/2841/3058 3096/2840/3057
f 3034/2778/2996 3035/2779/2997 3098/2842/3059 3097/2841/3058
f 3035/2779/2997 3036/2780/2998 3099/2843/3060 3098/2842/3059
f 3036/2780/2998 3037/2781/2999 3100/2844/3061 3099/2843/3060
f 3037/2781/2999 3038/2782/3000 3101/2845/3062 3100/2844/3061
f 3038/2782/3000 3039/2783/3001 3102/2846/3063 3101/2845/3062
f 3039/2783/3001 3040/2784/3002 3103/2847/3064 3102/2846/3063
f 3040/2784/3002 3041/2785/3003 3104/2848/3065 3103/2847/3064
f 3041/2785/3003 3042/2786/3004 3105/2849/3066 3104/2848/3065
f 3042/2786/3004 3043/2787/3005 3106/2850/3067 3105/2849/3066
f 3043/2787/3005 3044/2788/3006 3107/2851/3068 3106/2850/3067
f 3044/2788/3006 3045/2789/3007 3108/2852/3069 3107/2851/3068
f 3045/2789/3007 3046/2790/3008 3109/2853/3070 3108/2852/3069
f 3046/2790/3008 3047/2791/3009 3110/2854/3071 3109/2853/3070
f 3047/2791/3009 3048/2792/3010 3111/2855/3072 3110/2854/3071
f 3048/2792/3010 3049/2793/3011 3112/2856/3073 3111/2855/3072
f 3049/2793/3011 3050/2794/3012 3113/2857/3074 3112/2856/3073
f 3050/2794/3012 3051/2795/3013 3114/2858/3075 3113/2857/3074
f 3051/2795/3013 3052/2796/3014 3115/2859/3076 3114/2858/3075
f 3052/2796/3014 3053/2797/3015 3116/2860/3077 3115/2859/3076
f 3053/2797/3015 3054/2798/3016 3117/2861/3078 3116/2860/3077
f 3054/2798/3016 3055/2799/3017 3118/2862/3079 3117/2861/3078
f 3055/2799/3017 3056/2800/3018 3119/2863/3080 3118/2862/3079
f 3056/2800/3018 3057/2801/3019 3120/2864/3081 3119/2863/3080
f 3057/2801/3019 3058/2802/3020 3121/2865/1661 3120/2864/3081
f 3058/2802/3020 3059/2803/3007 3122/2866/3082 3121/2865/1661
f 3059/2803/3007 3060/2804/3021 3123/2867/3083 3122/2866/3082
f 3060/2804/3021 3061/2805/3022 3124/2868/3084 3123/2867/3083
f 3061/2805/3022 3062/2806/3023 3125/2869/3085 3124/2868/3084
f 3062/2806/3023 3063/2807/3024 3126/2870/3086 3125/2869/3085
f 3063/2807/3024 3064/2808/3025 3127/2871/3087 3126/2870/3086
f 3064/2808/3025 3065/2809/3026 3128/2872/3088 3127/2871/3087
f 3065/2809/3026 3066/2810/3027 3129/2873/3089 3128/2872/3088
f 3066/2810/3027 3067/2811/3028 3130/2874/3090 3129/2873/3089
f 3067/2811/3028 3068/2812/3029 3131/2875/3091 3130/2874/3090
f 3068/2812/3029 3069/2813/3030 3132/2876/3092 3131/2875/3091
f 3069/2813/3030 3070/2814/3031 3133/2877/3093 3132/2876/3092
f 3070/2814/3031 3071/2815/3032 3134/2878/3094 3133/2877/3093
f 3071/2815/3032 3072/2816/3033 3135/2879/3095 3134/2878/3094
f 3072/2816/3033 3073/2817/3034 3136/2880/3096 3135/2879/3095
f 3073/2817/3034 3074/2818/3035 3137/2881/3097 3136/2880/3096
f 3074/2818/3035 3075/2819/3036 3138/2882/3098 3137/2881/3097
f 3075/2819/3036 3076/2820/3037 3139/2883/3099 3138/2882/3098
f 3076/2820/3037 3077/2821/3038 3140/2884/3100 3139/2883/3099
f 3077/2821/3038 3078/2822/3039 3141/2885/3101 3140/2884/3100
f 3078/2822/3039 3079/2823/3040 3142/2886/3102 3141/2885/3101
f 3079/2823/3040 3080/2824/3041 3143/2887/3103 3142/2886/3102
f 3080/2824/3041 3081/2825/3042 3144/2888/3104 3143/2887/3103
f 3081/2825/3042 3082/2826/3043 3145/2889/3105 3144/2888/3104
f 3082/2826/3043 3083/2827/3044 3146/2890/3106 3145/2889/3105
f 3083/2827/3044 3084/2828/3045 3147/2891/3107 3146/2890/3106
f 3084/2828/3045 3085/2829/3046 3148/2892/3108 3147/2891/3107
f 3085/2829/3046 3086/2830/3047 3149/2893/3109 3148/2892/3108
f 3086/2830/3047 3087/2831/3048 3150/2894/3110 3149/2893/3109
f 3087/2831/3048 3088/2832/3049 3151/2895/3111 3150/2894/3110
f 3088/2832/3049 3089/2833/3050 3152/2896/3112 3151/2895/3111
f 3089/2833/3050 3090/2834/3051 3153/2897/3113 3152/2896/3112
f 3090/2834/3051 3091/2835/3052 3154/2898/3114 3153/2897/3113
f 3092/2837/3053 3093/2836/3054 3156/2899/3116 3155/2900/3115
f 3093/2836/3054 3094/2838/3055 3157/2901/3117 3156/2899/3116
f 3094/2838/3055 3095/2839/3056 3158/2902/3118 3157/2901/3117
f 3095/2839/3056 3096/2840/3057 3159/2903/3119 3158/2902/3118
f 3096/2840/3057 3097/2841/3058 3160/2904/3120 3159/2903/3119
f 3097/2841/3058 3098/2842/3059 3161/2905/3121 3160/2904/3120
f 3098/2842/3059 3099/2843/3060 3162/2906/3122 3161/2905/3121
f 3099/2843/3060 3100/2844/3061 3163/2907/3123 3162/2906/3122
f 3100/2844/3061 3101/2845/3062 3164/2908/3124 3163/2907/3123
f 3101/2845/3062 3102/2846/3063 3165/2909/3125 3164/2908/3124
f 3102/2846/3063 3103/2847/3064 3166/2910/3126 3165/2909/3125
f 3103/2847/3064 3104/2848/3065 3167/2911/3127 3166/2910/3126
f 3104/2848/3065 3105/2849/3066 3168/2912/3128 3167/2911/3127
f 3105/2849/3066 3106/2850/3067 3169/2913/3129 3168/2912/3128
f 3106/2850/3067 3107/2851/3068 3170/2914/3130 3169/2913/3129
f 3107/2851/3068 3108/2852/3069 3171/2915/3131 3170/2914/3130
f 3108/2852/3069 3109/2853/3070 3172/2916/3132 3171/2915/3131
f 3109/2853/3070 3110/2854/3071 3173/2917/3133 3172/2916/3132
f 3110/2854/3071 3111/2855/3072 3174/2918/3134 3173/2917/3133
f 3111/2855/3072 3112/2856/3073 3175/2919/3135 3174/2918/3134
f 3112/2856/3073 3113/2857/3074 3176/2920/3136 3175/2919/3135
f 3113/2857/3074 3114/2858/3075 3177/2921/3137 3176/2920/3136
f 3114/2858/3075 3115/2859/3076 3178/2922/3138 3177/2921/3137
f 3115/2859/3076 3116/2860/3077 3179/2923/3139 3178/2922/3138
f 3116/2860/3077 3117/2861/3078 3180/2924/3140 3179/2923/3139
f 3117/2861/3078 3118/2862/3079 3181/2925/3141 3180/2924/3140
f 3118/2862/3079 3119/2863/3080 3182/2926/3142 3181/2925/3141
f 3119/2863/3080 3120/2864/3081 3183/2927/3143 3182/2926/3142
f 3120/2864/3081 3121/2865/1661 3184/2928/3144 3183/2927/3143
f 3121/2865/1661 3122/2866/3082 3185/2929/3145 3184/2928/3144
f 3122/2866/3082 3123/2867/3083 3186/2930/3146 3185/2929/3145
f 3123/2867/3083 3124/2868/3084 3187/2931/2525 3186/2930/3146
f 3124/2868/3084 3125/2869/3085 3188/2932/3147 3187/2931/2525
f 3125/2869/3085 3126/2870/3086 3189/2933/3148 3188/2932/3147
f 3126/2870/3086 3127/2871/3087 3190/2934/2827 3189/2933/3148
f 3127/2871/3087 3128/2872/3088 3191/2935/3149 3190/2934/2827
f 3128/2872/3088 3129/2873/3089 3192/2936/3150 3191/2935/3149
f 3129/2873/3089 3130/2874/3090 3193/2937/3151 3192/2936/3150
f 3130/2874/3090 3131/2875/3091 3194/2938/3152 3193/2937/3151
f 3131/2875/3091 3132/2876/3092 3195/2939/3153 3194/2938/3152
f 3132/2876/3092 3133/2877/3093 3196/2940/3154 3195/2939/3153
f 3133/2877/3093 3134/2878/3094 3197/2941/3155 3196/2940/3154
f 3134/2878/3094 3135/2879/3095 3198/2942/3156 3197/2941/3155
f 3135/2879/3095 3136/2880/3096 3199/2943/3157 3198/2942/3156
f 3136/2880/3096 3137/2881/3097 3200/2944/3158 3199/2943/3157
f 3137/2881/3097 3138/2882/3098 3201/2945/3159 3200/2944/3158
f 3138/2882/3098 3139/2883/3099 3202/2946/3160 3201/2945/3159
f 3139/2883/3099 3140/2884/3100 3203/2947/3161 3202/2946/3160
f 3140/2884/3100 3141/2885/3101 3204/2948/3162 3203/2947/3161
f 3141/2885/3101 3142/2886/3102 3205/2949/3163 3204/2948/3162
f 3142/2886/3102 3143/2887/3103 3206/2950/3164 3205/2949/3163
f 3143/2887/3103 3144/2888/3104 3207/2951/3165 3206/2950/3164
f 3144/2888/3104 3145/2889/3105 3208/2952/3166 3207/2951/3165
f 3145/2889/3105 3146/2890/3106 3209/2953/3167 3208/2952/3166
f 3146/2890/3106 3147/2891/3107 3210/2954/3168 3209/2953/3167
f 3147/2891/3107 3148/2892/3108 3211/2955/3169 3210/2954/3168
f 3148/2892/3108 3149/2893/3109 3212/2956/3170 3211/2955/3169
f 3149/2893/3109 3150/2894/3110 3213/2957/3171 3212/2956/3170
f 3150/2894/3110 3151/2895/3111 3214/2958/3172 3213/2957/3171
f 3151/2895/3111 3152/2896/3112 3215/2959/3173 3214/2958/3172
f 3152/2896/3112 3153/2897/3113 3216/2960/3174 3215/2959/3173
f 3153/2897/3113 3154/2898/3114 3217/2961/3175 3216/2960/3174
f 3155/2900/3115 3156/2899/3116 3219/2962/3177 3218/2963/3176
f 3156/2899/3116 3157/2901/3117 3220/2964/3178 3219/2962/3177
f 3157/2901/3117 3158/2902/3118 3221/2965/3179 3220/2964/3178
f 3158/2902/3118 3159/2903/3119 3222/2966/3180 3221/2965/3179
f 3159/2903/3119 3160/2904/3120 3223/2967/3181 3222/2966/3180
f 3160/2904/3120 3161/2905/3121 3224/2968/3182 3223/2967/3181
f 3161/2905/3121 3162/2906/3122 3225/2969/3183 3224/2968/3182
f 3162/2906/3122 3163/2907/3123 3226/2970/3184 3225/2969/3183
f 3163/2907/3123 3164/2908/3124 3227/2971/3185 3226/2970/3184
f 3164/2908/3124 3165/2909/3125 3228/2972/3186 3227/2971/3185
f 3165/2909/3125 3166/2910/3126 3229/2973/3187 3228/2972/3186
f 3166/2910/3126 3167/2911/3127 3230/2974/3188 3229/2973/3187
f 3167/2911/3127 3168/2912/3128 3231/2975/3189 3230/2974/3188
f 3168/2912/3128 3169/2913/3129 3232/2976/3190 3231/2975/3189
f 3169/2913/3129 3170/2914/3130 3233/2977/3191 3232/2976/3190
f 3170/2914/3130 3171/2915/3131 3234/2978/3192 3233/2977/3191
f 3171/2915/3131 3172/2916/3132 3235/2979/3193 3234/2978/3192
f 3172/2916/3132 3173/2917/3133 3236/2980/3194 3235/2979/3193
f 3173/2917/3133 3174/2918/3134 3237/2981/3195 3236/2980/3194
f 3174/2918/3134 3175/2919/3135 3238/2982/3196 3237/2981/3195
f 3175/2919/3135 3176/2920/3136 3239/2983/3197 3238/2982/3196
f 3176/2920/3136 3177/2921/3137 3240/2984/3198 3239/2983/3197
f 3177/2921/3137 3178/2922/3138 3241/2985/3199 3240/2984/3198
f 3178/2922/3138 3179/2923/3139 3242/2986/3200 3241/2985/3199
f 3179/2923/3139 3180/2924/3140 3243/2987/3201 3242/2986/3200
f 3180/2924/3140 3181/2925/3141 3244/2988/3202 3243/2987/3201
f 3181/2925/3141 3182/2926/3142 3245/2989/3203 3244/2988/3202
f 3182/2926/3142 3183/2927/3143 3246/2990/3204 3245/2989/3203
f 3183/2927/3143 3184/2928/3144 3247/2991/3205 3246/2990/3204
f 3184/2928/3144 3185/2929/3145 3248/2992/3206 3247/2991/3205
f 3185/2929/3145 3186/2930/3146 3249/2993/3207 3248/2992/3206
f 3186/2930/3146 3187/2931/2525 3250/2994/3208 3249/2993/3207
f 3187/2931/2525 3188/2932/3147 3251/2995/3209 3250/2994/3208
f 3188/2932/3147 3189/2933/3148 3252/2996/3210 3251/2995/3209
f 3189/2933/3148 3190/2934/2827 3253/2997/3211 3252/2996/3210
f 3190/2934/2827 3191/2935/3149 3254/2998/3212 3253/2997/3211
f 3191/2935/3149 3192/2936/3150 3255/2999/3213 3254/2998/3212
f 3192/2936/3150 3193/2937/3151 3256/3000/3214 3255/2999/3213
f 3193/2937/3151 3194/2938/3152 3257/3001/3215 3256/3000/3214
f 3194/2938/3152 3195/2939/3153 3258/3002/3216 3257/3001/3215
f 3195/2939/3153 3196/2940/3154 3259/3003/3217 3258/3002/3216
f 3196/2940/3154 3197/2941/3155 3260/3004/3218 3259/3003/3217
f 3197/2941/3155 3198/2942/3156 3261/3005/3219 3260/3004/3218
f 3198/2942/3156 3199/2943/3157 3262/3006/3220 3261/3005/3219
f 3199/2943/3157 3200/2944/3158 3263/3007/3221 3262/3006/3220
f 3200/2944/3158 3201/2945/3159 3264/3008/3222 3263/3007/3221
f 3201/2945/3159 3202/2946/3160 3265/3009/1912 3264/3008/3222
f 3202/2946/3160 3203/2947/3161 3266/3010/3223 3265/3009/1912
f 3203/2947/3161 3204/2948/3162 3267/3011/3224 3266/3010/3223
f 3204/2948/3162 3205/2949/3163 3268/3012/3225 3267/3011/3224
f 3205/2949/3163 3206/2950/3164 3269/3013/3226 3268/3012/3225
f 3206/2950/3164 3207/2951/3165 3270/3014/3227 3269/3013/3226
f 3207/2951/3165 3208/2952/3166 3271/3015/3228 3270/3014/3227
f 3208/2952/3166 3209/2953/3167 3272/3016/3229 3271/3015/3228
f 3209/2953/3167 3210/2954/3168 3273/3017/3230 3272/3016/3229
f 3210/2954/3168 3211/2955/3169 3274/3018/3231 3273/3017/3230
f 3211/2955/3169 3212/2956/3170 3275/3019/3232 3274/3018/3231
f 3212/2956/3170 3213/2957/3171 3276/3020/3233 3275/3019/3232
f 3213/2957/3171 3214/2958/3172 3277/3021/3234 3276/3020/3233
f 3214/2958/3172 3215/2959/3173 3278/3022/3235 3277/3021/3234
f 3215/2959/3173 3216/2960/3174 3279/3023/3236 3278/3022/3235
f 3216/2960/3174 3217/2961/3175 3280/3024/3237 3279/3023/3236
f 3218/2963/3176 3219/2962/3177 3282/3025/3239 3281/3026/3238
f 3219/2962/3177 3220/2964/3178 3283/3027/3240 3282/3025/3239
f 3220/2964/3178 3221/2965/3179 3284/3028/3241 3283/3027/3240
f 3221/2965/3179 3222/2966/3180 3285/3029/3242 3284/3028/3241
f 3222/2966/3180 3223/2967/3181 3286/3030/3243 3285/3029/3242
f 3223/2967/3181 3224/2968/3182 3287/3031/3244 3286/3030/3243
f 3224/2968/3182 3225/2969/3183 3288/3032/3245 3287/3031/3244
f 3225/2969/3183 3226/2970/3184 3289/3033/3246 3288/3032/3245
f 3226/2970/3184 3227/2971/3185 3290/3034/3247 3289/3033/3246
f 3227/2971/3185 3228/2972/3186 3291/3035/3248 3290/3034/3247
f 3228/2972/3186 3229/2973/3187 3292/3036/3249 3291/3035/3248
f 3229/2973/3187 3230/2974/3188 3293/3037/3250 3292/3036/3249
f 3230/2974/3188 3231/2975/3189 3294/3038/3251 3293/3037/3250
f 3231/2975/3189 3232/2976/3190 3295/3039/3252 3294/3038/3251
f 3232/2976/3190 3233/2977/3191 3296/3040/3253 3295/3039/3252
f 3233/2977/3191 3234/2978/3192 3297/3041/3254 3296/3040/3253
f 3234/2978/3192 3235/2979/3193 3298/3042/3255 3297/3041/3254
f 3235/2979/3193 3236/2980/3194 3299/3043/3256 3298/3042/3255
f 3236/2980/3194 3237/2981/3195 3300/3044/3257 3299/3043/3256
f 3237/2981/3195 3238/2982/3196 3301/3045/3258 3300/3044/3257
f 3238/2982/3196 3239/2983/3197 3302/3046/3259 3301/3045/3258
f 3239/2983/3197 3240/2984/3198 3303/3047/3260 3302/3046/3259
f 3240/2984/3198 3241/2985/3199 3304/3048/3261 3303/3047/3260
f 3241/2985/3199 3242/2986/3200 3305/3049/3262 3304/3048/3261
f 3242/2986/3200 3243/2987/3201 3306/3050/3263 3305/3049/3262
f 3243/2987/3201 3244/2988/3202 3307/3051/3264 3306/3050/3263
f 3244/2988/3202 3245/2989/3203 3308/3052/3265 3307/3051/3264
f 3245/2989/3203 3246/2990/3204 3309/3053/3266 3308/3052/3265
f 3246/2990/3204 3247/2991/3205 3310/3054/3267 3309/3053/3266
f 3247/2991/3205 3248/2992/3206 3311/3055/3268 3310/3054/3267
f 3248/2992/3206 3249/2993/3207 3312/3056/3269 3311/3055/3268
f 3249/2993/3207 3250/2994/3208 3313/3057/3270 3312/3056/3269
f 3250/2994/3208 3251/2995/3209 3314/3058/3271 3313/3057/3270
f 3251/2995/3209 3252/2996/3210 3315/3059/3272 3314/3058/3271
f 3252/2996/3210 3253/2997/3211 3316/3060/3273 3315/3059/3272
f 3253/2997/3211 3254/2998/3212 3317/3061/3274 3316/3060/3273
f 3254/2998/3212 3255/2999/3213 3318/3062/3275 3317/3061/3274
f 3255/2999/3213 3256/3000/3214 3319/3063/3276 3318/3062/3275
f 3256/3000/3214 3257/3001/3215 3320/3064/3277 3319/3063/3276
f 3257/3001/3215 3258/3002/3216 3321/3065/3278 3320/3064/3277
f 3258/3002/3216 3259/3003/3217 3322/3066/3279 3321/3065/3278
f 3259/3003/3217 3260/3004/3218 3323/3067/3280 3322/3066/3279
f 3260/3004/3218 3261/3005/3219 3324/3068/3281 3323/3067/3280
f 3261/3005/3219 3262/3006/3220 3325/3069/3282 3324/3068/3281
f 3262/3006/3220 3263/3007/3221 3326/3070/3283 3325/3069/3282
f 3263/3007/3221 3264/3008/3222 3327/3071/3284 3326/3070/3283
f 3264/3008/3222 3265/3009/1912 3328/3072/3285 3327/3071/3284
f 3265/3009/1912 3266/3010/3223 3329/3073/3286 3328/3072/3285
f 3266/3010/3223 3267/3011/3224 3330/3074/3287 3329/3073/3286
f 3267/3011/3224 3268/3012/3225 3331/3075/3288 3330/3074/3287
f 3268/3012/3225 3269/3013/3226 3332/3076/3289 3331/3075/3288
f 3269/3013/3226 3270/3014/3227 3333/3077/3290 3332/3076/3289
f 3270/3014/3227 3271/3015/3228 3334/3078/3291 3333/3077/3290
f 3271/3015/3228 3272/3016/3229 3335/3079/1724 3334/3078/3291
f 3272/3016/3229 3273/3017/3230 3336/3080/3292 3335/3079/1724
f 3273/3017/3230 3274/3018/3231 3337/3081/3293 3336/3080/3292
f 3274/3018/3231 3275/3019/3232 3338/3082/3294 3337/3081/3293
f 3275/3019/3232 3276/3020/3233 3339/3083/3295 3338/3082/3294
f 3276/3020/3233 3277/3021/3234 3340/3084/3296 3339/3083/3295
f 3277/3021/3234 3278/3022/3235 3341/3085/3297 3340/3084/3296
f 3278/3022/3235 3279/3023/3236 3342/3086/3298 3341/3085/3297
f 3279/3023/3236 3280/3024/3237 3343/3087/3299 3342/3086/3298
f 3281/3026/3238 3282/3025/3239 3345/3088/3301 3344/3089/3300
f 3282/3025/3239 3283/3027/3240 3346/3090/3302 3345/3088/3301
f 3283/3027/3240 3284/3028/3241 3347/3091/3303 3346/3090/3302
f 3284/3028/3241 3285/3029/3242 3348/3092/3304 3347/3091/3303
f 3285/3029/3242 3286/3030/3243 3349/3093/3305 3348/3092/3304
f 3286/3030/3243 3287/3031/3244 3350/3094/3306 3349/3093/3305
f 3287/3031/3244 3288/3032/3245 3351/3095/3307 3350/3094/3306
f 3288/3032/3245 3289/3033/3246 3352/3096/3308 3351/3095/3307
f 3289/3033/3246 3290/3034/3247 3353/3097/3309 3352/3096/3308
f 3290/3034/3247 3291/3035/3248 3354/3098/1187 3353/3097/3309
f 3291/3035/3248 3292/3036/3249 3355/3099/3310 3354/3098/1187
f 3292/3036/3249 3293/3037/3250 3356/3100/3311 3355/3099/3310
f 3293/3037/3250 3294/3038/3251 3357/3101/3312 3356/3100/3311
f 3294/3038/3251 3295/3039/3252 3358/3102/3313 3357/3101/3312
f 3295/3039/3252 3296/3040/3253 3359/3103/2275 3358/3102/3313
f 3296/3040/3253 3297/3041/3254 3360/3104/3314 3359/3103/2275
f 3297/3041/3254 3298/3042/3255 3361/3105/3315 3360/3104/3314
f 3298/3042/3255 3299/3043/3256 3362/3106/3316 3361/3105/3315
f 3299/3043/3256 3300/3044/3257 3363/3107/3317 3362/3106/3316
f 3300/3044/3257 3301/3045/3258 3364/3108/3318 3363/3107/3317
f 3301/3045/3258 3302/3046/3259 3365/3109/3319 3364/3108/3318
f 3302/3046/3259 3303/3047/3260 3366/3110/3320 3365/3109/3319
f 3303/3047/3260 3304/3048/3261 3367/3111/3321 3366/3110/3320
f 3304/3048/3261 3305/3049/3262 3368/3112/385 3367/3111/3321
f 3305/3049/3262 3306/3050/3263 3369/3113/3322 3368/3112/385
f 3306/3050/3263 3307/3051/3264 3370/3114/3323 3369/3113/3322
f 3307/3051/3264 3308/3052/3265 3371/3115/3324 3370/3114/3323
f 3308/3052/3265 3309/3053/3266 3372/3116/3325 3371/3115/3324
f 3309/3053/3266 3310/3054/3267 3373/3117/3326 3372/3116/3325
f 3310/3054/3267 3311/3055/3268 3374/3118/3327 3373/3117/3326
f 3311/3055/3268 3312/3056/3269 3375/3119/3328 3374/3118/3327
f 3312/3056/3269 3313/3057/3270 3376/3120/3329 3375/3119/3328
f 3313/3057/3270 3314/3058/3271 3377/3121/3330 3376/3120/3329
f 3314/3058/3271 3315/3059/3272 3378/3122/2589 3377/3121/3330
f 3315/3059/3272 3316/3060/3273 3379/3123/1744 3378/3122/2589
f 3316/3060/3273 3317/3061/3274 3380/3124/3331 3379/3123/1744
f 3317/3061/3274 3318/3062/3275 3381/3125/3332 3380/3124/3331
f 3318/3062/3275 3319/3063/3276 3382/3126/3333 3381/3125/3332
f 3319/3063/3276 3320/3064/3277 3383/3127/3334 3382/3126/3333
f 3320/3064/3277 3321/3065/3278 3384/3128/3335 3383/3127/3334
f 3321/3065/3278 3322/3066/3279 3385/3129/3336 3384/3128/3335
f 3322/3066/3279 3323/3067/3280 3386/3130/3337 3385/3129/3336
f 3323/3067/3280 3324/3068/3281 3387/3131/3338 3386/3130/3337
f 3324/3068/3281 3325/3069/3282 3388/3132/3339 3387/3131/3338
f 3325/3069/3282 3326/3070/3283 3389/3133/3340 3388/3132/3339
f 3326/3070/3283 3327/3071/3284 3390/3134/3341 3389/3133/3340
f 3327/3071/3284 3328/3072/3285 3391/3135/3342 3390/3134/3341
f 3328/3072/3285 3329/3073/3286 3392/3136/3343 3391/3135/3342
f 3329/3073/3286 3330/3074/3287 3393/3137/890 3392/3136/3343
f 3330/3074/3287 3331/3075/3288 3394/3138/3344 3393/3137/890
f 3331/3075/3288 3332/3076/3289 3395/3139/3345 3394/3138/3344
f 3332/3076/3289 3333/3077/3290 3396/3140/491 3395/3139/3345
f 3333/3077/3290 3334/3078/3291 3397/3141/3346 3396/3140/491
f 3334/3078/3291 3335/3079/1724 3398/3142/3347 3397/3141/3346
f 3335/3079/1724 3336/3080/3292 3399/3143/3348 3398/3142/3347
f 3336/3080/3292 3337/3081/3293 3400/3144/3349 3399/3143/3348
f 3337/3081/3293 3338/3082/3294 3401/3145/3350 3400/3144/3349
f 3338/3082/3294 3339/3083/3295 3402/3146/3351 3401/3145/3350
f 3339/3083/3295 3340/3084/3296 3403/3147/3352 3402/3146/3351
f 3340/3084/3296 3341/3085/3297 3404/3148/3353 3403/3147/3352
f 3341/3085/3297 3342/3086/3298 3405/3149/3354 3404/3148/3353
f 3342/3086/3298 3343/3087/3299 3406/3150/3355 3405/3149/3354
f 3344/3089/3300 3345/3088/3301 3408/3151/3357 3407/3152/3356
f 3345/3088/3301 3346/3090/3302 3409/3153/3358 3408/3151/3357
f 3346/3090/3302 3347/3091/3303 3410/3154/3359 3409/3153/3358
f 3347/3091/3303 3348/3092/3304 3411/3155/3360 3410/3154/3359
f 3348/3092/3304 3349/3093/3305 3412/3156/3361 3411/3155/3360
f 3349/3093/3305 3350/3094/3306 3413/3157/3362 3412/3156/3361
f 3350/3094/3306 3351/3095/3307 3414/3158/3363 3413/3157/3362
f 3351/3095/3307 3352/3096/3308 3415/3159/3364 3414/3158/3363
f 3352/3096/3308 3353/3097/3309 3416/3160/2648 3415/3159/3364
f 3353/3097/3309 3354/3098/1187 3417/3161/3365 3416/3160/2648
f 3354/3098/1187 3355/3099/3310 3418/3162/3366 3417/3161/3365
f 3355/3099/3310 3356/3100/3311 3419/3163/3367 3418/3162/3366
f 3356/3100/3311 3357/3101/3312 3420/3164/3368 3419/3163/3367
f 3357/3101/3312 3358/3102/3313 3421/3165/3369 3420/3164/3368
f 3358/3102/3313 3359/3103/2275 3422/3166/3370 3421/3165/3369
f 3359/3103/2275 3360/3104/3314 3423/3167/3371 3422/3166/3370
f 3360/3104/3314 3361/3105/3315 3424/3168/3372 3423/3167/3371
f 3361/3105/3315 3362/3106/3316 3425/3169/3373 3424/3168/3372
f 3362/3106/3316 3363/3107/3317 3426/3170/3374 3425/3169/3373
f 3363/3107/3317 3364/3108/3318 3427/3171/3375 3426/3170/3374
f 3364/3108/3318 3365/3109/3319 3428/3172/3376 3427/3171/3375
f 3365/3109/3319 3366/3110/3320 3429/3173/3377 3428/3172/3376
f 3366/3110/3320 3367/3111/3321 3430/3174/3378 3429/3173/3377
f 3367/3111/3321 3368/3112/385 3431/3175/1976 3430/3174/3378
f 3368/3112/385 3369/3113/3322 3432/3176/3379 3431/3175/1976
f 3369/3113/3322 3370/3114/3323 3433/3177/3380 3432/3176/3379
f 3370/3114/3323 3371/3115/3324 3434/3178/3381 3433/3177/3380
f 3371/3115/3324 3372/3116/3325 3435/3179/3090 3434/3178/3381
f 3372/3116/3325 3373/3117/3326 3436/3180/3382 3435/3179/3090
f 3373/3117/3326 3374/3118/3327 3437/3181/3383 3436/3180/3382
f 3374/3118/3327 3375/3119/3328 3438/3182/1187 3437/3181/3383
f 3375/3119/3328 3376/3120/3329 3439/3183/3274 3438/3182/1187
f 3376/3120/3329 3377/3121/3330 3440/3184/3384 3439/3183/3274
f 3377/3121/3330 3378/3122/2589 3441/3185/3385 3440/3184/3384
f 3378/3122/2589 3379/3123/1744 3442/3186/3386 3441/3185/3385
f 3379/3123/1744 3380/3124/3331 3443/3187/3387 3442/3186/3386
f 3380/3124/3331 3381/3125/3332 3444/3188/3388 3443/3187/3387
f 3381/3125/3332 3382/3126/3333 3445/3189/3389 3444/3188/3388
f 3382/3126/3333 3383/3127/3334 3446/3190/3390 3445/3189/3389
f 3383/3127/3334 3384/3128/3335 3447/3191/3391 3446/3190/3390
f 3384/3128/3335 3385/3129/3336 3448/3192/3392 3447/3191/3391
f 3385/3129/3336 3386/3130/3337 3449/3193/3393 3448/3192/3392
f 3386/3130/3337 3387/3131/3338 3450/3194/3394 3449/3193/3393
f 3387/3131/3338 3388/3132/3339 3451/3195/3395 3450/3194/3394
f 3388/3132/3339 3389/3133/3340 3452/3196/3396 3451/3195/3395
f 3389/3133/3340 3390/3134/3341 3453/3197/3397 3452/3196/3396
f 3390/3134/3341 3391/3135/3342 3454/3198/3398 3453/3197/3397
f 3391/3135/3342 3392/3136/3343 3455/3199/3399 3454/3198/3398
f 3392/3136/3343 3393/3137/890 3456/3200/3400 3455/3199/3399
f 3393/3137/890 3394/3138/3344 3457/3201/3401 3456/3200/3400
f 3394/3138/3344 3395/3139/3345 3458/3202/3402 3457/3201/3401
f 3395/3139/3345 3396/3140/491 3459/3203/3403 3458/3202/3402
f 3396/3140/491 3397/3141/3346 3460/3204/3404 3459/3203/3403
f 3397/3141/3346 3398/3142/3347 3461/3205/3405 3460/3204/3404
f 3398/3142/3347 3399/3143/3348 3462/3206/3406 3461/3205/3405
f 3399/3143/3348 3400/3144/3349 3463/3207/3407 3462/3206/3406
f 3400/3144/3349 3401/3145/3350 3464/3208/3408 3463/3207/3407
f 3401/3145/3350 3402/3146/3351 3465/3209/3409 3464/3208/3408
f 3402/3146/3351 3403/3147/3352 3466/3210/3410 3465/3209/3409
f 3403/3147/3352 3404/3148/3353 3467/3211/3411 3466/3210/3410
f 3404/3148/3353 3405/3149/3354 3468/3212/3412 3467/3211/3411
f 3405/3149/3354 3406/3150/3355 3469/3213/3413 3468/3212/3412
f 3407/3152/3356 3408/3151/3357 3471/3214/3415 3470/3215/3414
f 3408/3151/3357 3409/3153/3358 3472/3216/3416 3471/3214/3415
f 3409/3153/3358 3410/3154/3359 3473/3217/3417 3472/3216/3416
f 3410/3154/3359 3411/3155/3360 3474/3218/3418 3473/3217/3417
f 3411/3155/3360 3412/3156/3361 3475/3219/3419 3474/3218/3418
f 3412/3156/3361 3413/3157/3362 3476/3220/3420 3475/3219/3419
f 3413/3157/3362 3414/3158/3363 3477/3221/3421 3476/3220/3420
f 3414/3158/3363 3415/3159/3364 3478/3222/3422 3477/3221/3421
f 3415/3159/3364 3416/3160/2648 3479/3223/3423 3478/3222/3422
f 3416/3160/2648 3417/3161/3365 3480/3224/3424 3479/3223/3423
f 3417/3161/3365 3418/3162/3366 3481/3225/3425 3480/3224/3424
f 3418/3162/3366 3419/3163/3367 3482/3226/3426 3481/3225/3425
f 3419/3163/3367 3420/3164/3368 3483/3227/3427 3482/3226/3426
f 3420/3164/3368 3421/3165/3369 3484/3228/3428 3483/3227/3427
f 3421/3165/3369 3422/3166/3370 3485/3229/3429 3484/3228/3428
f 3422/3166/3370 3423/3167/3371 3486/3230/1364 3485/3229/3429
f 3423/3167/3371 3424/3168/3372 3487/3231/3430 3486/3230/1364
f 3424/3168/3372 3425/3169/3373 3488/3232/3431 3487/3231/3430
f 3425/3169/3373 3426/3170/3374 3489/3233/3432 3488/3232/3431
f 3426/3170/3374 3427/3171/3375 3490/3234/517 3489/3233/3432
f 3427/3171/3375 3428/3172/3376 3491/3235/3433 3490/3234/517
f 3428/3172/3376 3429/3173/3377 3492/3236/3434 3491/3235/3433
f 3429/3173/3377 3430/3174/3378 3493/3237/3435 3492/3236/3434
f 3430/3174/3378 3431/3175/1976 3494/3238/3436 3493/3237/3435
f 3431/3175/1976 3432/3176/3379 3495/3239/3437 3494/3238/3436
f 3432/3176/3379 3433/3177/3380 3496/3240/3438 3495/3239/3437
f 3433/3177/3380 3434/3178/3381 3497/3241/3439 3496/3240/3438
f 3434/3178/3381 3435/3179/3090 3498/3242/3440 3497/3241/3439
f 3435/3179/3090 3436/3180/3382 3499/3243/3441 3498/3242/3440
f 3436/3180/3382 3437/3181/3383 3500/3244/325 3499/3243/3441
f 3437/3181/3383 3438/3182/1187 3501/3245/3442 3500/3244/325
f 3438/3182/1187 3439/3183/3274 3502/3246/3443 3501/3245/3442
f 3439/3183/3274 3440/3184/3384 3503/3247/3444 3502/3246/3443
f 3440/3184/3384 3441/3185/3385 3504/3248/3445 3503/3247/3444
f 3441/3185/3385 3442/3186/3386 3505/3249/3446 3504/3248/3445
f 3442/3186/3386 3443/3187/3387 3506/3250/3447 3505/3249/3446
f 3443/3187/3387 3444/3188/3388 3507/3251/3448 3506/3250/3447
f 3444/3188/3388 3445/3189/3389 3508/3252/3449 3507/3251/3448
f 3445/3189/3389 3446/3190/3390 3509/3253/3450 3508/3252/3449
f 3446/3190/3390 3447/3191/3391 3510/3254/3451 3509/3253/3450
f 3447/3191/3391 3448/3192/3392 3511/3255/3452 3510/3254/3451
f 3448/3192/3392 3449/3193/3393 3512/3256/3453 3511/3255/3452
f 3449/3193/3393 3450/3194/3394 3513/3257/3454 3512/3256/3453
f 3450/3194/3394 3451/3195/3395 3514/3258/3455 3513/3257/3454
f 3451/3195/3395 3452/3196/3396 3515/3259/3456 3514/3258/3455
f 3452/3196/3396 3453/3197/3397 3516/3260/3457 3515/3259/3456
f 3453/3197/3397 3454/3198/3398 3517/3261/3458 3516/3260/3457
f 3454/3198/3398 3455/3199/3399 3518/3262/3459 3517/3261/3458
f 3455/3199/3399 3456/3200/3400 3519/3263/3460 3518/3262/3459
f 3456/3200/3400 3457/3201/3401 3520/3264/3461 3519/3263/3460
f 3457/3201/3401 3458/3202/3402 3521/3265/3462 3520/3264/3461
f 3458/3202/3402 3459/3203/3403 3522/3266/3463 3521/3265/3462
f 3459/3203/3403 3460/3204/3404 3523/3267/3464 3522/3266/3463
f 3460/3204/3404 3461/3205/3405 3524/3268/3465 3523/3267/3464
f 3461/3205/3405 3462/3206/3406 3525/3269/3466 3524/3268/3465
f 3462/3206/3406 3463/3207/3407 3526/3270/3467 3525/3269/3466
f 3463/3207/3407 3464/3208/3408 3527/3271/3468 3526/3270/3467
f 3464/3208/3408 3465/3209/3409 3528/3272/3469 3527/3271/3468
f 3465/3209/3409 3466/3210/3410 3529/3273/3470 3528/3272/3469
f 3466/3210/3410 3467/3211/3411 3530/3274/3471 3529/3273/3470
f 3467/3211/3411 3468/3212/3412 3531/3275/3472 3530/3274/3471
f 3468/3212/3412 3469/3213/3413 3532/3276/3473 3531/3275/3472
f 3470/3215/3414 3471/3214/3415 3534/3277/3475 3533/3278/3474
f 3471/3214/3415 3472/3216/3416 3535/3279/3476 3534/3277/3475
f 3472/3216/3416 3473/3217/3417 3536/3280/3477 3535/3279/3476
f 3473/3217/3417 3474/3218/3418 3537/3281/3478 3536/3280/3477
f 3474/3218/3418 3475/3219/3419 3538/3282/3479 3537/3281/3478
f 3475/3219/3419 3476/3220/3420 3539/3283/3480 3538/3282/3479
f 3476/3220/3420 3477/3221/3421 3540/3284/3481 3539/3283/3480
f 3477/3221/3421 3478/3222/3422 3541/3285/3482 3540/3284/3481
f 3478/3222/3422 3479/3223/3423 3542/3286/3483 3541/3285/3482
f 3479/3223/3423 3480/3224/3424 3543/3287/3484 3542/3286/3483
f 3480/3224/3424 3481/3225/3425 3544/3288/3485 3543/3287/3484
f 3481/3225/3425 3482/3226/3426 3545/3289/3486 3544/3288/3485
f 3482/3226/3426 3483/3227/3427 3546/3290/3487 3545/3289/3486
f 3483/3227/3427 3484/3228/3428 3547/3291/3488 3546/3290/3487
f 3484/3228/3428 3485/3229/3429 3548/3292/3489 3547/3291/3488
f 3485/3229/3429 3486/3230/1364 3549/3293/3490 3548/3292/3489
f 3486/3230/1364 3487/3231/3430 3550/3294/3491 3549/3293/3490
f 3487/3231/3430 3488/3232/3431 3551/3295/3492 3550/3294/3491
f 3488/3232/3431 3489/3233/3432 3552/3296/3493 3551/3295/3492
f 3489/3233/3432 3490/3234/517 3553/3297/3494 3552/3296/3493
f 3490/3234/517 3491/3235/3433 3554/3298/3495 3553/3297/3494
f 3491/3235/3433 3492/3236/3434 3555/3299/3496 3554/3298/3495
f 3492/3236/3434 3493/3237/3435 3556/3300/3497 3555/3299/3496
f 3493/3237/3435 3494/3238/3436 3557/3301/3498 3556/3300/3497
f 3494/3238/3436 3495/3239/3437 3558/3302/3499 3557/3301/3498
f 3495/3239/3437 3496/3240/3438 3559/3303/3391 3558/3302/3499
f 3496/3240/3438 3497/3241/3439 3560/3304/3500 3559/3303/3391
f 3497/3241/3439 3498/3242/3440 3561/3305/3501 3560/3304/3500
f 3498/3242/3440 3499/3243/3441 3562/3306/3502 3561/3305/3501
f 3499/3243/3441 3500/3244/325 3563/3307/3503 3562/3306/3502
f 3500/3244/325 3501/3245/3442 3564/3308/3504 3563/3307/3503
f 3501/3245/3442 3502/3246/3443 3565/3309/3505 3564/3308/3504
f 3502/3246/3443 3503/3247/3444 3566/3310/3506 3565/3309/3505
f 3503/3247/3444 3504/3248/3445 3567/3311/3507 3566/3310/3506
f 3504/3248/3445 3505/3249/3446 3568/3312/3508 3567/3311/3507
f 3505/3249/3446 3506/3250/3447 3569/3313/3509 3568/3312/3508
f 3506/3250/3447 3507/3251/3448 3570/3314/3510 3569/3313/3509
f 3507/3251/3448 3508/3252/3449 3571/3315/3511 3570/3314/3510
f 3508/3252/3449 3509/3253/3450 3572/3316/3512 3571/3315/3511
f 3509/3253/3450 3510/3254/3451 3573/3317/3513 3572/3316/3512
f 3510/3254/3451 3511/3255/3452 3574/3318/3514 3573/3317/3513
f 3511/3255/3452 3512/3256/3453 3575/3319/3515 3574/3318/3514
f 3512/3256/3453 3513/3257/3454 3576/3320/3516 3575/3319/3515
f 3513/3257/3454 3514/3258/3455 3577/3321/3517 3576/3320/3516
f 3514/3258/3455 3515/3259/3456 3578/3322/3518 3577/3321/3517
f 3515/3259/3456 3516/3260/3457 3579/3323/3519 3578/3322/3518
f 3516/3260/3457 3517/3261/3458 3580/3324/3520 3579/3323/3519
f 3517/3261/3458 3518/3262/3459 3581/3325/3521 3580/3324/3520
f 3518/3262/3459 3519/3263/3460 3582/3326/3522 3581/3325/3521
f 3519/3263/3460 3520/3264/3461 3583/3327/3523 3582/3326/3522
f 3520/3264/3461 3521/3265/3462 3584/3328/3524 3583/3327/3523
f 3521/3265/3462 3522/3266/3463 3585/3329/3525 3584/3328/3524
f 3522/3266/3463 3523/3267/3464 3586/3330/3526 3585/3329/3525
f 3523/3267/3464 3524/3268/3465 3587/3331/3527 3586/3330/3526
f 3524/3268/3465 3525/3269/3466 3588/3332/3528 3587/3331/3527
f 3525/3269/3466 3526/3270/3467 3589/3333/3529 3588/3332/3528
f 3526/3270/3467 3527/3271/3468 3590/3334/3530 3589/3333/3529
f 3527/3271/3468 3528/3272/3469 3591/3335/3531 3590/3334/3530
f 3528/3272/3469 3529/3273/3470 3592/3336/3532 3591/3335/3531
f 3529/3273/3470 3530/3274/3471 3593/3337/3533 3592/3336/3532
f 3530/3274/3471 3531/3275/3472 3594/3338/3534 3593/3337/3533
f 3531/3275/3472 3532/3276/3473 3595/3339/3535 3594/3338/3534
f 3533/3278/3474 3534/3277/3475 3597/3340/3537 3596/3341/3536
f 3534/3277/3475 3535/3279/3476 3598/3342/3538 3597/3340/3537
f 3535/3279/3476 3536/3280/3477 3599/3343/3539 3598/3342/3538
f 3536/3280/3477 3537/3281/3478 3600/3344/3540 3599/3343/3539
f 3537/3281/3478 3538/3282/3479 3601/3345/3541 3600/3344/3540
f 3538/3282/3479 3539/3283/3480 3602/3346/3542 3601/3345/3541
f 3539/3283/3480 3540/3284/3481 3603/3347/3543 3602/3346/3542
f 3540/3284/3481 3541/3285/3482 3604/3348/3544 3603/3347/3543
f 3541/3285/3482 3542/3286/3483 3605/3349/3404 3604/3348/3544
f 3542/3286/3483 3543/3287/3484 3606/3350/3545 3605/3349/3404
f 3543/3287/3484 3544/3288/3485 3607/3351/3546 3606/3350/3545
f 3544/3288/3485 3545/3289/3486 3608/3352/3547 3607/3351/3546
f 3545/3289/3486 3546/3290/3487 3609/3353/3548 3608/3352/3547
f 3546/3290/3487 3547/3291/3488 3610/3354/3549 3609/3353/3548
f 3547/3291/3488 3548/3292/3489 3611/3355/3550 3610/3354/3549
f 3548/3292/3489 3549/3293/3490 3612/3356/3551 3611/3355/3550
f 3549/3293/3490 3550/3294/3491 3613/3357/3552 3612/3356/3551
f 3550/3294/3491 3551/3295/3492 3614/3358/3553 3613/3357/3552
f 3551/3295/3492 3552/3296/3493 3615/3359/3554 3614/3358/3553
f 3552/3296/3493 3553/3297/3494 3616/3360/3555 3615/3359/3554
f 3553/3297/3494 3554/3298/3495 3617/3361/3556 3616/3360/3555
f 3554/3298/3495 3555/3299/3496 3618/3362/3557 3617/3361/3556
f 3555/3299/3496 3556/3300/3497 3619/3363/3558 3618/3362/3557
f 3556/3300/3497 3557/3301/3498 3620/3364/3559 3619/3363/3558
f 3557/3301/3498 3558/3302/3499 3621/3365/3560 3620/3364/3559
f 3558/3302/3499 3559/3303/3391 3622/3366/2827 3621/3365/3560
f 3559/3303/3391 3560/3304/3500 3623/3367/3561 3622/3366/2827
f 3560/3304/3500 3561/3305/3501 3624/3368/3562 3623/3367/3561
f 3561/3305/3501 3562/3306/3502 3625/3369/3563 3624/3368/3562
f 3562/3306/3502 3563/3307/3503 3626/3370/3564 3625/3369/3563
f 3563/3307/3503 3564/3308/3504 3627/3371/3565 3626/3370/3564
f 3564/3308/3504 3565/3309/3505 3628/3372/3566 3627/3371/3565
f 3565/3309/3505 3566/3310/3506 3629/3373/3567 3628/3372/3566
f 3566/3310/3506 3567/3311/3507 3630/3374/3568 3629/3373/3567
f 3567/3311/3507 3568/3312/3508 3631/3375/3569 3630/3374/3568
f 3568/3312/3508 3569/3313/3509 3632/3376/3570 3631/3375/3569
f 3569/3313/3509 3570/3314/3510 3633/3377/3571 3632/3376/3570
f 3570/3314/3510 3571/3315/3511 3634/3378/3571 3633/3377/3571
f 3571/3315/3511 3572/3316/3512 3635/3379/3571 3634/3378/3571
f 3572/3316/3512 3573/3317/3513 3636/3380/3572 3635/3379/3571
f 3573/3317/3513 3574/3318/3514 3637/3381/3573 3636/3380/3572
f 3574/3318/3514 3575/3319/3515 3638/3382/3574 3637/3381/3573
f 3575/3319/3515 3576/3320/3516 3639/3383/3575 3638/3382/3574
f 3576/3320/3516 3577/3321/3517 3640/3384/3576 3639/3383/3575
f 3577/3321/3517 3578/3322/3518 3641/3385/3577 3640/3384/3576
f 3578/3322/3518 3579/3323/3519 3642/3386/3578 3641/3385/3577
f 3579/3323/3519 3580/3324/3520 3643/3387/3579 3642/3386/3578
f 3580/3324/3520 3581/3325/3521 3644/3388/3580 3643/3387/3579
f 3581/3325/3521 3582/3326/3522 3645/3389/3581 3644/3388/3580
f 3582/3326/3522 3583/3327/3523 3646/3390/3582 3645/3389/3581
f 3583/3327/3523 3584/3328/3524 3647/3391/3583 3646/3390/3582
f 3584/3328/3524 3585/3329/3525 3648/3392/3584 3647/3391/3583
f 3585/3329/3525 3586/3330/3526 3649/3393/3585 3648/3392/3584
f 3586/3330/3526 3587/3331/3527 3650/3394/3586 3649/3393/3585
f 3587/3331/3527 3588/3332/3528 3651/3395/3587 3650/3394/3586
f 3588/3332/3528 3589/3333/3529 3652/3396/3588 3651/3395/3587
f 3589/3333/3529 3590/3334/3530 3653/3397/3589 3652/3396/3588
f 3590/3334/3530 3591/3335/3531 3654/3398/3590 3653/3397/3589
f 3591/3335/3531 3592/3336/3532 3655/3399/3591 3654/3398/3590
f 3592/3336/3532 3593/3337/3533 3656/3400/3592 3655/3399/3591
f 3593/3337/3533 3594/3338/3534 3657/3401/3593 3656/3400/3592
f 3594/3338/3534 3595/3339/3535 3658/3402/3594 3657/3401/3593
f 3596/3341/3536 3597/3340/3537 3660/3403/3596 3659/3404/3595
f 3597/3340/3537 3598/3342/3538 3661/3405/3597 3660/3403/3596
f 3598/3342/3538 3599/3343/3539 3662/3406/3598 3661/3405/3597
f 3599/3343/3539 3600/3344/3540 3663/3407/3599 3662/3406/3598
f 3600/3344/3540 3601/3345/3541 3664/3408/3600 3663/3407/3599
f 3601/3345/3541 3602/3346/3542 3665/3409/3601 3664/3408/3600
f 3602/3346/3542 3603/3347/3543 3666/3410/3602 3665/3409/3601
f 3603/3347/3543 3604/3348/3544 3667/3411/3603 3666/3410/3602
f 3604/3348/3544 3605/3349/3404 3668/3412/3604 3667/3411/3603
f 3605/3349/3404 3606/3350/3545 3669/3413/3605 3668/3412/3604
f 3606/3350/3545 3607/3351/3546 3670/3414/3606 3669/3413/3605
f 3607/3351/3546 3608/3352/3547 3671/3415/3607 3670/3414/3606
f 3608/3352/3547 3609/3353/3548 3672/3416/3608 3671/3415/3607
f 3609/3353/3548 3610/3354/3549 3673/3417/3609 3672/3416/3608
f 3610/3354/3549 3611/3355/3550 3674/3418/3610 3673/3417/3609
f 3611/3355/3550 3612/3356/3551 3675/3419/3611 3674/3418/3610
f 3612/3356/3551 3613/3357/3552 3676/3420/3612 3675/3419/3611
f 3613/3357/3552 3614/3358/3553 3677/3421/3613 3676/3420/3612
f 3614/3358/3553 3615/3359/3554 3678/3422/3614 3677/3421/3613
f 3615/3359/3554 3616/3360/3555 3679/3423/3615 3678/3422/3614
f 3616/3360/3555 3617/3361/3556 3680/3424/3555 3679/3423/3615
f 3617/3361/3556 3618/3362/3557 3681/3425/3616 3680/3424/3555
f 3618/3362/3557 3619/3363/3558 3682/3426/3617 3681/3425/3616
f 3619/3363/3558 3620/3364/3559 3683/3427/3618 3682/3426/3617
f 3620/3364/3559 3621/3365/3560 3684/3428/3391 3683/3427/3618
f 3621/3365/3560 3622/3366/2827 3685/3429/3619 3684/3428/3391
f 3622/3366/2827 3623/3367/3561 3686/3430/3620 3685/3429/3619
f 3623/3367/3561 3624/3368/3562 3687/3431/3621 3686/3430/3620
f 3624/3368/3562 3625/3369/3563 3688/3432/3622 3687/3431/3621
f 3625/3369/3563 3626/3370/3564 3689/3433/3623 3688/3432/3622
f 3626/3370/3564 3627/3371/3565 3690/3434/3624 3689/3433/3623
f 3627/3371/3565 3628/3372/3566 3691/3435/3625 3690/3434/3624
f 3628/3372/3566 3629/3373/3567 3692/3436/3626 3691/3435/3625
f 3629/3373/3567 3630/3374/3568 3693/3437/2848 3692/3436/3626
f 3630/3374/3568 3631/3375/3569 3694/3438/3571 3693/3437/2848
f 3631/3375/3569 3632/3376/3570 3695/3439/3571 3694/3438/3571
f 3632/3376/3570 3633/3377/3571 3696/3440/3571 3695/3439/3571
f 3633/3377/3571 3634/3378/3571 3697/3441/3571 3696/3440/3571
f 3634/3378/3571 3635/3379/3571 3698/3442/3571 3697/3441/3571
f 3635/3379/3571 3636/3380/3572 3699/3443/3571 3698/3442/3571
f 3636/3380/3572 3637/3381/3573 3700/3444/3627 3699/3443/3571
f 3637/3381/3573 3638/3382/3574 3701/3445/3628 3700/3444/3627
f 3638/3382/3574 3639/3383/3575 3702/3446/3629 3701/3445/3628
f 3639/3383/3575 3640/3384/3576 3703/3447/3630 3702/3446/3629
f 3640/3384/3576 3641/3385/3577 3704/3448/3631 3703/3447/3630
f 3641/3385/3577 3642/3386/3578 3705/3449/3632 3704/3448/3631
f 3642/3386/3578 3643/3387/3579 3706/3450/3633 3705/3449/3632
f 3643/3387/3579 3644/3388/3580 3707/3451/3634 3706/3450/3633
f 3644/3388/3580 3645/3389/3581 3708/3452/3635 3707/3451/3634
f 3645/3389/3581 3646/3390/3582 3709/3453/3636 3708/3452/3635
f 3646/3390/3582 3647/3391/3583 3710/3454/3637 3709/3453/3636
f 3647/3391/3583 3648/3392/3584 3711/3455/3638 3710/3454/3637
f 3648/3392/3584 3649/3393/3585 3712/3456/2706 3711/3455/3638
f 3649/3393/3585 3650/3394/3586 3713/3457/3639 3712/3456/2706
f 3650/3394/3586 3651/3395/3587 3714/3458/3640 3713/3457/3639
f 3651/3395/3587 3652/3396/3588 3715/3459/3641 3714/3458/3640
f 3652/3396/3588 3653/3397/3589 3716/3460/3642 3715/3459/3641
f 3653/3397/3589 3654/3398/3590 3717/3461/3643 3716/3460/3642
f 3654/3398/3590 3655/3399/3591 3718/3462/3644 3717/3461/3643
f 3655/3399/3591 3656/3400/3592 3719/3463/3645 3718/3462/3644
f 3656/3400/3592 3657/3401/3593 3720/3464/3646 3719/3463/3645
f 3657/3401/3593 3658/3402/3594 3721/3465/3647 3720/3464/3646
f 3659/3404/3595 3660/3403/3596 3723/3466/3649 3722/3467/3648
f 3660/3403/3596 3661/3405/3597 3724/3468/3650 3723/3466/3649
f 3661/3405/3597 3662/3406/3598 3725/3469/3651 3724/3468/3650
f 3662/3406/3598 3663/3407/3599 3726/3470/3652 3725/3469/3651
f 3663/3407/3599 3664/3408/3600 3727/3471/3653 3726/3470/3652
f 3664/3408/3600 3665/3409/3601 3728/3472/3654 3727/3471/3653
f 3665/3409/3601 3666/3410/3602 3729/3473/3655 3728/3472/3654
f 3666/3410/3602 3667/3411/3603 3730/3474/3656 3729/3473/3655
f 3667/3411/3603 3668/3412/3604 3731/3475/3657 3730/3474/3656
f 3668/3412/3604 3669/3413/3605 3732/3476/3658 3731/3475/3657
f 3669/3413/3605 3670/3414/3606 3733/3477/3659 3732/3476/3658
f 3670/3414/3606 3671/3415/3607 3734/3478/3660 3733/3477/3659
f 3671/3415/3607 3672/3416/3608 3735/3479/3661 3734/3478/3660
f 3672/3416/3608 3673/3417/3609 3736/3480/3662 3735/3479/3661
f 3673/3417/3609 3674/3418/3610 3737/3481/3663 3736/3480/3662
f 3674/3418/3610 3675/3419/3611 3738/3482/3664 3737/3481/3663
f 3675/3419/3611 3676/3420/3612 3739/3483/3665 3738/3482/3664
f 3676/3420/3612 3677/3421/3613 3740/3484/3666 3739/3483/3665
f 3677/3421/3613 3678/3422/3614 3741/3485/3667 3740/3484/3666
f 3678/3422/3614 3679/3423/3615 3742/3486/3668 3741/3485/3667
f 3679/3423/3615 3680/3424/3555 3743/3487/3669 3742/3486/3668
f 3680/3424/3555 3681/3425/3616 3744/3488/3670 3743/3487/3669
f 3681/3425/3616 3682/3426/3617 3745/3489/3671 3744/3488/3670
f 3682/3426/3617 3683/3427/3618 3746/3490/3672 3745/3489/3671
f 3683/3427/3618 3684/3428/3391 3747/3491/3673 3746/3490/3672
f 3684/3428/3391 3685/3429/3619 3748/3492/3674 3747/3491/3673
f 3685/3429/3619 3686/3430/3620 3749/3493/3675 3748/3492/3674
f 3686/3430/3620 3687/3431/3621 3750/3494/3676 3749/3493/3675
f 3687/3431/3621 3688/3432/3622 3751/3495/3677 3750/3494/3676
f 3688/3432/3622 3689/3433/3623 3752/3496/2490 3751/3495/3677
f 3689/3433/3623 3690/3434/3624 3753/3497/3678 3752/3496/2490
f 3690/3434/3624 3691/3435/3625 3754/3498/3571 3753/3497/3678
f 3691/3435/3625 3692/3436/3626 3755/3499/3571 3754/3498/3571
f 3692/3436/3626 3693/3437/2848 3756/3500/3571 3755/3499/3571
f 3693/3437/2848 3694/3438/3571 3757/3501/3571 3756/3500/3571
f 3694/3438/3571 3695/3439/3571 3758/3502/3571 3757/3501/3571
f 3695/3439/3571 3696/3440/3571 3759/3503/3571 3758/3502/3571
f 3696/3440/3571 3697/3441/3571 3760/3504/3571 3759/3503/3571
f 3697/3441/3571 3698/3442/3571 3761/3505/3571 3760/3504/3571
f 3698/3442/3571 3699/3443/3571 3762/3506/3571 3761/3505/3571
f 3699/3443/3571 3700/3444/3627 3763/3507/3571 3762/3506/3571
f 3700/3444/3627 3701/3445/3628 3764/3508/3679 3763/3507/3571
f 3701/3445/3628 3702/3446/3629 3765/3509/3680 3764/3508/3679
f 3702/3446/3629 3703/3447/3630 3766/3510/3681 3765/3509/3680
f 3703/3447/3630 3704/3448/3631 3767/3511/3682 3766/3510/3681
f 3704/3448/3631 3705/3449/3632 3768/3512/3683 3767/3511/3682
f 3705/3449/3632 3706/3450/3633 3769/3513/3684 3768/3512/3683
f 3706/3450/3633 3707/3451/3634 3770/3514/3685 3769/3513/3684
f 3707/3451/3634 3708/3452/3635 3771/3515/3686 3770/3514/3685
f 3708/3452/3635 3709/3453/3636 3772/3516/3687 3771/3515/3686
f 3709/3453/3636 3710/3454/3637 3773/3517/3063 3772/3516/3687
f 3710/3454/3637 3711/3455/3638 3774/3518/3688 3773/3517/3063
f 3711/3455/3638 3712/3456/2706 3775/3519/3689 3774/3518/3688
f 3712/3456/2706 3713/3457/3639 3776/3520/3690 3775/3519/3689
f 3713/3457/3639 3714/3458/3640 3777/3521/3691 3776/3520/3690
f 3714/3458/3640 3715/3459/3641 3778/3522/3692 3777/3521/3691
f 3715/3459/3641 3716/3460/3642 3779/3523/3693 3778/3522/3692
f 3716/3460/3642 3717/3461/3643 3780/3524/3694 3779/3523/3693
f 3717/3461/3643 3718/3462/3644 3781/3525/3695 3780/3524/3694
f 3718/3462/3644 3719/3463/3645 3782/3526/3696 3781/3525/3695
f 3719/3463/3645 3720/3464/3646 3783/3527/3697 3782/3526/3696
f 3720/3464/3646 3721/3465/3647 3784/3528/3698 3783/3527/3697
f 3722/3467/3648 3723/3466/3649 3786/3529/3700 3785/3530/3699
f 3723/3466/3649 3724/3468/3650 3787/3531/3701 3786/3529/3700
f 3724/3468/3650 3725/3469/3651 3788/3532/3702 3787/3531/3701
f 3725/3469/3651 3726/3470/3652 3789/3533/3703 3788/3532/3702
f 3726/3470/3652 3727/3471/3653 3790/3534/3704 3789/3533/3703
f 3727/3471/3653 3728/3472/3654 3791/3535/3705 3790/3534/3704
f 3728/3472/3654 3729/3473/3655 3792/3536/3706 3791/3535/3705
f 3729/3473/3655 3730/3474/3656 3793/3537/3707 3792/3536/3706
f 3730/3474/3656 3731/3475/3657 3794/3538/3708 3793/3537/3707
f 3731/3475/3657 3732/3476/3658 3795/3539/3709 3794/3538/3708
f 3732/3476/3658 3733/3477/3659 3796/3540/3710 3795/3539/3709
f 3733/3477/3659 3734/3478/3660 3797/3541/3711 3796/3540/3710
f 3734/3478/3660 3735/3479/3661 3798/3542/3712 3797/3541/3711
f 3735/3479/3661 3736/3480/3662 3799/3543/2589 3798/3542/3712
f 3736/3480/3662 3737/3481/3663 3800/3544/3713 3799/3543/2589
f 3737/3481/3663 3738/3482/3664 3801/3545/3714 3800/3544/3713
f 3738/3482/3664 3739/3483/3665 3802/3546/3715 3801/3545/3714
f 3739/3483/3665 3740/3484/3666 3803/3547/3716 3802/3546/3715
f 3740/3484/3666 3741/3485/3667 3804/3548/3717 3803/3547/3716
f 3741/3485/3667 3742/3486/3668 3805/3549/3718 3804/3548/3717
f 3742/3486/3668 3743/3487/3669 3806/3550/3719 3805/3549/3718
f 3743/3487/3669 3744/3488/3670 3807/3551/3720 3806/3550/3719
f 3744/3488/3670 3745/3489/3671 3808/3552/3721 3807/3551/3720
f 3745/3489/3671 3746/3490/3672 3809/3553/3479 3808/3552/3721
f 3746/3490/3672 3747/3491/3673 3810/3554/3722 3809/3553/3479
f 3747/3491/3673 3748/3492/3674 3811/3555/3723 3810/3554/3722
f 3748/3492/3674 3749/3493/3675 3812/3556/3724 3811/3555/3723
f 3749/3493/3675 3750/3494/3676 3813/3557/3725 3812/3556/3724
f 3750/3494/3676 3751/3495/3677 3814/3558/2848 3813/3557/3725
f 3751/3495/3677 3752/3496/2490 3815/3559/3571 3814/3558/2848
f 3752/3496/2490 3753/3497/3678 3816/3560/3571 3815/3559/3571
f 3753/3497/3678 3754/3498/3571 3817/3561/3571 3816/3560/3571
f 3754/3498/3571 3755/3499/3571 3818/3562/3571 3817/3561/3571
f 3755/3499/3571 3756/3500/3571 3819/3563/3571 3818/3562/3571
f 3756/3500/3571 3757/3501/3571 3820/3564/3571 3819/3563/3571
f 3757/3501/3571 3758/3502/3571 3821/3565/3571 3820/3564/3571
f 3758/3502/3571 3759/3503/3571 3822/3566/3571 3821/3565/3571
f 3759/3503/3571 3760/3504/3571 3823/3567/3571 3822/3566/3571
f 3760/3504/3571 3761/3505/3571 3824/3568/3571 3823/3567/3571
f 3761/3505/3571 3762/3506/3571 3825/3569/3571 3824/3568/3571
f 3762/3506/3571 3763/3507/3571 3826/3570/3571 3825/3569/3571
f 3763/3507/3571 3764/3508/3679 3827/3571/3726 3826/3570/3571
f 3764/3508/3679 3765/3509/3680 3828/3572/3727 3827/3571/3726
f 3765/3509/3680 3766/3510/3681 3829/3573/3728 3828/3572/3727
f 3766/3510/3681 3767/3511/3682 3830/3574/3729 3829/3573/3728
f 3767/3511/3682 3768/3512/3683 3831/3575/3730 3830/3574/3729
f 3768/3512/3683 3769/3513/3684 3832/3576/3731 3831/3575/3730
f 3769/3513/3684 3770/3514/3685 3833/3577/3732 3832/3576/3731
f 3770/3514/3685 3771/3515/3686 3834/3578/3733 3833/3577/3732
f 3771/3515/3686 3772/3516/3687 3835/3579/3734 3834/3578/3733
f 3772/3516/3687 3773/3517/3063 3836/3580/3735 3835/3579/3734
f 3773/3517/3063 3774/3518/3688 3837/3581/3736 3836/3580/3735
f 3774/3518/3688 3775/3519/3689 3838/3582/3737 3837/3581/3736
f 3775/3519/3689 3776/3520/3690 3839/3583/3738 3838/3582/3737
f 3776/3520/3690 3777/3521/3691 3840/3584/3739 3839/3583/3738
f 3777/3521/3691 3778/3522/3692 3841/3585/3740 3840/3584/3739
f 3778/3522/3692 3779/3523/3693 3842/3586/3741 3841/3585/3740
f 3779/3523/3693 3780/3524/3694 3843/3587/3742 3842/3586/3741
f 3780/3524/3694 3781/3525/3695 3844/3588/3743 3843/3587/3742
f 3781/3525/3695 3782/3526/3696 3845/3589/3744 3844/3588/3743
f 3782/3526/3696 3783/3527/3697 3846/3590/3745 3845/3589/3744
f 3783/3527/3697 3784/3528/3698 3847/3591/3746 3846/3590/3745
f 3785/3530/3699 3786/3529/3700 3849/3592/3748 3848/3593/3747
f 3786/3529/3700 3787/3531/3701 3850/3594/3749 3849/3592/3748
f 3787/3531/3701 3788/3532/3702 3851/3595/3750 3850/3594/3749
f 3788/3532/3702 3789/3533/3703 3852/3596/3751 3851/3595/3750
f 3789/3533/3703 3790/3534/3704 3853/3597/3752 3852/3596/3751
f 3790/3534/3704 3791/3535/3705 3854/3598/3753 3853/3597/3752
f 3791/3535/3705 3792/3536/3706 3855/3599/3754 3854/3598/3753
f 3792/3536/3706 3793/3537/3707 3856/3600/3755 3855/3599/3754
f 3793/3537/3707 3794/3538/3708 3857/3601/3756 3856/3600/3755
f 3794/3538/3708 3795/3539/3709 3858/3602/3757 3857/3601/3756
f 3795/3539/3709 3796/3540/3710 3859/3603/3758 3858/3602/3757
f 3796/3540/3710 3797/3541/3711 3860/3604/3759 3859/3603/3758
f 3797/3541/3711 3798/3542/3712 3861/3605/3760 3860/3604/3759
f 3798/3542/3712 3799/3543/2589 3862/3606/3761 3861/3605/3760
f 3799/3543/2589 3800/3544/3713 3863/3607/3762 3862/3606/3761
f 3800/3544/3713 3801/3545/3714 3864/3608/3763 3863/3607/3762
f 3801/3545/3714 3802/3546/3715 3865/3609/3764 3864/3608/3763
f 3802/3546/3715 3803/3547/3716 3866/3610/3765 3865/3609/3764
f 3803/3547/3716 3804/3548/3717 3867/3611/3766 3866/3610/3765
f 3804/3548/3717 3805/3549/3718 3868/3612/3767 3867/3611/3766
f 3805/3549/3718 3806/3550/3719 3869/3613/3768 3868/3612/3767
f 3806/3550/3719 3807/3551/3720 3870/3614/3769 3869/3613/3768
f 3807/3551/3720 3808/3552/3721 3871/3615/3770 3870/3614/3769
f 3808/3552/3721 3809/3553/3479 3872/3616/2582 3871/3615/3770
f 3809/3553/3479 3810/3554/3722 3873/3617/3771 3872/3616/2582
f 3810/3554/3722 3811/3555/3723 3874/3618/3772 3873/3617/3771
f 3811/3555/3723 3812/3556/3724 3875/3619/3773 3874/3618/3772
f 3812/3556/3724 3813/3557/3725 3876/3620/3774 3875/3619/3773
f 3813/3557/3725 3814/3558/2848 3877/3621/3571 3876/3620/3774
f 3814/3558/2848 3815/3559/3571 3878/3622/3571 3877/3621/3571
f 3815/3559/3571 3816/3560/3571 3879/3623/3571 3878/3622/3571
f 3816/3560/3571 3817/3561/3571 3880/3624/3571 3879/3623/3571
f 3817/3561/3571 3818/3562/3571 3881/3625/3571 3880/3624/3571
f 3818/3562/3571 3819/3563/3571 3882/3626/3571 3881/3625/3571
f 3819/3563/3571 3820/3564/3571 3883/3627/3571 3882/3626/3571
f 3820/3564/3571 3821/3565/3571 3884/3628/3571 3883/3627/3571
f 3821/3565/3571 3822/3566/3571 3885/3629/3571 3884/3628/3571
f 3822/3566/3571 3823/3567/3571 3886/3630/3571 3885/3629/3571
f 3823/3567/3571 3824/3568/3571 3887/3631/3571 3886/3630/3571
f 3824/3568/3571 3825/3569/3571 3888/3632/3571 3887/3631/3571
f 3825/3569/3571 3826/3570/3571 3889/3633/3571 3888/3632/3571
f 3826/3570/3571 3827/3571/3726 3890/3634/3775 3889/3633/3571
f 3827/3571/3726 3828/3572/3727 3891/3635/3776 3890/3634/3775
f 3828/3572/3727 3829/3573/3728 3892/3636/3777 3891/3635/3776
f 3829/3573/3728 3830/3574/3729 3893/3637/3778 3892/3636/3777
f 3830/3574/3729 3831/3575/3730 3894/3638/3779 3893/3637/3778
f 3831/3575/3730 3832/3576/3731 3895/3639/3780 3894/3638/3779
f 3832/3576/3731 3833/3577/3732 3896/3640/3781 3895/3639/3780
f 3833/3577/3732 3834/3578/3733 3897/3641/1684 3896/3640/3781
f 3834/3578/3733 3835/3579/3734 3898/3642/3782 3897/3641/1684
f 3835/3579/3734 3836/3580/3735 3899/3643/3783 3898/3642/3782
f 3836/3580/3735 3837/3581/3736 3900/3644/3784 3899/3643/3783
f 3837/3581/3736 3838/3582/3737 3901/3645/3785 3900/3644/3784
f 3838/3582/3737 3839/3583/3738 3902/3646/3786 3901/3645/3785
f 3839/3583/3738 3840/3584/3739 3903/3647/3787 3902/3646/3786
f 3840/3584/3739 3841/3585/3740 3904/3648/3788 3903/3647/3787
f 3841/3585/3740 3842/3586/3741 3905/3649/3789 3904/3648/3788
f 3842/3586/3741 3843/3587/3742 3906/3650/3790 3905/3649/3789
f 3843/3587/3742 3844/3588/3743 3907/3651/3791 3906/3650/3790
f 3844/3588/3743 3845/3589/3744 3908/3652/3792 3907/3651/3791
f 3845/3589/3744 3846/3590/3745 3909/3653/3571 3908/3652/3792
f 3846/3590/3745 3847/3591/3746 3910/3654/3793 3909/3653/3571
f 3848/3593/3747 3849/3592/3748 3912/3655/3795 3911/3656/3794
f 3849/3592/3748 3850/3594/3749 3913/3657/3796 3912/3655/3795
f 3850/3594/3749 3851/3595/3750 3914/3658/3797 3913/3657/3796
f 3851/3595/3750 3852/3596/3751 3915/3659/3798 3914/3658/3797
f 3852/3596/3751 3853/3597/3752 3916/3660/3799 3915/3659/3798
f 3853/3597/3752 3854/3598/3753 3917/3661/3800 3916/3660/3799
f 3854/3598/3753 3855/3599/3754 3918/3662/3801 3917/3661/3800
f 3855/3599/3754 3856/3600/3755 3919/3663/3802 3918/3662/3801
f 3856/3600/3755 3857/3601/3756 3920/3664/3803 3919/3663/3802
f 3857/3601/3756 3858/3602/3757 3921/3665/3804 3920/3664/3803
f 3858/3602/3757 3859/3603/3758 3922/3666/3805 3921/3665/3804
f 3859/3603/3758 3860/3604/3759 3923/3667/3806 3922/3666/3805
f 3860/3604/3759 3861/3605/3760 3924/3668/3807 3923/3667/3806
f 3861/3605/3760 3862/3606/3761 3925/3669/3808 3924/3668/3807
f 3862/3606/3761 3863/3607/3762 3926/3670/3809 3925/3669/3808
f 3863/3607/3762 3864/3608/3763 3927/3671/3810 3926/3670/3809
f 3864/3608/3763 3865/3609/3764 3928/3672/3811 3927/3671/3810
f 3865/3609/3764 3866/3610/3765 3929/3673/3812 3928/3672/3811
f 3866/3610/3765 3867/3611/3766 3930/3674/3813 3929/3673/3812
f 3867/3611/3766 3868/3612/3767 3931/3675/3814 3930/3674/3813
f 3868/3612/3767 3869/3613/3768 3932/3676/3815 3931/3675/3814
f 3869/3613/3768 3870/3614/3769 3933/3677/3816 3932/3676/3815
f 3870/3614/3769 3871/3615/3770 3934/3678/3817 3933/3677/3816
f 3871/3615/3770 3872/3616/2582 3935/3679/3818 3934/3678/3817
f 3872/3616/2582 3873/3617/3771 3936/3680/3819 3935/3679/3818
f 3873/3617/3771 3874/3618/3772 3937/3681/3820 3936/3680/3819
f 3874/3618/3772 3875/3619/3773 3938/3682/3821 3937/3681/3820
f 3875/3619/3773 3876/3620/3774 3939/3683/3571 3938/3682/3821
f 3876/3620/3774 3877/3621/3571 3940/3684/3571 3939/3683/3571
f 3877/3621/3571 3878/3622/3571 3941/3685/3571 3940/3684/3571
f 3878/3622/3571 3879/3623/3571 3942/3686/3571 3941/3685/3571
f 3879/3623/3571 3880/3624/3571 3943/3687/3571 3942/3686/3571
f 3880/3624/3571 3881/3625/3571 3944/3688/3571 3943/3687/3571
f 3881/3625/3571 3882/3626/3571 3945/3689/3571 3944/3688/3571
f 3882/3626/3571 3883/3627/3571 3946/3690/3571 3945/3689/3571
f 3883/3627/3571 3884/3628/3571 3947/3691/3571 3946/3690/3571
f 3884/3628/3571 3885/3629/3571 3948/3692/3571 3947/3691/3571
f 3885/3629/3571 3886/3630/3571 3949/3693/3571 3948/3692/3571
f 3886/3630/3571 3887/3631/3571 3950/3694/3571 3949/3693/3571
f 3887/3631/3571 3888/3632/3571 3951/3695/3571 3950/3694/3571
f 3888/3632/3571 3889/3633/3571 3952/3696/3571 3951/3695/3571
f 3889/3633/3571 3890/3634/3775 3953/3697/3822 3952/3696/3571
f 3890/3634/3775 3891/3635/3776 3954/3698/3823 3953/3697/3822
f 3891/3635/3776 3892/3636/3777 3955/3699/3824 3954/3698/3823
f 3892/3636/3777 3893/3637/3778 3956/3700/3825 3955/3699/3824
f 3893/3637/3778 3894/3638/3779 3957/3701/3826 3956/3700/3825
f 3894/3638/3779 3895/3639/3780 3958/3702/3827 3957/3701/3826
f 3895/3639/3780 3896/3640/3781 3959/3703/3828 3958/3702/3827
f 3896/3640/3781 3897/3641/1684 3960/3704/3829 3959/3703/3828
f 3897/3641/1684 3898/3642/3782 3961/3705/3830 3960/3704/3829
f 3898/3642/3782 3899/3643/3783 3962/3706/3831 3961/3705/3830
f 3899/3643/3783 3900/3644/3784 3963/3707/3832 3962/3706/3831
f 3900/3644/3784 3901/3645/3785 3964/3708/3833 3963/3707/3832
f 3901/3645/3785 3902/3646/3786 3965/3709/3834 3964/3708/3833
f 3902/3646/3786 3903/3647/3787 3966/3710/3618 3965/3709/3834
f 3903/3647/3787 3904/3648/3788 3967/3711/3835 3966/3710/3618
f 3904/3648/3788 3905/3649/3789 3968/3712/3836 3967/3711/3835
f 3905/3649/3789 3906/3650/3790 3969/3713/3837 3968/3712/3836
f 3906/3650/3790 3907/3651/3791 3970/3714/3838 3969/3713/3837
f 3907/3651/3791 3908/3652/3792 3971/3715/3570 3970/3714/3838
f 3908/3652/3792 3909/3653/3571 3972/3716/3571 3971/3715/3570
f 3909/3653/3571 3910/3654/3793 3973/3717/3839 3972/3716/3571
f 3911/3656/3794 3912/3655/3795 3975/3718/3841 3974/3719/3840
f 3912/3655/3795 3913/3657/3796 3976/3720/3842 3975/3718/3841
f 3913/3657/3796 3914/3658/3797 3977/3721/3843 3976/3720/3842
f 3914/3658/3797 3915/3659/3798 3978/3722/3844 3977/3721/3843
f 3915/3659/3798 3916/3660/3799 3979/3723/3845 3978/3722/3844
f 3916/3660/3799 3917/3661/3800 3980/3724/3846 3979/3723/3845
f 3917/3661/3800 3918/3662/3801 3981/3725/3847 3980/3724/3846
f 3918/3662/3801 3919/3663/3802 3982/3726/3848 3981/3725/3847
f 3919/3663/3802 3920/3664/3803 3983/3727/3849 3982/3726/3848
f 3920/3664/3803 3921/3665/3804 3984/3728/1748 3983/3727/3849
f 3921/3665/3804 3922/3666/3805 3985/3729/3850 3984/3728/1748
f 3922/3666/3805 3923/3667/3806 3986/3730/3851 3985/3729/3850
f 3923/3667/3806 3924/3668/3807 3987/3731/3852 3986/3730/3851
f 3924/3668/3807 3925/3669/3808 3988/3732/3853 3987/3731/3852
f 3925/3669/3808 3926/3670/3809 3989/3733/3854 3988/3732/3853
f 3926/3670/3809 3927/3671/3810 3990/3734/3855 3989/3733/3854
f 3927/3671/3810 3928/3672/3811 3991/3735/3856 3990/3734/3855
f 3928/3672/3811 3929/3673/3812 3992/3736/3857 3991/3735/3856
f 3929/3673/3812 3930/3674/3813 3993/3737/3858 3992/3736/3857
f 3930/3674/3813 3931/3675/3814 3994/3738/3859 3993/3737/3858
f 3931/3675/3814 3932/3676/3815 3995/3739/3860 3994/3738/3859
f 3932/3676/3815 3933/3677/3816 3996/3740/3861 3995/3739/3860
f 3933/3677/3816 3934/3678/3817 3997/3741/3862 3996/3740/3861
f 3934/3678/3817 3935/3679/3818 3998/3742/3863 3997/3741/3862
f 3935/3679/3818 3936/3680/3819 3999/3743/3864 3998/3742/3863
f 3936/3680/3819 3937/3681/3820 4000/3744/3865 3999/3743/3864
f 3937/3681/3820 3938/3682/3821 4001/3745/3866 4000/3744/3865
f 3938/3682/3821 3939/3683/3571 4002/3746/393 4001/3745/3866
f 3939/3683/3571 3940/3684/3571 4003/3747/3571 4002/3746/393
f 3940/3684/3571 3941/3685/3571 4004/3748/3571 4003/3747/3571
f 3941/3685/3571 3942/3686/3571 4005/3749/3571 4004/3748/3571
f 3942/3686/3571 3943/3687/3571 4006/3750/3571 4005/3749/3571
f 3943/3687/3571 3944/3688/3571 4007/3751/3571 4006/3750/3571
f 3944/3688/3571 3945/3689/3571 4008/3752/3571 4007/3751/3571
f 3945/3689/3571 3946/3690/3571 4009/3753/3571 4008/3752/3571
f 3946/3690/3571 3947/3691/3571 4010/3754/3571 4009/3753/3571
f 3947/3691/3571 3948/3692/3571 4011/3755/3571 4010/3754/3571
f 3948/3692/3571 3949/3693/3571 4012/3756/3571 4011/3755/3571
f 3949/3693/3571 3950/3694/3571 4013/3757/3571 4012/3756/3571
f 3950/3694/3571 3951/3695/3571 4014/3758/3570 4013/3757/3571
f 3951/3695/3571 3952/3696/3571 4015/3759/3867 4014/3758/3570
f 3952/3696/3571 3953/3697/3822 4016/3760/3868 4015/3759/3867
f 3953/3697/3822 3954/3698/3823 4017/3761/3869 4016/3760/3868
f 3954/3698/3823 3955/3699/3824 4018/3762/3870 4017/3761/3869
f 3955/3699/3824 3956/3700/3825 4019/3763/3871 4018/3762/3870
f 3956/3700/3825 3957/3701/3826 4020/3764/3872 4019/3763/3871
f 3957/3701/3826 3958/3702/3827 4021/3765/3873 4020/3764/3872
f 3958/3702/3827 3959/3703/3828 4022/3766/3874 4021/3765/3873
f 3959/3703/3828 3960/3704/3829 4023/3767/3875 4022/3766/3874
f 3960/3704/3829 3961/3705/3830 4024/3768/3876 4023/3767/3875
f 3961/3705/3830 3962/3706/3831 4025/3769/3877 4024/3768/3876
f 3962/3706/3831 3963/3707/3832 4026/3770/3878 4025/3769/3877
f 3963/3707/3832 3964/3708/3833 4027/3771/3879 4026/3770/3878
f 3964/3708/3833 3965/3709/3834 4028/3772/3880 4027/3771/3879
f 3965/3709/3834 3966/3710/3618 4029/3773/3881 4028/3772/3880
f 3966/3710/3618 3967/3711/3835 4030/3774/3882 4029/3773/3881
f 3967/3711/3835 3968/3712/3836 4031/3775/3883 4030/3774/3882
f 3968/3712/3836 3969/3713/3837 4032/3776/3884 4031/3775/3883
f 3969/3713/3837 3970/3714/3838 4033/3777/3274 4032/3776/3884
f 3970/3714/3838 3971/3715/3570 4034/3778/3571 4033/3777/3274
f 3971/3715/3570 3972/3716/3571 4035/3779/3571 4034/3778/3571
f 3972/3716/3571 3973/3717/3839 4036/3780/3885 4035/3779/3571
f 3974/3719/3840 3975/3718/3841 4038/3781/3887 4037/3782/3886
f 3975/3718/3841 3976/3720/3842 4039/3783/3888 4038/3781/3887
f 3976/3720/3842 3977/3721/3843 4040/3784/3889 4039/3783/3888
f 3977/3721/3843 3978/3722/3844 4041/3785/3890 4040/3784/3889
f 3978/3722/3844 3979/3723/3845 4042/3786/3891 4041/3785/3890
f 3979/3723/3845 3980/3724/3846 4043/3787/3892 4042/3786/3891
f 3980/3724/3846 3981/3725/3847 4044/3788/3893 4043/3787/3892
f 3981/3725/3847 3982/3726/3848 4045/3789/3894 4044/3788/3893
f 3982/3726/3848 3983/3727/3849 4046/3790/3895 4045/3789/3894
f 3983/3727/3849 3984/3728/1748 4047/3791/3896 4046/3790/3895
f 3984/3728/1748 3985/3729/3850 4048/3792/3897 4047/3791/3896
f 3985/3729/3850 3986/3730/3851 4049/3793/3898 4048/3792/3897
f 3986/3730/3851 3987/3731/3852 4050/3794/3899 4049/3793/3898
f 3987/3731/3852 3988/3732/3853 4051/3795/3900 4050/3794/3899
f 3988/3732/3853 3989/3733/3854 4052/3796/3901 4051/3795/3900
f 3989/3733/3854 3990/3734/3855 4053/3797/3902 4052/3796/3901
f 3990/3734/3855 3991/3735/3856 4054/3798/3903 4053/3797/3902
f 3991/3735/3856 3992/3736/3857 4055/3799/3904 4054/3798/3903
f 3992/3736/3857 3993/3737/3858 4056/3800/3905 4055/3799/3904
f 3993/3737/3858 3994/3738/3859 4057/3801/3906 4056/3800/3905
f 3994/3738/3859 3995/3739/3860 4058/3802/3907 4057/3801/3906
f 3995/3739/3860 3996/3740/3861 4059/3803/3908 4058/3802/3907
f 3996/3740/3861 3997/3741/3862 4060/3804/3909 4059/3803/3908
f 3997/3741/3862 3998/3742/3863 4061/3805/3910 4060/3804/3909
f 3998/3742/3863 3999/3743/3864 4062/3806/3911 4061/3805/3910
f 3999/3743/3864 4000/3744/3865 4063/3807/3912 4062/3806/3911
f 4000/3744/3865 4001/3745/3866 4064/3808/3913 4063/3807/3912
f 4001/3745/3866 4002/3746/393 4065/3809/3914 4064/3808/3913
f 4002/3746/393 4003/3747/3571 4066/3810/3915 4065/3809/3914
f 4003/3747/3571 4004/3748/3571 4067/3811/3571 4066/3810/3915
f 4004/3748/3571 4005/3749/3571 4068/3812/3571 4067/3811/3571
f 4005/3749/3571 4006/3750/3571 4069/3813/3571 4068/3812/3571
f 4006/3750/3571 4007/3751/3571 4070/3814/3571 4069/3813/3571
f 4007/3751/3571 4008/3752/3571 4071/3815/3571 4070/3814/3571
f 4008/3752/3571 4009/3753/3571 4072/3816/3571 4071/3815/3571
f 4009/3753/3571 4010/3754/3571 4073/3817/3678 4072/3816/3571
f 4010/3754/3571 4011/3755/3571 4074/3818/3916 4073/3817/3678
f 4011/3755/3571 4012/3756/3571 4075/3819/3917 4074/3818/3916
f 4012/3756/3571 4013/3757/3571 4076/3820/3918 4075/3819/3917
f 4013/3757/3571 4014/3758/3570 4077/3821/3919 4076/3820/3918
f 4014/3758/3570 4015/3759/3867 4078/3822/3920 4077/3821/3919
f 4015/3759/3867 4016/3760/3868 4079/3823/3921 4078/3822/3920
f 4016/3760/3868 4017/3761/3869 4080/3824/3922 4079/3823/3921
f 4017/3761/3869 4018/3762/3870 4081/3825/3923 4080/3824/3922
f 4018/3762/3870 4019/3763/3871 4082/3826/3924 4081/3825/3923
f 4019/3763/3871 4020/3764/3872 4083/3827/3925 4082/3826/3924
f 4020/3764/3872 4021/3765/3873 4084/3828/3926 4083/3827/3925
f 4021/3765/3873 4022/3766/3874 4085/3829/3927 4084/3828/3926
f 4022/3766/3874 4023/3767/3875 4086/3830/3928 4085/3829/3927
f 4023/3767/3875 4024/3768/3876 4087/3831/3929 4086/3830/3928
f 4024/3768/3876 4025/3769/3877 4088/3832/3930 4087/3831/3929
f 4025/3769/3877 4026/3770/3878 4089/3833/3931 4088/3832/3930
f 4026/3770/3878 4027/3771/3879 4090/3834/1725 4089/3833/3931
f 4027/3771/3879 4028/3772/3880 4091/3835/3932 4090/3834/1725
f 4028/3772/3880 4029/3773/3881 4092/3836/3933 4091/3835/3932
f 4029/3773/3881 4030/3774/3882 4093/3837/3934 4092/3836/3933
f 4030/3774/3882 4031/3775/3883 4094/3838/3935 4093/3837/3934
f 4031/3775/3883 4032/3776/3884 4095/3839/3936 4094/3838/3935
f 4032/3776/3884 4033/3777/3274 4096/3840/3571 4095/3839/3936
f 4033/3777/3274 4034/3778/3571 4097/3841/3571 4096/3840/3571
f 4034/3778/3571 4035/3779/3571 4098/3842/3571 4097/3841/3571
f 4035/3779/3571 4036/3780/3885 4099/3843/3937 4098/3842/3571
f 4037/3782/3886 4038/3781/3887 4101/3844/3939 4100/3845/3938
f 4038/3781/3887 4039/3783/3888 4102/3846/3940 4101/3844/3939
f 4039/3783/3888 4040/3784/3889 4103/3847/3941 4102/3846/3940
f 4040/3784/3889 4041/3785/3890 4104/3848/3942 4103/3847/3941
f 4041/3785/3890 4042/3786/3891 4105/3849/3943 4104/3848/3942
f 4042/3786/3891 4043/3787/3892 4106/3850/3944 4105/3849/3943
f 4043/3787/3892 4044/3788/3893 4107/3851/3945 4106/3850/3944
f 4044/3788/3893 4045/3789/3894 4108/3852/3946 4107/3851/3945
f 4045/3789/3894 4046/3790/3895 4109/3853/3947 4108/3852/3946
f 4046/3790/3895 4047/3791/3896 4110/3854/3948 4109/3853/3947
f 4047/3791/3896 4048/3792/3897 4111/3855/3949 4110/3854/3948
f 4048/3792/3897 4049/3793/3898 4112/3856/3950 4111/3855/3949
f 4049/3793/3898 4050/3794/3899 4113/3857/3626 4112/3856/3950
f 4050/3794/3899 4051/3795/3900 4114/3858/3951 4113/3857/3626
f 4051/3795/3900 4052/3796/3901 4115/3859/3952 4114/3858/3951
f 4052/3796/3901 4053/3797/3902 4116/3860/3953 4115/3859/3952
f 4053/3797/3902 4054/3798/3903 4117/3861/3954 4116/3860/3953
f 4054/3798/3903 4055/3799/3904 4118/3862/3955 4117/3861/3954
f 4055/3799/3904 4056/3800/3905 4119/3863/3956 4118/3862/3955
f 4056/3800/3905 4057/3801/3906 4120/3864/3957 4119/3863/3956
f 4057/3801/3906 4058/3802/3907 4121/3865/3958 4120/3864/3957
f 4058/3802/3907 4059/3803/3908 4122/3866/3959 4121/3865/3958
f 4059/3803/3908 4060/3804/3909 4123/3867/3960 4122/3866/3959
f 4060/3804/3909 4061/3805/3910 4124/3868/3961 4123/3867/3960
f 4061/3805/3910 4062/3806/3911 4125/3869/1248 4124/3868/3961
f 4062/3806/3911 4063/3807/3912 4126/3870/3962 4125/3869/1248
f 4063/3807/3912 4064/3808/3913 4127/3871/3963 4126/3870/3962
f 4064/3808/3913 4065/3809/3914 4128/3872/3964 4127/3871/3963
f 4065/3809/3914 4066/3810/3915 4129/3873/3965 4128/3872/3964
f 4066/3810/3915 4067/3811/3571 4130/3874/3966 4129/3873/3965
f 4067/3811/3571 4068/3812/3571 4131/3875/3571 4130/3874/3966
f 4068/3812/3571 4069/3813/3571 4132/3876/3571 4131/3875/3571
f 4069/3813/3571 4070/3814/3571 4133/3877/3571 4132/3876/3571
f 4070/3814/3571 4071/3815/3571 4134/3878/3967 4133/3877/3571
f 4071/3815/3571 4072/3816/3571 4135/3879/1125 4134/3878/3967
f 4072/3816/3571 4073/3817/3678 4136/3880/3968 4135/3879/1125
f 4073/3817/3678 4074/3818/3916 4137/3881/3969 4136/3880/3968
f 4074/3818/3916 4075/3819/3917 4138/3882/3970 4137/3881/3969
f 4075/3819/3917 4076/3820/3918 4139/3883/3971 4138/3882/3970
f 4076/3820/3918 4077/3821/3919 4140/3884/3972 4139/3883/3971
f 4077/3821/3919 4078/3822/3920 4141/3885/3973 4140/3884/3972
f 4078/3822/3920 4079/3823/3921 4142/3886/3974 4141/3885/3973
f 4079/3823/3921 4080/3824/3922 4143/3887/3975 4142/3886/3974
f 4080/3824/3922 4081/3825/3923 4144/3888/3976 4143/3887/3975
f 4081/3825/3923 4082/3826/3924 4145/3889/3977 4144/3888/3976
f 4082/3826/3924 4083/3827/3925 4146/3890/3978 4145/3889/3977
f 4083/3827/3925 4084/3828/3926 4147/3891/3979 4146/3890/3978
f 4084/3828/3926 4085/3829/3927 4148/3892/3980 4147/3891/3979
f 4085/3829/3927 4086/3830/3928 4149/3893/3981 4148/3892/3980
f 4086/3830/3928 4087/3831/3929 4150/3894/3982 4149/3893/3981
f 4087/3831/3929 4088/3832/3930 4151/3895/3983 4150/3894/3982
f 4088/3832/3930 4089/3833/3931 4152/3896/3984 4151/3895/3983
f 4089/3833/3931 4090/3834/1725 4153/3897/3985 4152/3896/3984
f 4090/3834/1725 4091/3835/3932 4154/3898/3986 4153/3897/3985
f 4091/3835/3932 4092/3836/3933 4155/3899/3987 4154/3898/3986
f 4092/3836/3933 4093/3837/3934 4156/3900/3988 4155/3899/3987
f 4093/3837/3934 4094/3838/3935 4157/3901/3989 4156/3900/3988
f 4094/3838/3935 4095/3839/3936 4158/3902/3990 4157/3901/3989
f 4095/3839/3936 4096/3840/3571 4159/3903/1249 4158/3902/3990
f 4096/3840/3571 4097/3841/3571 4160/3904/3571 4159/3903/1249
f 4097/3841/3571 4098/3842/3571 4161/3905/3571 4160/3904/3571
f 4098/3842/3571 4099/3843/3937 4162/3906/3991 4161/3905/3571
f 4100/3845/3938 4101/3844/3939 4164/3907/3993 4163/3908/3992
f 4101/3844/3939 4102/3846/3940 4165/3909/3994 4164/3907/3993
f 4102/3846/3940 4103/3847/3941 4166/3910/3995 4165/3909/3994
f 4103/3847/3941 4104/3848/3942 4167/3911/3996 4166/3910/3995
f 4104/3848/3942 4105/3849/3943 4168/3912/3997 4167/3911/3996
f 4105/3849/3943 4106/3850/3944 4169/3913/3998 4168/3912/3997
f 4106/3850/3944 4107/3851/3945 4170/3914/3999 4169/3913/3998
f 4107/3851/3945 4108/3852/3946 4171/3915/4000 4170/3914/3999
f 4108/3852/3946 4109/3853/3947 4172/3916/4001 4171/3915/4000
f 4109/3853/3947 4110/3854/3948 4173/3917/4002 4172/3916/4001
f 4110/3854/3948 4111/3855/3949 4174/3918/4003 4173/3917/4002
f 4111/3855/3949 4112/3856/3950 4175/3919/4004 4174/3918/4003
f 4112/3856/3950 4113/3857/3626 4176/3920/4005 4175/3919/4004
f 4113/3857/3626 4114/3858/3951 4177/3921/4006 4176/3920/4005
f 4114/3858/3951 4115/3859/3952 4178/3922/4007 4177/3921/4006
f 4115/3859/3952 4116/3860/3953 4179/3923/4008 4178/3922/4007
f 4116/3860/3953 4117/3861/3954 4180/3924/4009 4179/3923/4008
f 4117/3861/3954 4118/3862/3955 4181/3925/4010 4180/3924/4009
f 4118/3862/3955 4119/3863/3956 4182/3926/4011 4181/3925/4010
f 4119/3863/3956 4120/3864/3957 4183/3927/4012 4182/3926/4011
f 4120/3864/3957 4121/3865/3958 4184/3928/4013 4183/3927/4012
f 4121/3865/3958 4122/3866/3959 4185/3929/4014 4184/3928/4013
f 4122/3866/3959 4123/3867/3960 4186/3930/4015 4185/3929/4014
f 4123/3867/3960 4124/3868/3961 4187/3931/4016 4186/3930/4015
f 4124/3868/3961 4125/3869/1248 4188/3932/4017 4187/3931/4016
f 4125/3869/1248 4126/3870/3962 4189/3933/4018 4188/3932/4017
f 4126/3870/3962 4127/3871/3963 4190/3934/4019 4189/3933/4018
f 4127/3871/3963 4128/3872/3964 4191/3935/4020 4190/3934/4019
f 4128/3872/3964 4129/3873/3965 4192/3936/4021 4191/3935/4020
f 4129/3873/3965 4130/3874/3966 4193/3937/4022 4192/3936/4021
f 4130/3874/3966 4131/3875/3571 4194/3938/4023 4193/3937/4022
f 4131/3875/3571 4132/3876/3571 4195/3939/4024 4194/3938/4023
f 4132/3876/3571 4133/3877/3571 4196/3940/4025 4195/3939/4024
f 4133/3877/3571 4134/3878/3967 4197/3941/4026 4196/3940/4025
f 4134/3878/3967 4135/3879/1125 4198/3942/4027 4197/3941/4026
f 4135/3879/1125 4136/3880/3968 4199/3943/4028 4198/3942/4027
f 4136/3880/3968 4137/3881/3969 4200/3944/4029 4199/3943/4028
f 4137/3881/3969 4138/3882/3970 4201/3945/4030 4200/3944/4029
f 4138/3882/3970 4139/3883/3971 4202/3946/4031 4201/3945/4030
f 4139/3883/3971 4140/3884/3972 4203/3947/4032 4202/3946/4031
f 4140/3884/3972 4141/3885/3973 4204/3948/4033 4203/3947/4032
f 4141/3885/3973 4142/3886/3974 4205/3949/4034 4204/3948/4033
f 4142/3886/3974 4143/3887/3975 4206/3950/4035 4205/3949/4034
f 4143/3887/3975 4144/3888/3976 4207/3951/4036 4206/3950/4035
f 4144/3888/3976 4145/3889/3977 4208/3952/4037 4207/3951/4036
f 4145/3889/3977 4146/3890/3978 4209/3953/4038 4208/3952/4037
f 4146/3890/3978 4147/3891/3979 4210/3954/4039 4209/3953/4038
f 4147/3891/3979 4148/3892/3980 4211/3955/4040 4210/3954/4039
f 4148/3892/3980 4149/3893/3981 4212/3956/4041 4211/3955/4040
f 4149/3893/3981 4150/3894/3982 4213/3957/4042 4212/3956/4041
f 4150/3894/3982 4151/3895/3983 4214/3958/4043 4213/3957/4042
f 4151/3895/3983 4152/3896/3984 4215/3959/4044 4214/3958/4043
f 4152/3896/3984 4153/3897/3985 4216/3960/4045 4215/3959/4044
f 4153/3897/3985 4154/3898/3986 4217/3961/4046 4216/3960/4045
f 4154/3898/3986 4155/3899/3987 4218/3962/4047 4217/3961/4046
f 4155/3899/3987 4156/3900/3988 4219/3963/4048 4218/3962/4047
f 4156/3900/3988 4157/3901/3989 4220/3964/4049 4219/3963/4048
f 4157/3901/3989 4158/3902/3990 4221/3965/4050 4220/3964/4049
f 4158/3902/3990 4159/3903/1249 4222/3966/4051 4221/3965/4050
f 4159/3903/1249 4160/3904/3571 4223/3967/4052 4222/3966/4051
f 4160/3904/3571 4161/3905/3571 4224/3968/4053 4223/3967/4052
f 4161/3905/3571 4162/3906/3991 4225/3969/4054 4224/3968/4053
f 1/3970/1 68/3971/68 257/1/257 67/3972/67
f 68/3971/68 69/3973/69 258/2/258 257/1/257
f 69/3973/69 70/3974/70 259/5/259 258/2/258
f 70/3974/70 71/3975/71 260/7/260 259/5/259
f 71/3975/71 72/3976/72 261/9/261 260/7/260
f 72/3976/72 73/3977/73 262/11/262 261/9/261
f 73/3977/73 74/3978/74 263/13/263 262/11/262
f 74/3978/74 75/3979/75 264/15/264 263/13/263
f 75/3979/75 76/3980/76 265/17/265 264/15/264
f 76/3980/76 77/3981/77 266/19/266 265/17/265
f 77/3981/77 78/3982/78 267/21/267 266/19/266
f 78/3982/78 79/3983/79 268/23/268 267/21/267
f 79/3983/79 80/3984/80 269/25/269 268/23/268
f 80/3984/80 81/3985/81 270/27/270 269/25/269
f 81/3985/81 82/3986/82 271/29/271 270/27/270
f 82/3986/82 83/3987/83 272/31/272 271/29/271
f 83/3987/83 84/3988/84 273/33/273 272/31/272
f 84/3988/84 85/3989/85 274/35/274 273/33/273
f 85/3989/85 86/3990/86 275/37/275 274/35/274
f 86/3990/86 87/3991/87 276/39/276 275/37/275
f 87/3991/87 88/3992/88 277/41/277 276/39/276
f 88/3992/88 89/3993/89 278/43/278 277/41/277
f 89/3993/89 90/3994/90 279/45/279 278/43/278
f 90/3994/90 91/3995/91 280/47/280 279/45/279
f 91/3995/91 92/3996/92 281/49/281 280/47/280
f 92/3996/92 93/3997/93 282/51/282 281/49/281
f 93/3997/93 94/3998/94 283/53/283 282/51/282
f 94/3998/94 95/3999/95 284/55/284 283/53/283
f 95/3999/95 96/4000/96 285/57/285 284/55/284
f 96/4000/96 97/4001/97 286/59/286 285/57/285
f 97/4001/97 98/4002/98 287/61/287 286/59/286
f 98/4002/98 99/4003/99 288/63/288 287/61/287
f 99/4003/99 100/4004/100 289/65/289 288/63/288
f 100/4004/100 101/4005/101 290/67/290 289/65/289
f 101/4005/101 102/4006/102 291/69/291 290/67/290
f 102/4006/102 103/4007/103 292/71/292 291/69/291
f 103/4007/103 104/4008/104 293/73/293 292/71/292
f 104/4008/104 105/4009/105 294/75/294 293/73/293
f 105/4009/105 106/4010/106 295/77/295 294/75/294
f 106/4010/106 107/4011/107 296/79/296 295/77/295
f 107/4011/107 108/4012/108 297/81/297 296/79/296
f 108/4012/108 109/4013/109 298/83/298 297/81/297
f 109/4013/109 110/4014/110 299/85/299 298/83/298
f 110/4014/110 111/4015/111 300/87/300 299/85/299
f 111/4015/111 112/4016/112 301/89/301 300/87/300
f 112/4016/112 113/4017/113 302/91/302 301/89/301
f 113/4017/113 114/4018/114 303/93/303 302/91/302
f 114/4018/114 115/4019/115 304/95/304 303/93/303
f 115/4019/115 116/4020/116 305/97/305 304/95/304
f 116/4020/116 117/4021/117 306/99/306 305/97/305
f 117/4021/117 118/4022/118 307/101/307 306/99/306
f 118/4022/118 119/4023/119 308/103/308 307/101/307
f 119/4023/119 120/4024/120 309/105/309 308/103/308
f 120/4024/120 121/4025/121 310/107/310 309/105/309
f 121/4025/121 122/4026/122 311/109/311 310/107/310
f 122/4026/122 123/4027/123 312/111/312 311/109/311
f 123/4027/123 124/4028/124 313/113/313 312/111/312
f 124/4028/124 125/4029/125 314/115/314 313/113/313
f 125/4029/125 126/4030/126 315/117/315 314/115/314
f 126/4030/126 127/4031/127 316/119/316 315/117/315
f 127/4031/127 128/4032/128 317/121/317 316/119/316
f 128/4032/128 129/4033/129 318/123/318 317/121/317
f 129/4033/129 130/4034/130 319/125/319 318/123/318
f 130/4034/130 2/4035/2 131/4036/131 319/125/319
f 319/125/319 131/4036/131 132/4037/132 382/126/382
f 382/126/382 132/4037/132 133/4038/133 445/189/445
f 445/189/445 133/4038/133 134/4039/134 508/252/506
f 508/252/506 134/4039/134 135/4040/135 571/315/569
f 571/315/569 135/4040/135 136/4041/136 634/378/632
f 634/378/632 136/4041/136 137/4042/137 697/441/695
f 697/441/695 137/4042/137 138/4043/138 760/504/758
f 760/504/758 138/4043/138 139/4044/139 823/567/821
f 823/567/821 139/4044/139 140/4045/140 886/630/883
f 886/630/883 140/4045/140 141/4046/141 949/693/946
f 949/693/946 141/4046/141 142/4047/142 1012/756/1009
f 1012/756/1009 142/4047/142 143/4048/143 1075/819/1072
f 1075/819/1072 143/4048/143 144/4049/144 1138/882/1134
f 1138/882/1134 144/4049/144 145/4050/145 1201/945/1197
f 1201/945/1197 145/4050/145 146/4051/146 1264/1008/1260
f 1264/1008/1260 146/4051/146 147/4052/147 1327/1071/1323
f 1327/1071/1323 147/4052/147 148/4053/148 1390/1134/1385
f 1390/1134/1385 148/4053/148 149/4054/149 1453/1197/1448
f 1453/1197/1448 149/4054/149 150/4055/150 1516/1260/1510
f 1516/1260/1510 150/4055/150 151/4056/151 1579/1323/1573
f 1579/1323/1573 151/4056/151 152/4057/152 1642/1386/1633
f 1642/1386/1633 152/4057/152 153/4058/153 1705/1449/1694
f 1705/1449/1694 153/4058/153 154/4059/154 1768/1512/1754
f 1768/1512/1754 154/4059/154 155/4060/155 1831/1575/1816
f 1831/1575/1816 155/4060/155 156/4061/156 1894/1638/1879
f 1894/1638/1879 156/4061/156 157/4062/157 1957/1701/1941
f 1957/1701/1941 157/4062/157 158/4063/158 2020/1764/2003
f 2020/1764/2003 158/4063/158 159/4064/159 2083/1827/2064
f 2083/1827/2064 159/4064/159 160/4065/160 2146/1890/2126
f 2146/1890/2126 160/4065/160 161/4066/161 2209/1953/2188
f 2209/1953/2188 161/4066/161 162/4067/162 2272/2016/2251
f 2272/2016/2251 162/4067/162 163/4068/163 2335/2079/2313
f 2335/2079/2313 163/4068/163 164/4069/164 2398/2142/2375
f 2398/2142/2375 164/4069/164 165/4070/165 2461/2205/2436
f 2461/2205/2436 165/4070/165 166/4071/166 2524/2268/2498
f 2524/2268/2498 166/4071/166 167/4072/167 2587/2331/2561
f 2587/2331/2561 167/4072/167 168/4073/168 2650/2394/2623
f 2650/2394/2623 168/4073/168 169/4074/169 2713/2457/2682
f 2713/2457/2682 169/4074/169 170/4075/170 2776/2520/2743
f 2776/2520/2743 170/4075/170 171/4076/171 2839/2583/2805
f 2839/2583/2805 171/4076/171 172/4077/172 2902/2646/2867
f 2902/2646/2867 172/4077/172 173/4078/173 2965/2709/2930
f 2965/2709/2930 173/4078/173 174/4079/174 3028/2772/2990
f 3028/2772/2990 174/4079/174 175/4080/175 3091/2835/3052
f 3091/2835/3052 175/4080/175 176/4081/176 3154/2898/3114
f 3154/2898/3114 176/4081/176 177/4082/177 3217/2961/3175
f 3217/2961/3175 177/4082/177 178/4083/178 3280/3024/3237
f 3280/3024/3237 178/4083/178 179/4084/179 3343/3087/3299
f 3343/3087/3299 179/4084/179 180/4085/180 3406/3150/3355
f 3406/3150/3355 180/4085/180 181/4086/181 3469/3213/3413
f 3469/3213/3413 181/4086/181 182/4087/182 3532/3276/3473
f 3532/3276/3473 182/4087/182 183/4088/183 3595/3339/3535
f 3595/3339/3535 183/4088/183 184/4089/184 3658/3402/3594
f 3658/3402/3594 184/4089/184 185/4090/185 3721/3465/3647
f 3721/3465/3647 185/4090/185 186/4091/186 3784/3528/3698
f 3784/3528/3698 186/4091/186 187/4092/187 3847/3591/3746
f 3847/3591/3746 187/4092/187 188/4093/188 3910/3654/3793
f 3910/3654/3793 188/4093/188 189/4094/189 3973/3717/3839
f 3973/3717/3839 189/4094/189 190/4095/190 4036/3780/3885
f 4036/3780/3885 190/4095/190 191/4096/191 4099/3843/3937
f 4099/3843/3937 191/4096/191 192/4097/192 4162/3906/3991
f 4162/3906/3991 192/4097/192 193/4098/193 4225/3969/4054
f 4225/3969/4054 193/4098/193 4/4099/4 194/4100/194
f 4224/3968/4053 4225/3969/4054 194/4100/194 195/4101/195
f 4223/3967/4052 4224/3968/4053 195/4101/195 196/4102/196
f 4222/3966/4051 4223/3967/4052 196/4102/196 197/4103/197
f 4221/3965/4050 4222/3966/4051 197/4103/197 198/4104/198
f 4220/3964/4049 4221/3965/4050 198/4104/198 199/4105/199
f 4219/3963/4048 4220/3964/4049 199/4105/199 200/4106/200
f 4218/3962/4047 4219/3963/4048 200/4106/200 201/4107/201
f 4217/3961/4046 4218/3962/4047 201/4107/201 202/4108/202
f 4216/3960/4045 4217/3961/4046 202/4108/202 203/4109/203
f 4215/3959/4044 4216/3960/4045 203/4109/203 204/4110/204
f 4214/3958/4043 4215/3959/4044 204/4110/204 205/4111/205
f 4213/3957/4042 4214/3958/4043 205/4111/205 206/4112/206
f 4212/3956/4041 4213/3957/4042 206/4112/206 207/4113/207
f 4211/3955/4040 4212/3956/4041 207/4113/207 208/4114/208
f 4210/3954/4039 4211/3955/4040 208/4114/208 209/4115/209
f 4209/3953/4038 4210/3954/4039 209/4115/209 210/4116/210
f 4208/3952/4037 4209/3953/4038 210/4116/210 211/4117/211
f 4207/3951/4036 4208/3952/4037 211/4117/211 212/4118/212
f 4206/3950/4035 4207/3951/4036 212/4118/212 213/4119/213
f 4205/3949/4034 4206/3950/4035 213/4119/213 214/4120/214
f 4204/3948/4033 4205/3949/4034 214/4120/214 215/4121/215
f 4203/3947/4032 4204/3948/4033 215/4121/215 216/4122/216
f 4202/3946/4031 4203/3947/4032 216/4122/216 217/4123/217
f 4201/3945/4030 4202/3946/4031 217/4123/217 218/4124/218
f 4200/3944/4029 4201/3945/4030 218/4124/218 219/4125/219
f 4199/3943/4028 4200/3944/4029 219/4125/219 220/4126/220
f 4198/3942/4027 4199/3943/4028 220/4126/220 221/4127/221
f 4197/3941/4026 4198/3942/4027 221/4127/221 222/4128/222
f 4196/3940/4025 4197/3941/4026 222/4128/222 223/4129/223
f 4195/3939/4024 4196/3940/4025 223/4129/223 224/4130/224
f 4194/3938/4023 4195/3939/4024 224/4130/224 225/4131/225
f 4193/3937/4022 4194/3938/4023 225/4131/225 226/4132/226
f 4192/3936/4021 4193/3937/4022 226/4132/226 227/4133/227
f 4191/3935/4020 4192/3936/4021 227/4133/227 228/4134/228
f 4190/3934/4019 4191/3935/4020 228/4134/228 229/4135/229
f 4189/3933/4018 4190/3934/4019 229/4135/229 230/4136/230
f 4188/3932/4017 4189/3933/4018 230/4136/230 231/4137/231
f 4187/3931/4016 4188/3932/4017 231/4137/231 232/4138/232
f 4186/3930/4015 4187/3931/4016 232/4138/232 233/4139/233
f 4185/3929/4014 4186/3930/4015 233/4139/233 234/4140/234
f 4184/3928/4013 4185/3929/4014 234/4140/234 235/4141/235
f 4183/3927/4012 4184/3928/4013 235/4141/235 236/4142/236
f 4182/3926/4011 4183/3927/4012 236/4142/236 237/4143/237
f 4181/3925/4010 4182/3926/4011 237/4143/237 238/4144/238
f 4180/3924/4009 4181/3925/4010 238/4144/238 239/4145/239
f 4179/3923/4008 4180/3924/4009 239/4145/239 240/4146/240
f 4178/3922/4007 4179/3923/4008 240/4146/240 241/4147/241
f 4177/3921/4006 4178/3922/4007 241/4147/241 242/4148/242
f 4176/3920/4005 4177/3921/4006 242/4148/242 243/4149/243
f 4175/3919/4004 4176/3920/4005 243/4149/243 244/4150/244
f 4174/3918/4003 4175/3919/4004 244/4150/244 245/4151/245
f 4173/3917/4002 4174/3918/4003 245/4151/245 246/4152/246
f 4172/3916/4001 4173/3917/4002 246/4152/246 247/4153/247
f 4171/3915/4000 4172/3916/4001 247/4153/247 248/4154/248
f 4170/3914/3999 4171/3915/4000 248/4154/248 249/4155/249
f 4169/3913/3998 4170/3914/3999 249/4155/249 250/4156/250
f 4168/3912/3997 4169/3913/3998 250/4156/250 251/4157/251
f 4167/3911/3996 4168/3912/3997 251/4157/251 252/4158/252
f 4166/3910/3995 4167/3911/3996 252/4158/252 253/4159/253
f 4165/3909/3994 4166/3910/3995 253/4159/253 254/4160/254
f 4164/3907/3993 4165/3909/3994 254/4160/254 255/4161/255
f 4163/3908/3992 4164/3907/3993 255/4161/255 256/4162/256
f 5/4163/5 4163/3908/3992 256/4162/256 3/4164/3
f 6/4165/6 4100/3845/3938 4163/3908/3992 5/4163/5
f 7/4166/7 4037/3782/3886 4100/3845/3938 6/4165/6
f 8/4167/8 3974/3719/3840 4037/3782/3886 7/4166/7
f 9/4168/9 3911/3656/3794 3974/3719/3840 8/4167/8
f 10/4169/10 3848/3593/3747 3911/3656/3794 9/4168/9
f 11/4170/11 3785/3530/3699 3848/3593/3747 10/4169/10
f 12/4171/12 3722/3467/3648 3785/3530/3699 11/4170/11
f 13/4172/13 3659/3404/3595 3722/3467/3648 12/4171/12
f 14/4173/14 3596/3341/3536 3659/3404/3595 13/4172/13
f 15/4174/15 3533/3278/3474 3596/3341/3536 14/4173/14
f 16/4175/16 3470/3215/3414 3533/3278/3474 15/4174/15
f 17/4176/17 3407/3152/3356 3470/3215/3414 16/4175/16
f 18/4177/18 3344/3089/3300 3407/3152/3356 17/4176/17
f 19/4178/19 3281/3026/3238 3344/3089/3300 18/4177/18
f 20/4179/20 3218/2963/3176 3281/3026/3238 19/4178/19
f 21/4180/21 3155/2900/3115 3218/2963/3176 20/4179/20
f 22/4181/22 3092/2837/3053 3155/2900/3115 21/4180/21
f 23/4182/23 3029/2774/2991 3092/2837/3053 22/4181/22
f 24/4183/24 2966/2711/2931 3029/2774/2991 23/4182/23
f 25/4184/25 2903/2648/2868 2966/2711/2931 24/4183/24
f 26/4185/26 2840/2585/2806 2903/2648/2868 25/4184/25
f 27/4186/27 2777/2522/2744 2840/2585/2806 26/4185/26
f 28/4187/28 2714/2459/2683 2777/2522/2744 27/4186/27
f 29/4188/29 2651/2396/2624 2714/2459/2683 28/4187/28
f 30/4189/30 2588/2333/2562 2651/2396/2624 29/4188/29
f 31/4190/31 2525/2270/2499 2588/2333/2562 30/4189/30
f 32/4191/32 2462/2207/2437 2525/2270/2499 31/4190/31
f 33/4192/33 2399/2144/2376 2462/2207/2437 32/4191/32
f 34/4193/34 2336/2081/2314 2399/2144/2376 33/4192/33
f 35/4194/35 2273/2018/2252 2336/2081/2314 34/4193/34
f 36/4195/36 2210/1955/2189 2273/2018/2252 35/4194/35
f 37/4196/37 2147/1892/2127 2210/1955/2189 36/4195/36
f 38/4197/38 2084/1829/2065 2147/1892/2127 37/4196/37
f 39/4198/39 2021/1766/2004 2084/1829/2065 38/4197/38
f 40/4199/40 1958/1703/1942 2021/1766/2004 39/4198/39
f 41/4200/41 1895/1640/1880 1958/1703/1942 40/4199/40
f 42/4201/42 1832/1577/1817 1895/1640/1880 41/4200/41
f 43/4202/43 1769/1514/1755 1832/1577/1817 42/4201/42
f 44/4203/44 1706/1451/1695 1769/1514/1755 43/4202/43
f 45/4204/45 1643/1388/1634 1706/1451/1695 44/4203/44
f 46/4205/46 1580/1325/1574 1643/1388/1634 45/4204/45
f 47/4206/47 1517/1262/1511 1580/1325/1574 46/4205/46
f 48/4207/48 1454/1199/1449 1517/1262/1511 47/4206/47
f 49/4208/49 1391/1136/1386 1454/1199/1449 48/4207/48
f 50/4209/50 1328/1073/1324 1391/1136/1386 49/4208/49
f 51/4210/51 1265/1010/1261 1328/1073/1324 50/4209/50
f 52/4211/52 1202/947/1198 1265/1010/1261 51/4210/51
f 53/4212/53 1139/884/1135 1202/947/1198 52/4211/52
f 54/4213/54 1076/821/1073 1139/884/1135 53/4212/53
f 55/4214/55 1013/758/1010 1076/821/1073 54/4213/54
f 56/4215/56 950/695/947 1013/758/1010 55/4214/55
f 57/4216/57 887/632/884 950/695/947 56/4215/56
f 58/4217/58 824/569/822 887/632/884 57/4216/57
f 59/4218/59 761/506/759 824/569/822 58/4217/58
f 60/4219/60 698/443/696 761/506/759 59/4218/59
f 61/4220/61 635/380/633 698/443/696 60/4219/60
f 62/4221/62 572/317/570 635/380/633 61/4220/61
f 63/4222/63 509/254/507 572/317/570 62/4221/62
f 64/4223/64 446/191/446 509/254/507 63/4222/63
f 65/4224/65 383/128/383 446/191/446 64/4223/64
f 66/4225/66 320/4/320 383/128/383 65/4224/65
f 67/3972/67 257/1/257 320/4/320 66/4225/66
