# Blender 4.4.3
# www.blender.org
o SM_Terrain
v 114.518967 -29.999981 -114.071976
v -114.518967 -29.999981 -114.071976
v 114.518967 -29.999981 114.071976
v -114.518967 -29.999981 114.071976
v 114.518967 -29.999981 106.466896
v 114.518967 -29.999981 98.862122
v 114.518967 -29.999981 91.257339
v 114.518967 -29.999981 83.652557
v 114.518967 -29.999981 76.047775
v 114.518967 -29.999981 68.443001
v 114.518967 -29.999981 60.838223
v 114.518967 -29.999981 53.233444
v 114.518967 -29.999981 45.628666
v 114.518967 -29.999981 38.023888
v 114.518967 -29.999981 30.419109
v 114.518967 -29.999981 22.814331
v 114.518967 -29.999981 15.209553
v 114.518967 -29.999981 7.604775
v 114.518967 -29.999981 -0.000003
v 114.518967 -29.999981 -7.604781
v 114.518967 -29.999981 -15.209558
v 114.518967 -29.999981 -22.814337
v 114.518967 -29.999981 -30.419115
v 114.518967 -29.999981 -38.023891
v 114.518967 -29.999981 -45.628670
v 114.518967 -29.999981 -53.233448
v 114.518967 -29.999981 -60.838226
v 114.518967 -29.999981 -68.443001
v 114.518967 -29.999981 -76.047775
v 114.518967 -29.999981 -83.652557
v 114.518967 -29.999981 -91.257332
v 114.518967 -29.999981 -98.862106
v 114.518967 -29.999981 -106.466888
v -114.518967 -29.999981 -106.466896
v -114.518967 -29.999981 -98.862122
v -114.518967 -29.999981 -91.257339
v -114.518967 -29.999981 -83.652557
v -114.518967 -29.999981 -76.047775
v -114.518967 -29.999981 -68.443001
v -114.518967 -29.999981 -60.838223
v -114.518967 -29.999981 -53.233444
v -114.518967 -29.999981 -45.628666
v -114.518967 -29.999981 -38.023888
v -114.518967 -29.999981 -30.419109
v -114.518967 -29.999981 -22.814331
v -114.518967 -29.999981 -15.209553
v -114.518967 -29.999981 -7.604775
v -114.518967 -29.999981 0.000003
v -114.518967 -29.999981 7.604781
v -114.518967 -29.999981 15.209558
v -114.518967 -29.999981 22.814337
v -114.518967 -29.999981 30.419115
v -114.518967 -29.999981 38.023891
v -114.518967 -29.999981 45.628670
v -114.518967 -29.999981 53.233448
v -114.518967 -29.999981 60.838226
v -114.518967 -29.999981 68.443001
v -114.518967 -29.999981 76.047775
v -114.518967 -29.999981 83.652557
v -114.518967 -29.999981 91.257332
v -114.518967 -29.999981 98.862106
v -114.518967 -29.999981 106.466888
v 107.361565 -29.999981 -114.071976
v 100.204124 -29.999981 -114.071976
v 93.046684 -29.999981 -114.071976
v 85.889244 -29.999981 -114.071976
v 78.731804 -29.999981 -114.071976
v 71.574364 -29.999981 -114.071976
v 64.416924 -29.999981 -114.071976
v 57.259487 -29.999981 -114.071976
v 50.102051 -29.999981 -114.071976
v 42.944614 -29.999981 -114.071976
v 35.787178 -29.999981 -114.071976
v 28.629740 -29.999981 -114.071976
v 21.472301 -29.999981 -114.071976
v 14.314864 -29.999981 -114.071976
v 7.157427 -29.999981 -114.071976
v -0.000010 -29.999981 -114.071976
v -7.157448 -29.999981 -114.071976
v -14.314885 -29.999981 -114.071976
v -21.472322 -29.999981 -114.071976
v -28.629761 -29.999981 -114.071976
v -35.787197 -29.999981 -114.071976
v -42.944633 -29.999981 -114.071976
v -50.102070 -29.999981 -114.071976
v -57.259506 -29.999981 -114.071976
v -64.416946 -29.999981 -114.071976
v -71.574387 -29.999981 -114.071976
v -78.731827 -29.999981 -114.071976
v -85.889267 -29.999981 -114.071976
v -93.046700 -29.999981 -114.071976
v -100.204132 -29.999981 -114.071976
v -107.361572 -29.999981 -114.071976
v -107.361565 -29.999981 114.071976
v -100.204124 -29.999981 114.071976
v -93.046684 -29.999981 114.071976
v -85.889244 -29.999981 114.071976
v -78.731804 -29.999981 114.071976
v -71.574364 -29.999981 114.071976
v -64.416924 -29.999981 114.071976
v -57.259487 -29.999981 114.071976
v -50.102051 -29.999981 114.071976
v -42.944614 -29.999981 114.071976
v -35.787178 -29.999981 114.071976
v -28.629740 -29.999981 114.071976
v -21.472301 -29.999981 114.071976
v -14.314864 -29.999981 114.071976
v -7.157427 -29.999981 114.071976
v 0.000010 -29.999981 114.071976
v 7.157448 -29.999981 114.071976
v 14.314885 -29.999981 114.071976
v 21.472322 -29.999981 114.071976
v 28.629761 -29.999981 114.071976
v 35.787197 -29.999981 114.071976
v 42.944633 -29.999981 114.071976
v 50.102070 -29.999981 114.071976
v 57.259506 -29.999981 114.071976
v 64.416946 -29.999981 114.071976
v 71.574387 -29.999981 114.071976
v 78.731827 -29.999981 114.071976
v 85.889267 -29.999981 114.071976
v 93.046700 -29.999981 114.071976
v 100.204132 -29.999981 114.071976
v 107.361572 -29.999981 114.071976
v -114.518967 -7.940217 -114.071945
v -107.361565 -6.216196 -114.071945
v -100.204124 -4.801133 -114.071945
v -93.046684 -4.080305 -114.071945
v -85.889244 -3.721682 -114.071945
v -78.731804 -3.477737 -114.071945
v -71.574364 -1.346244 -114.071945
v -64.416924 -1.085351 -114.071945
v -57.259487 -1.639083 -114.071945
v -50.102051 -4.163106 -114.071945
v -42.944614 -4.886480 -114.071945
v -35.787178 -6.216192 -114.071945
v -28.629740 -7.940217 -114.071945
v -21.472301 -6.661143 -114.071945
v -14.314864 -2.260295 -114.071945
v -7.157427 0.383250 -114.071945
v 0.000010 1.960663 -114.071945
v 7.157448 3.045812 -114.071945
v 14.314885 3.910583 -114.071945
v 21.472322 4.677859 -114.071945
v 28.629761 5.465757 -114.071945
v 35.787197 7.456192 -114.071945
v 42.944633 4.385719 -114.071945
v 50.102070 0.000000 -114.071945
v 57.259506 0.000000 -114.071945
v 64.416946 0.000000 -114.071945
v 71.574387 0.000000 -114.071945
v 78.731827 0.000000 -114.071945
v 85.889267 0.000000 -114.071945
v 93.046700 0.000000 -114.071945
v 100.204132 0.000000 -114.071945
v 107.361572 0.000000 -114.071945
v 114.518974 0.000000 -114.071945
v -114.518967 -6.281741 -106.466896
v -107.361565 -4.923000 -106.466896
v -100.204124 -3.996652 -106.466896
v -93.046684 -3.234233 -106.466896
v -85.889244 1.165056 -106.466896
v -78.731804 2.953883 -106.466896
v -71.574364 3.768859 -106.466896
v -64.416924 3.916897 -106.466896
v -57.259487 3.446592 -106.466896
v -50.102051 2.264864 -106.466896
v -42.944614 -0.051230 -106.466896
v -35.787178 -5.016097 -106.466896
v -28.629740 -5.315246 -106.466896
v -21.472301 -1.340461 -106.466896
v -14.314864 1.524831 -106.466896
v -7.157427 3.457709 -106.466896
v 0.000010 4.821273 -106.466896
v 7.157448 5.810401 -106.466896
v 14.314885 6.697631 -106.466896
v 21.472322 7.621614 -106.466896
v 28.629761 8.919508 -106.466896
v 35.787197 10.375809 -106.466896
v 42.944633 8.475694 -106.466896
v 50.102070 5.032992 -106.466896
v 57.259506 0.000000 -106.466896
v 64.416946 0.000000 -106.466896
v 71.574387 0.000000 -106.466896
v 78.731827 0.000000 -106.466896
v 85.889267 0.000000 -106.466896
v 93.046700 0.000000 -106.466896
v 100.204132 0.000000 -106.466896
v 107.361572 0.000000 -106.466896
v 114.518974 0.000000 -106.466888
v -114.518967 -5.054257 -98.862122
v -107.361565 -4.108531 -98.862122
v -100.204124 -2.142282 -98.862122
v -93.046684 2.252100 -98.862122
v -85.889244 4.374534 -98.862122
v -78.731804 5.589564 -98.862122
v -71.574364 6.199435 -98.862122
v -64.416924 6.300735 -98.862122
v -57.259487 5.910650 -98.862122
v -50.102051 4.983725 -98.862122
v -42.944614 3.377189 -98.862122
v -35.787178 0.758342 -98.862122
v -28.629740 -0.034748 -98.862122
v -21.472301 1.730629 -98.862122
v -14.314864 3.797282 -98.862122
v -7.157427 5.556897 -98.862122
v 0.000010 6.919923 -98.862122
v 7.157448 8.037354 -98.862122
v 14.314885 9.015009 -98.862122
v 21.472322 10.207561 -98.862122
v 28.629761 13.166870 -98.862122
v 35.787197 12.162930 -98.862122
v 42.944633 10.595456 -98.862122
v 50.102070 8.136478 -98.862122
v 57.259506 4.108391 -98.862122
v 64.416946 1.846364 -98.862122
v 71.574387 1.882125 -98.862122
v 78.731827 1.684190 -98.862122
v 85.889267 0.847830 -98.862122
v 93.046700 0.000000 -98.862122
v 100.204132 0.000000 -98.862122
v 107.361572 0.000000 -98.862114
v 114.518974 0.000000 -98.862106
v -114.518967 -4.431198 -91.257339
v -107.361565 -2.330493 -91.257339
v -100.204124 2.203660 -91.257339
v -93.046684 4.540942 -91.257339
v -85.889244 6.139106 -91.257339
v -78.731804 7.176124 -91.257339
v -71.574364 7.706175 -91.257339
v -64.416924 12.498060 -91.257339
v -57.259487 13.731701 -91.257339
v -50.102051 13.385002 -91.257339
v -42.944614 11.715859 -91.257339
v -35.787178 8.513813 -91.257339
v -28.629740 6.691133 -91.257339
v -21.472301 5.067014 -91.257339
v -14.314864 5.514760 -91.257339
v -7.157427 7.127272 -91.257339
v 0.000010 8.605560 -91.257339
v 7.157448 9.873655 -91.257339
v 14.314885 11.304617 -91.257339
v 21.472322 13.554100 -91.257339
v 28.629761 14.213928 -91.257339
v 35.787197 13.290676 -91.257339
v 42.944633 15.325144 -91.257339
v 50.102070 14.428757 -91.257339
v 57.259506 12.580057 -91.257339
v 64.416946 8.329794 -91.257339
v 71.574387 7.117075 -91.257339
v 78.731827 3.406212 -91.257339
v 85.889267 3.079707 -91.257339
v 93.046700 2.440313 -91.257339
v 100.204132 1.006911 -91.257339
v 107.361572 0.000000 -91.257339
v 114.518974 0.000000 -91.257339
v -114.518967 -2.761238 -83.652557
v -107.361565 1.999356 -83.652557
v -100.204124 4.402411 -83.652557
v -93.046684 6.104898 -83.652557
v -85.889244 7.256178 -83.652557
v -78.731804 13.054955 -83.652557
v -71.574364 16.587488 -83.652557
v -64.416924 18.226254 -83.652557
v -57.259487 18.723583 -83.652557
v -50.102051 18.330822 -83.652557
v -42.944614 16.971704 -83.652557
v -35.787178 15.385636 -83.652557
v -28.629740 17.544388 -83.652557
v -21.472301 14.684168 -83.652557
v -14.314864 6.913658 -83.652557
v -7.157427 8.394527 -83.652557
v 0.000010 9.988115 -83.652557
v 7.157448 11.683944 -83.652557
v 14.314885 14.132361 -83.652557
v 21.472322 15.311295 -83.652557
v 28.629761 18.429165 -83.652557
v 35.787197 19.812342 -83.652557
v 42.944633 19.636818 -83.652557
v 50.102070 18.952778 -83.652557
v 57.259506 17.148851 -83.652557
v 64.416946 12.459102 -83.652557
v 71.574387 11.814266 -83.652557
v 78.731827 10.497408 -83.652557
v 85.889267 7.865664 -83.652557
v 93.046700 3.623138 -83.652557
v 100.204132 2.861097 -83.652557
v 107.361572 1.353818 -83.652557
v 114.518974 0.000000 -83.652557
v -114.518967 1.309511 -76.047775
v -107.361565 4.174042 -76.047775
v -100.204124 5.887052 -76.047775
v -93.046684 7.116982 -76.047775
v -85.889244 13.676744 -76.047775
v -78.731804 17.666573 -76.047775
v -71.574364 24.337677 -76.047775
v -64.416924 27.474665 -76.047775
v -57.259487 26.175144 -76.047775
v -50.102051 21.027943 -76.047775
v -42.944614 19.753605 -76.047775
v -35.787178 18.560341 -76.047775
v -28.629740 21.029022 -76.047775
v -21.472301 19.983801 -76.047775
v -14.314864 15.603484 -76.047775
v -7.157427 9.350401 -76.047775
v 0.000010 11.357199 -76.047775
v 7.157448 13.921453 -76.047775
v 14.314885 15.659758 -76.047775
v 21.472322 19.585785 -76.047775
v 28.629761 21.649727 -76.047775
v 35.787197 22.200787 -76.047775
v 42.944633 22.228771 -76.047775
v 50.102070 21.467442 -76.047775
v 57.259506 19.644325 -76.047775
v 64.416946 14.910671 -76.047775
v 71.574387 14.399006 -76.047775
v 78.731827 13.401671 -76.047775
v 85.889267 11.675694 -76.047775
v 93.046700 8.593897 -76.047775
v 100.204132 3.709999 -76.047775
v 107.361572 2.722323 -76.047775
v 114.518974 0.000000 -76.047775
v -114.518967 3.130898 -68.443001
v -107.361565 5.526256 -68.443001
v -100.204124 7.060475 -68.443001
v -93.046684 11.665465 -68.443001
v -85.889244 17.251543 -68.443001
v -78.731804 24.688122 -68.443001
v -71.574364 28.417713 -68.443001
v -64.416924 30.781628 -68.443001
v -57.259487 29.767771 -68.443001
v -50.102051 22.706055 -68.443001
v -42.944614 24.431658 -68.443001
v -35.787178 24.521469 -68.443001
v -28.629740 26.925037 -68.443001
v -21.472301 26.903839 -68.443001
v -14.314864 23.766216 -68.443001
v -7.157427 14.706310 -68.443001
v 0.000010 11.243153 -68.443001
v 7.157448 15.441374 -68.443001
v 14.314885 18.207323 -68.443001
v 21.472322 21.808193 -68.443001
v 28.629761 23.159100 -68.443001
v 35.787197 23.788490 -68.443001
v 42.944633 23.683115 -68.443001
v 50.102070 22.818024 -68.443001
v 57.259506 20.854364 -68.443001
v 64.416946 16.519690 -68.443001
v 71.574387 16.068710 -68.443001
v 78.731827 15.203691 -68.443001
v 85.889267 13.756420 -68.443001
v 93.046700 11.452600 -68.443001
v 100.204132 6.980750 -68.443001
v 107.361572 3.375721 -68.443001
v 114.518974 1.905426 -68.443001
v -114.518967 3.973300 -60.838223
v -107.361565 6.196549 -60.838223
v -100.204124 7.653528 -60.838223
v -93.046684 15.330475 -60.838223
v -85.889244 23.694946 -60.838223
v -78.731804 28.100576 -60.838223
v -71.574364 30.904169 -60.838223
v -64.416924 31.760464 -60.838223
v -57.259487 33.278049 -60.838223
v -50.102051 33.133511 -60.838223
v -42.944614 29.120390 -60.838223
v -35.787178 29.075212 -60.838223
v -28.629740 28.876909 -60.838223
v -21.472301 31.169746 -60.838223
v -14.314864 29.764687 -60.838223
v -7.157427 25.546604 -60.838223
v 0.000010 12.932407 -60.838223
v 7.157448 15.083332 -60.838223
v 14.314885 20.174717 -60.838223
v 21.472322 22.686562 -60.838223
v 28.629761 23.906370 -60.838223
v 35.787197 24.446123 -60.838223
v 42.944633 24.220818 -60.838223
v 50.102070 23.207558 -60.838223
v 57.259506 20.849699 -60.838223
v 64.416946 17.533689 -60.838223
v 71.574387 17.114752 -60.838223
v 78.731827 16.316914 -60.838223
v 85.889267 14.999376 -60.838223
v 93.046700 12.975840 -60.838223
v 100.204132 9.666319 -60.838223
v 107.361572 3.712971 -60.838223
v 114.518974 2.453836 -60.838226
v -114.518967 4.175598 -53.233444
v -107.361565 6.357728 -53.233444
v -100.204124 7.795588 -53.233444
v -93.046684 16.760050 -53.233444
v -85.889244 26.766781 -53.233444
v -78.731804 30.258009 -53.233444
v -71.574364 31.599344 -53.233444
v -64.416924 35.646385 -53.233444
v -57.259487 38.016422 -53.233444
v -50.102051 37.668018 -53.233444
v -42.944614 36.456066 -53.233444
v -35.787178 31.852686 -53.233444
v -28.629740 31.151711 -53.233444
v -21.472301 32.792034 -53.233444
v -14.314864 32.665821 -53.233444
v -7.157427 30.011953 -53.233444
v 0.000010 20.950935 -53.233444
v 7.157448 16.670380 -53.233444
v 14.314885 20.511866 -53.233444
v 21.472322 22.695297 -53.233444
v 28.629761 23.837759 -53.233444
v 35.787197 24.259096 -53.233444
v 42.944633 23.886808 -53.233444
v 50.102070 22.589325 -53.233444
v 57.259506 18.189516 -53.233444
v 64.416946 18.058186 -53.233444
v 71.574387 17.655439 -53.233444
v 78.731827 16.890491 -53.233444
v 85.889267 15.633523 -53.233444
v 93.046700 13.730011 -53.233444
v 100.204132 10.757200 -53.233444
v 107.361572 3.818775 -53.233444
v 114.518974 2.789942 -53.233444
v -114.518967 4.027746 -45.628666
v -107.361565 6.162878 -45.628666
v -100.204124 7.622303 -45.628666
v -93.046684 16.993088 -45.628666
v -85.889244 25.044394 -45.628666
v -78.731804 28.895573 -45.628666
v -71.574364 33.806057 -45.628666
v -64.416924 37.619297 -45.628666
v -57.259487 39.499886 -45.628666
v -50.102051 40.372387 -45.628666
v -42.944614 39.911270 -45.628666
v -35.787178 38.404182 -45.628666
v -28.629740 33.211117 -45.628666
v -21.472301 31.968121 -45.628666
v -14.314864 33.594906 -45.628666
v -7.157427 31.996153 -45.628666
v 0.000010 24.398096 -45.628666
v 7.157448 23.059574 -45.628666
v 14.314885 24.144657 -45.628666
v 21.472322 21.913185 -45.628666
v 28.629761 23.017536 -45.628666
v 35.787197 23.239729 -45.628666
v 42.944633 22.599375 -45.628666
v 50.102070 20.363405 -45.628666
v 57.259506 18.336115 -45.628666
v 64.416946 18.206343 -45.628666
v 71.574387 17.808584 -45.628666
v 78.731827 17.053219 -45.628666
v 85.889267 15.813360 -45.628666
v 93.046700 13.984371 -45.628666
v 100.204132 11.255116 -45.628666
v 107.361572 4.256909 -45.628666
v 114.518974 3.430484 -45.628670
v -114.518967 3.294290 -38.023888
v -107.361565 5.586528 -38.023888
v -100.204124 7.116199 -38.023888
v -93.046684 16.155645 -38.023888
v -85.889244 19.838303 -38.023888
v -78.731804 28.050682 -38.023888
v -71.574364 35.538048 -38.023888
v -64.416924 38.359848 -38.023888
v -57.259487 39.967697 -38.023888
v -50.102051 41.379826 -38.023888
v -42.944614 42.317184 -38.023888
v -35.787178 41.401955 -38.023888
v -28.629740 39.287365 -38.023888
v -21.472301 33.575592 -38.023888
v -14.314864 31.636328 -38.023888
v -7.157427 32.134579 -38.023888
v 0.000010 26.846678 -38.023888
v 7.157448 25.006321 -38.023888
v 14.314885 27.844330 -38.023888
v 21.472322 24.015779 -38.023888
v 28.629761 21.200346 -38.023888
v 35.787197 21.126354 -38.023888
v 42.944633 19.346666 -38.023888
v 50.102070 18.058187 -38.023888
v 57.259506 18.189516 -38.023888
v 64.416946 18.058186 -38.023888
v 71.574387 17.655439 -38.023888
v 78.731827 16.890491 -38.023888
v 85.889267 15.753770 -38.023888
v 93.046700 13.991989 -38.023888
v 100.204132 11.193188 -38.023888
v 107.361572 4.529011 -38.023888
v 114.518974 3.762830 -38.023888
v -114.518967 1.733560 -30.419109
v -107.361565 4.530805 -30.419109
v -100.204124 6.304256 -30.419109
v -93.046684 14.370546 -30.419109
v -85.889244 18.909678 -30.419109
v -78.731804 24.549349 -30.419109
v -71.574364 34.357670 -30.419109
v -64.416924 38.562183 -30.419109
v -57.259487 40.209229 -30.419109
v -50.102051 41.728329 -30.419109
v -42.944614 42.774826 -30.419109
v -35.787178 43.197300 -30.419109
v -28.629740 41.822922 -30.419109
v -21.472301 34.431225 -30.419109
v -14.314864 32.960579 -30.419109
v -7.157427 31.142975 -30.419109
v 0.000010 25.301208 -30.419109
v 7.157448 24.297283 -30.419109
v 14.314885 26.603344 -30.419109
v 21.472322 23.310879 -30.419109
v 28.629761 20.963783 -30.419109
v 35.787197 16.448692 -30.419109
v 42.944633 17.183601 -30.419109
v 50.102070 17.602520 -30.419109
v 57.259506 17.738880 -30.419109
v 64.416946 17.602520 -30.419109
v 71.574387 17.183599 -30.419109
v 78.731827 16.448690 -30.419109
v 85.889267 15.262373 -30.419109
v 93.046700 13.388349 -30.419111
v 100.204132 10.269033 -30.419113
v 107.361572 4.616148 -30.419113
v 114.518974 3.867270 -30.419113
v -114.518967 -1.824378 -22.814331
v -107.361565 2.929189 -22.814331
v -100.204124 5.468211 -22.814331
v -93.046684 10.655884 -22.814331
v -85.889244 16.793894 -22.814331
v -78.731804 20.112406 -22.814331
v -71.574364 31.604254 -22.814331
v -64.416924 36.652565 -22.814331
v -57.259487 40.054848 -22.814331
v -50.102051 41.559406 -22.814331
v -42.944614 42.507458 -22.814331
v -35.787178 45.817734 -22.814331
v -28.629740 45.456940 -22.814331
v -21.472301 38.807625 -22.814331
v -14.314864 38.213314 -22.814331
v -7.157427 31.621901 -22.814331
v 0.000010 23.780670 -22.814331
v 7.157448 21.716482 -22.814331
v 14.314885 21.763941 -22.814331
v 21.472322 20.106209 -22.814331
v 28.629761 20.630064 -22.814331
v 35.787197 19.248545 -22.814331
v 42.944633 16.350218 -22.814331
v 50.102070 18.006207 -22.814331
v 57.259506 19.069437 -22.814331
v 64.416946 19.169157 -22.814331
v 71.574387 18.533175 -22.814331
v 78.731827 16.958014 -22.814331
v 85.889267 14.241075 -22.814331
v 93.046700 12.101748 -22.814333
v 100.204132 7.855823 -22.814335
v 107.361572 4.599609 -22.814335
v 114.518974 3.847513 -22.814335
v -114.518967 -3.243248 -15.209553
v -107.361565 1.208648 -15.209553
v -100.204124 4.607537 -15.209553
v -93.046684 6.386513 -15.209553
v -85.889244 13.058719 -15.209553
v -78.731804 17.630501 -15.209553
v -71.574364 25.491352 -15.209553
v -64.416924 35.757225 -15.209553
v -57.259487 39.320114 -15.209553
v -50.102051 43.616306 -15.209553
v -42.944614 46.409775 -15.209553
v -35.787178 46.516113 -15.209553
v -28.629740 47.505173 -15.209553
v -21.472301 47.767635 -15.209553
v -14.314864 43.670189 -15.209553
v -7.157427 36.015533 -15.209553
v 0.000010 29.261148 -15.209553
v 7.157448 25.507624 -15.209553
v 14.314885 19.148739 -15.209553
v 21.472322 18.959631 -15.209553
v 28.629761 20.530481 -15.209553
v 35.787197 22.308399 -15.209553
v 42.944633 22.797300 -15.209553
v 50.102070 24.090481 -15.209554
v 57.259506 24.675655 -15.209555
v 64.416946 24.663727 -15.209555
v 71.574387 24.061771 -15.209555
v 78.731827 22.402903 -15.209556
v 85.889267 18.889175 -15.209557
v 93.046700 11.630173 -15.209557
v 100.204132 5.029988 -15.209557
v 107.361572 4.512152 -15.209558
v 114.518974 3.742522 -15.209558
v -114.518967 -3.075849 -7.604775
v -107.361565 -2.574496 -7.604775
v -100.204124 2.294016 -7.604775
v -93.046684 4.750432 -7.604775
v -85.889244 6.379503 -7.604775
v -78.731804 13.101284 -7.604775
v -71.574364 21.553108 -7.604775
v -64.416924 30.510580 -7.604775
v -57.259487 39.288559 -7.604775
v -50.102051 44.571712 -7.604775
v -42.944614 46.796528 -7.604775
v -35.787178 48.505527 -7.604775
v -28.629740 49.551334 -7.604775
v -21.472301 46.304604 -7.604776
v -14.314864 41.809628 -7.604776
v -7.157427 39.386742 -7.604776
v 0.000010 35.612270 -7.604776
v 7.157448 28.056133 -7.604777
v 14.314885 22.805374 -7.604777
v 21.472322 15.416575 -7.604777
v 28.629761 20.977896 -7.604777
v 35.787197 23.673531 -7.604778
v 42.944633 25.267269 -7.604778
v 50.102070 26.462364 -7.604778
v 57.259506 26.980904 -7.604778
v 64.416946 26.894360 -7.604779
v 71.574387 26.119537 -7.604779
v 78.731827 24.354774 -7.604779
v 85.889267 20.615120 -7.604779
v 93.046700 14.272346 -7.604780
v 100.204132 11.942323 -7.604780
v 107.361572 8.979053 -7.604780
v 114.518974 8.123739 -7.604780
v -114.518967 -3.159170 0.000003
v -107.361565 -2.667677 0.000003
v -100.204124 -2.260315 0.000002
v -93.046684 2.899819 0.000002
v -85.889244 5.363226 0.000002
v -78.731804 6.999599 0.000002
v -71.574364 8.173635 0.000002
v -64.416924 21.367317 0.000002
v -57.259487 29.974558 0.000001
v -50.102051 39.623226 0.000001
v -42.944614 44.211098 0.000001
v -35.787178 45.765839 0.000001
v -28.629740 42.602470 0.000001
v -21.472301 42.602394 0.000001
v -14.314864 42.127323 0.000000
v -7.157427 41.130768 0.000000
v 0.000010 38.008137 0.000000
v 7.157448 33.329468 -0.000000
v 14.314885 21.942070 -0.000000
v 21.472322 20.073151 -0.000001
v 28.629761 19.516390 -0.000001
v 35.787197 19.707581 -0.000001
v 42.944633 24.088001 -0.000001
v 50.102070 25.782499 -0.000001
v 57.259506 26.406651 -0.000001
v 64.416946 26.183962 -0.000002
v 71.574387 24.874107 -0.000002
v 78.731827 20.673046 -0.000002
v 85.889267 19.347439 -0.000002
v 93.046700 17.358368 -0.000002
v 100.204132 15.855307 -0.000002
v 107.361572 13.001517 -0.000003
v 114.518974 10.443497 -0.000003
v -114.518967 -3.243248 7.604781
v -107.361565 -2.743796 7.604781
v -100.204124 -2.414617 7.604781
v -93.046684 0.267405 7.604781
v -85.889244 3.848196 7.604781
v -78.731804 5.571229 7.604781
v -71.574364 6.885878 7.604781
v -64.416924 14.536524 7.604781
v -57.259487 20.977068 7.604781
v -50.102051 25.183495 7.604781
v -42.944614 34.716408 7.604780
v -35.787178 39.937214 7.604780
v -28.629740 42.273769 7.604780
v -21.472301 42.251358 7.604780
v -14.314864 41.735687 7.604779
v -7.157427 40.663757 7.604779
v 0.000010 38.860050 7.604779
v 7.157448 34.057724 7.604779
v 14.314885 27.029724 7.604778
v 21.472322 26.808258 7.604778
v 28.629761 25.136841 7.604778
v 35.787197 26.140486 7.604778
v 42.944633 26.468611 7.604777
v 50.102070 25.788631 7.604777
v 57.259506 22.921358 7.604777
v 64.416946 23.055485 7.604777
v 71.574387 22.977224 7.604776
v 78.731827 22.397799 7.604776
v 85.889267 21.188908 7.604776
v 93.046700 19.598644 7.604776
v 100.204132 17.916023 7.604775
v 107.361572 15.310753 7.604775
v 114.518974 10.873708 7.604775
v -114.518967 -3.505033 15.209558
v -107.361565 -2.979157 15.209558
v -100.204124 -2.635352 15.209558
v -93.046684 -2.342972 15.209558
v -85.889244 0.679210 15.209558
v -78.731804 3.690853 15.209558
v -71.574364 5.029639 15.209558
v -64.416924 11.538893 15.209558
v -57.259487 17.738333 15.209558
v -50.102051 23.023960 15.209558
v -42.944614 29.943787 15.209558
v -35.787178 35.970657 15.209558
v -28.629740 41.180977 15.209558
v -21.472301 41.123966 15.209558
v -14.314864 40.504028 15.209558
v -7.157427 39.190926 15.209558
v 0.000010 36.630020 15.209558
v 7.157448 36.430672 15.209558
v 14.314885 35.962406 15.209558
v 21.472322 36.536472 15.209558
v 28.629761 28.866165 15.209558
v 35.787197 30.002533 15.209558
v 42.944633 30.421206 15.209558
v 50.102070 30.180191 15.209558
v 57.259506 29.269838 15.209557
v 64.416946 27.255348 15.209557
v 71.574387 23.938028 15.209557
v 78.731827 23.377497 15.209556
v 85.889267 22.218859 15.209555
v 93.046700 20.991478 15.209555
v 100.204132 19.357145 15.209555
v 107.361572 16.789280 15.209554
v 114.518974 10.604562 15.209553
v -114.518967 -3.893469 22.814337
v -107.361565 -3.243248 22.814337
v -100.204124 -2.743796 22.814337
v -93.046684 -2.414617 22.814337
v -85.889244 -2.226204 22.814337
v -78.731804 -0.408784 22.814337
v -71.574364 2.778066 22.814337
v -64.416924 11.018078 22.814337
v -57.259487 14.702141 22.814337
v -50.102051 17.614656 22.814337
v -42.944614 22.662369 22.814337
v -35.787178 28.981142 22.814337
v -28.629740 37.427277 22.814337
v -21.472301 38.647694 22.814337
v -14.314864 37.528698 22.814337
v -7.157427 34.788696 22.814337
v 0.000010 37.757607 22.814337
v 7.157448 39.388607 22.814337
v 14.314885 39.569374 22.814337
v 21.472322 40.493290 22.814337
v 28.629761 35.571770 22.814337
v 35.787197 38.433697 22.814337
v 42.944633 38.873405 22.814337
v 50.102070 38.743549 22.814337
v 57.259506 37.954117 22.814337
v 64.416946 36.682838 22.814337
v 71.574387 34.146862 22.814337
v 78.731827 26.768360 22.814337
v 85.889267 22.570131 22.814335
v 93.046700 21.588989 22.814335
v 100.204132 19.921721 22.814335
v 107.361572 17.253046 22.814333
v 114.518974 11.361251 22.814331
v -114.518967 -3.799287 30.419115
v -107.361565 -3.160358 30.419115
v -100.204124 -2.743796 30.419115
v -93.046684 -2.414617 30.419115
v -85.889244 -2.226203 30.419115
v -78.731804 -2.164765 30.419115
v -71.574364 1.711105 30.419115
v -64.416924 10.300757 30.419115
v -57.259487 14.332580 30.419115
v -50.102051 17.598820 30.419115
v -42.944614 20.258947 30.419115
v -35.787178 27.183102 30.419115
v -28.629740 33.354740 30.419115
v -21.472301 33.691429 30.419115
v -14.314864 34.980721 30.419115
v -7.157427 36.733795 30.419115
v 0.000010 39.808437 30.419115
v 7.157448 40.743500 30.419115
v 14.314885 40.664391 30.419115
v 21.472322 41.245697 30.419115
v 28.629761 38.582939 30.419115
v 35.787197 40.954842 30.419115
v 42.944633 41.270813 30.419115
v 50.102070 41.201462 30.419115
v 57.259506 40.525875 30.419115
v 64.416946 39.313251 30.419115
v 71.574387 37.483448 30.419115
v 78.731827 31.986530 30.419115
v 85.889267 27.065084 30.419113
v 93.046700 27.780321 30.419113
v 100.204132 25.949289 30.419113
v 107.361572 22.681675 30.419111
v 114.518974 18.151426 30.419109
v -114.518967 -3.054600 38.023891
v -107.361565 -2.896480 38.023891
v -100.204124 -2.635352 38.023891
v -93.046684 -2.342972 38.023891
v -85.889244 -2.156893 38.023891
v -78.731804 -2.096183 38.023891
v -71.574364 2.457719 38.023891
v -64.416924 9.778352 38.023891
v -57.259487 14.082466 38.023891
v -50.102051 17.294291 38.023891
v -42.944614 19.990826 38.023891
v -35.787178 28.641872 38.023891
v -28.629740 33.727966 38.023891
v -21.472301 34.735069 38.023891
v -14.314864 34.630161 38.023891
v -7.157427 38.628216 38.023891
v 0.000010 40.572601 38.023891
v 7.157448 41.224411 38.023891
v 14.314885 40.948563 38.023891
v 21.472322 42.269588 38.023891
v 28.629761 40.340878 38.023891
v 35.787197 41.227375 38.023891
v 42.944633 41.436771 38.023891
v 50.102070 41.296169 38.023891
v 57.259506 40.671711 38.023891
v 64.416946 39.383945 38.023891
v 71.574387 37.760323 38.023891
v 78.731827 34.875168 38.023891
v 85.889267 28.202303 38.023891
v 93.046700 28.295717 38.023891
v 100.204132 26.085657 38.023891
v 107.361572 22.598667 38.023891
v 114.518974 19.739912 38.023888
v -114.518967 -2.478743 45.628670
v -107.361565 -2.552787 45.628670
v -100.204124 -2.414617 45.628670
v -93.046684 -2.226204 45.628670
v -85.889244 -2.156893 45.628670
v -78.731804 -2.013692 45.628670
v -71.574364 2.947841 45.628670
v -64.416924 8.125002 45.628670
v -57.259487 13.201102 45.628670
v -50.102051 16.368059 45.628670
v -42.944614 18.792116 45.628670
v -35.787178 27.322731 45.628670
v -28.629740 31.107794 45.628670
v -21.472301 34.126041 45.628670
v -14.314864 34.013557 45.628670
v -7.157427 38.909801 45.628670
v 0.000010 40.499878 45.628670
v 7.157448 40.953842 45.628670
v 14.314885 40.424667 45.628670
v 21.472322 39.576237 45.628670
v 28.629761 40.027287 45.628670
v 35.787197 41.050560 45.628670
v 42.944633 41.307274 45.628670
v 50.102070 40.906925 45.628670
v 57.259506 40.062305 45.628670
v 64.416946 38.773743 45.628670
v 71.574387 37.016190 45.628670
v 78.731827 34.343750 45.628670
v 85.889267 26.577822 45.628670
v 93.046700 26.242958 45.628670
v 100.204132 23.446150 45.628670
v 107.361572 21.259274 45.628670
v 114.518974 19.739912 45.628670
v -114.518967 -2.006721 53.233448
v -107.361565 -2.198921 53.233448
v -100.204124 -2.143711 53.233448
v -93.046684 -2.156893 53.233448
v -85.889244 -2.096183 53.233448
v -78.731804 -2.096183 53.233448
v -71.574364 2.457719 53.233448
v -64.416924 5.415348 53.233448
v -57.259487 10.731175 53.233448
v -51.830482 14.513275 53.233448
v -45.207932 17.125416 53.233448
v -35.787178 23.286776 53.233448
v -28.629740 27.737715 53.233448
v -21.472301 31.569355 53.233448
v -14.314864 31.441919 53.233448
v -7.157427 38.213161 53.233448
v 0.000010 39.620731 53.233448
v 7.157448 39.842381 53.233448
v 14.314885 38.733509 53.233448
v 21.472322 36.126797 53.233448
v 28.629761 38.789253 53.233448
v 35.787197 40.214630 53.233448
v 42.944633 40.612255 53.233448
v 50.102070 40.283134 53.233448
v 57.259506 39.237221 53.233448
v 64.416946 37.296051 53.233448
v 71.574387 34.974068 53.233448
v 78.731827 32.101494 53.233448
v 85.889267 23.039988 53.233448
v 93.046700 23.596922 53.233448
v 100.204132 22.090778 53.233448
v 107.361572 19.739912 53.233448
v 114.518974 19.739912 53.233444
v -114.518967 -1.493579 60.838226
v -107.361565 -1.732114 60.838226
v -100.204124 -1.980236 60.838226
v -93.046684 -2.013697 60.838226
v -85.889244 -2.096183 60.838226
v -78.731804 -2.096183 60.838226
v -71.574364 0.798937 60.838226
v -64.416924 4.573106 60.838226
v -57.259487 6.663617 60.838226
v -52.383984 11.261546 60.838226
v -45.803967 14.604923 60.838226
v -38.122231 17.059004 60.838226
v -28.629740 24.159630 60.838226
v -21.472301 29.978148 60.838226
v -14.314864 29.490738 60.838226
v -7.157427 36.378761 60.838226
v 0.000010 37.614548 60.838226
v 7.157448 37.198635 60.838226
v 14.314885 35.284527 60.838226
v 21.472322 35.922352 60.838226
v 28.629761 36.218094 60.838226
v 35.787197 38.243992 60.838226
v 42.944633 39.121178 60.838226
v 50.102070 38.952690 60.838226
v 57.259506 37.959534 60.838226
v 64.416946 35.988777 60.838226
v 71.574387 31.690071 60.838226
v 78.731827 29.163170 60.838226
v 85.889267 21.711382 60.838226
v 93.046700 21.818684 60.838226
v 100.204132 19.739912 60.838226
v 107.361572 19.739912 60.838226
v 114.518974 19.739912 60.838226
v -114.518967 -0.957209 68.443001
v -107.361565 -1.363615 68.443001
v -100.204124 -1.663532 68.443001
v -93.046684 -1.919526 68.443001
v -85.889244 -2.003002 68.443001
v -78.731804 -2.003002 68.443001
v -71.574364 -2.003002 68.443001
v -64.416924 3.248847 68.443001
v -57.259487 6.107769 68.443001
v -51.088676 8.097442 68.443001
v -45.010651 9.674643 68.443001
v -37.512100 14.091746 68.443001
v -28.629740 23.102980 68.443001
v -21.472301 29.292412 68.443001
v -14.314864 27.702396 68.443001
v -7.157427 30.487408 68.443001
v 0.000010 29.454681 68.443001
v 7.157448 31.568520 68.443001
v 14.314885 33.015560 68.443001
v 21.472322 33.896931 68.443001
v 28.629761 35.600780 68.443001
v 35.787197 35.525799 68.443001
v 42.944633 35.060993 68.443001
v 50.102070 36.159676 68.443001
v 57.259506 35.403042 68.443001
v 64.416946 33.309444 68.443001
v 71.574387 29.277592 68.443001
v 78.731827 26.144991 68.443001
v 85.889267 18.349194 68.443001
v 93.046700 19.739912 68.443001
v 100.204132 19.739912 68.443001
v 107.361572 19.739912 68.443001
v 114.518974 19.739912 68.443001
v -114.518967 -0.387525 76.047775
v -107.361565 -0.896499 76.047775
v -100.204124 -1.363622 76.047775
v -93.046684 -1.629896 76.047775
v -85.889244 -1.716569 76.047775
v -78.731804 -1.716569 76.047775
v -71.574364 -1.716569 76.047775
v -64.416924 3.236713 76.047775
v -57.259487 6.147637 76.047775
v -50.102051 8.184068 76.047775
v -42.944614 9.813581 76.047775
v -35.787178 11.289237 76.047775
v -28.629740 13.932303 76.047775
v -21.472301 23.032124 76.047775
v -14.314864 21.093647 76.047775
v -7.157427 18.960484 76.047775
v 0.000010 22.251177 76.047775
v 7.157448 23.865280 76.047775
v 14.314885 25.057842 76.047775
v 21.472322 30.713287 76.047775
v 28.629761 32.880348 76.047775
v 35.787197 33.038010 76.047775
v 42.944633 33.929386 76.047775
v 50.102070 32.946327 76.047775
v 57.259506 31.326069 76.047775
v 64.416946 28.373615 76.047775
v 71.574387 25.449520 76.047775
v 78.731827 21.946613 76.047775
v 85.889267 19.739912 76.047775
v 93.046700 19.739912 76.047775
v 100.204132 19.739912 76.047775
v 107.361572 19.739912 76.047775
v 114.518974 19.739912 76.047775
v -114.518967 0.402103 83.652557
v -107.361565 -0.326814 83.652557
v -100.204124 -0.833907 83.652557
v -93.046684 -1.120462 83.652557
v -85.889244 -1.274099 83.652557
v -78.731804 -1.213396 83.652557
v -71.574364 -1.213396 83.652557
v -64.416924 2.530392 83.652557
v -57.259487 5.947817 83.652557
v -50.102051 8.026604 83.652557
v -42.944614 9.762371 83.652557
v -35.787178 11.426319 83.652557
v -28.629740 14.290003 83.652557
v -21.472301 16.384201 83.652557
v -14.314864 16.323366 83.652557
v -7.157427 15.848325 83.652557
v 0.000010 19.066729 83.652557
v 7.157448 21.770081 83.652557
v 14.314885 28.147388 83.652557
v 21.472322 30.676849 83.652557
v 28.629761 31.072712 83.652557
v 35.787197 31.348827 83.652557
v 42.944633 32.166805 83.652557
v 50.102070 31.006775 83.652557
v 57.259506 28.920540 83.652557
v 64.416946 25.686903 83.652557
v 71.574387 23.300596 83.652557
v 78.731827 19.739912 83.652557
v 85.889267 19.739912 83.652557
v 93.046700 19.739912 83.652557
v 100.204132 19.739912 83.652557
v 107.361572 19.739912 83.652557
v 114.518974 19.739912 83.652557
v -114.518967 1.394334 91.257332
v -107.361565 0.504620 91.257332
v -100.204124 -0.080929 91.257332
v -93.046684 -0.405690 91.257332
v -85.889244 -0.571629 91.257332
v -78.731804 -0.510216 91.257332
v -71.574364 -0.510216 91.257332
v -64.416924 0.176400 91.257332
v -57.259487 5.286166 91.257332
v -50.102051 7.724710 91.257332
v -42.944614 9.630977 91.257332
v -35.787178 11.763955 91.257332
v -28.629740 14.629825 91.257332
v -21.472301 15.021011 91.257332
v -14.314864 14.959551 91.257332
v -7.157427 14.442189 91.257332
v 0.000010 14.917588 91.257332
v 7.157448 18.389675 91.257332
v 14.314885 27.190683 91.257332
v 21.472322 29.804550 91.257332
v 28.629761 30.289433 91.257332
v 35.787197 30.170059 91.257332
v 42.944633 29.410696 91.257332
v 50.102070 27.705294 91.257332
v 57.259506 24.974436 91.257332
v 64.416946 22.863026 91.257332
v 71.574387 19.739912 91.257332
v 78.731827 19.739912 91.257332
v 85.889267 19.739912 91.257332
v 93.046700 19.739912 91.257332
v 100.204132 19.739912 91.257332
v 107.361572 19.739912 91.257332
v 114.518974 19.739912 91.257339
v -114.518967 3.173326 98.862106
v -107.361565 1.751491 98.862106
v -100.204124 0.975997 98.862106
v -93.046684 0.568145 98.862106
v -85.889244 0.375709 98.862106
v -78.731804 0.439403 98.862106
v -71.574364 0.439403 98.862106
v -64.416924 0.504455 98.862106
v -57.259487 3.588507 98.862106
v -50.102051 7.206849 98.862106
v -42.944614 9.891010 98.862106
v -35.787178 12.629862 98.862106
v -28.629740 12.444033 98.862106
v -21.472301 12.924233 98.862106
v -14.314864 12.863835 98.862106
v -7.157427 13.050906 98.862106
v 0.000010 13.775660 98.862106
v 7.157448 13.852650 98.862106
v 14.314885 13.289698 98.862106
v 21.472322 23.425529 98.862106
v 28.629761 25.815893 98.862106
v 35.787197 25.526525 98.862106
v 42.944633 23.772644 98.862106
v 50.102070 22.689522 98.862106
v 57.259506 19.739912 98.862106
v 64.416946 19.739912 98.862106
v 71.574387 19.739912 98.862106
v 78.731827 19.739912 98.862106
v 85.889267 19.739912 98.862106
v 93.046700 19.739912 98.862106
v 100.204132 19.739912 98.862106
v 107.361572 19.739912 98.862114
v 114.518974 19.739912 98.862122
v -114.518967 5.125899 106.466888
v -107.361565 5.194298 106.466888
v -100.204124 2.988639 106.466888
v -93.046684 2.232162 106.466888
v -85.889244 1.951788 106.466888
v -78.731804 2.019814 106.466888
v -71.574364 2.019814 106.466888
v -64.416924 2.164164 106.466888
v -57.259487 2.711877 106.466888
v -50.102051 7.537702 106.466888
v -42.944614 9.426579 106.466888
v -35.787178 9.830048 106.466888
v -28.629740 9.153081 106.466888
v -21.472301 9.490820 106.466888
v -14.314864 9.462171 106.466888
v -7.157427 10.876607 106.466888
v 0.000010 11.357439 106.466888
v 7.157448 10.764472 106.466888
v 14.314885 11.427855 106.466888
v 21.472322 18.349190 106.466888
v 28.629761 19.739912 106.466888
v 35.787197 19.739912 106.466888
v 42.944633 19.739912 106.466888
v 50.102070 19.739912 106.466888
v 57.259506 19.739912 106.466888
v 64.416946 19.739912 106.466888
v 71.574387 19.739912 106.466888
v 78.731827 19.739912 106.466888
v 85.889267 19.739912 106.466888
v 93.046700 19.739912 106.466888
v 100.204132 19.739912 106.466888
v 107.361572 19.739912 106.466888
v 114.518974 19.739912 106.466888
v -114.518967 4.549353 114.071945
v -107.361565 4.626285 114.071945
v -100.204124 4.626285 114.071945
v -93.046684 4.626285 114.071945
v -85.889244 4.549353 114.071945
v -78.731804 4.626285 114.071945
v -71.574364 4.626285 114.071945
v -64.416924 4.549353 114.071945
v -57.259487 4.310328 114.071945
v -50.102051 3.879363 114.071945
v -42.944614 3.179339 114.071945
v -35.787178 3.967319 114.071945
v -28.629740 3.456305 114.071945
v -21.472301 3.890593 114.071945
v -14.314864 6.012271 114.071945
v -7.157427 8.288227 114.071945
v 0.000010 9.759520 114.071945
v 7.157448 10.764472 114.071945
v 14.314885 11.427855 114.071945
v 21.472322 18.349190 114.071945
v 28.629761 19.739912 114.071945
v 35.787197 19.739912 114.071945
v 42.944633 19.739912 114.071945
v 50.102070 19.739912 114.071945
v 57.259506 18.349192 114.071945
v 64.416946 18.151424 114.071945
v 71.574387 18.151424 114.071945
v 78.731827 18.151424 114.071945
v 85.889267 18.349194 114.071945
v 93.046700 19.739912 114.071945
v 100.204132 19.739912 114.071945
v 107.361572 19.739912 114.071945
v 114.518974 19.739912 114.071945
vn -1.0000 -0.0000 -0.0000
vn 1.0000 -0.0000 -0.0000
vn -0.0000 1.0000 -0.0000
vn -0.0231 0.9975 0.0669
vn -0.0498 0.9977 0.0469
vn -0.0032 0.9950 0.0995
vn -0.1003 0.9775 0.1856
vn -0.0000 0.9947 0.1028
vn -0.0135 0.9788 0.2044
vn 0.0032 0.9950 0.0995
vn -0.0000 0.9789 0.2045
vn 0.1003 0.9775 0.1856
vn 0.0135 0.9788 0.2044
vn 0.0231 0.9975 0.0669
vn 0.0498 0.9977 0.0469
vn 0.0158 0.9740 0.2258
vn 0.0477 0.9895 0.1364
vn 0.0227 0.9544 0.2976
vn -0.1021 0.9420 0.3196
vn -0.5065 0.8319 0.2269
vn -0.0958 0.9954 -0.0000
vn -0.3887 0.9121 0.1304
vn -0.4620 0.8869 -0.0000
vn -0.0047 0.9818 0.1897
vn -0.4173 0.9088 -0.0000
vn -0.0328 0.9712 0.2359
vn -0.0625 0.9966 0.0543
vn -0.1206 0.9463 0.2998
vn -0.1348 0.9625 0.2355
vn -0.1012 0.9125 0.3965
vn -0.2146 0.9156 0.3400
vn -0.0478 0.8779 0.4764
vn -0.2026 0.8630 0.4629
vn 0.0172 0.8631 0.5048
vn -0.1324 0.7966 0.5898
vn -0.0027 0.7887 0.6147
vn 0.0042 0.8003 0.5995
vn -0.1629 0.9264 0.3395
vn -0.0301 0.8903 0.4544
vn -0.3463 0.9067 0.2409
vn -0.0643 0.8113 0.5811
vn -0.2385 0.9710 0.0159
vn -0.0928 0.9558 0.2790
vn -0.0036 0.9614 -0.2750
vn 0.0457 0.9776 -0.2055
vn -0.0860 0.9721 -0.2183
vn -0.0017 0.9482 -0.3176
vn -0.0047 0.9644 -0.2643
vn -0.0084 0.9641 -0.2655
vn 0.0066 0.9483 -0.3174
vn -0.0051 0.9460 -0.3242
vn 0.0607 0.9623 -0.2653
vn 0.0129 0.9642 -0.2648
vn 0.1599 0.9508 -0.2652
vn 0.0290 0.9605 -0.2767
vn 0.1241 0.9757 -0.1806
vn 0.0733 0.9878 -0.1373
vn -0.0098 0.9961 -0.0881
vn -0.0051 0.9972 0.0748
vn 0.0502 0.9884 0.1436
vn 0.1577 0.9411 0.2990
vn 0.2206 0.8557 0.4681
vn 0.1469 0.8280 0.5411
vn 0.0981 0.8127 0.5743
vn -0.4194 0.6670 0.6158
vn -0.0902 0.8060 0.5850
vn -0.3804 0.7925 0.4767
vn -0.0276 0.9272 0.3737
vn -0.0579 0.9711 0.2315
vn -0.0501 0.9720 0.2298
vn -0.0163 0.9507 0.3098
vn -0.0601 0.9567 0.2848
vn -0.0260 0.9400 0.3403
vn -0.2987 0.9528 0.0535
vn -0.1634 0.9798 0.1149
vn -0.3746 0.9263 0.0416
vn -0.4309 0.9001 0.0641
vn -0.2042 0.9711 -0.1234
vn -0.0045 0.9865 -0.1638
vn -0.0149 0.9881 -0.1534
vn 0.0413 0.9845 -0.1703
vn 0.0085 0.9865 -0.1638
vn 0.0831 0.9775 -0.1937
vn 0.1579 0.9493 -0.2717
vn 0.1411 0.9486 -0.2832
vn 0.1986 0.9598 0.1982
vn 0.2771 0.8781 0.3900
vn 0.2997 0.8273 0.4752
vn 0.2423 0.8449 0.4769
vn 0.1299 0.8884 0.4402
vn 0.0529 0.9414 0.3331
vn -0.2105 0.9102 0.3566
vn -0.0226 0.9500 0.3116
vn -0.5251 0.7329 0.4326
vn -0.4551 0.7256 0.5161
vn -0.2245 0.9225 0.3138
vn -0.0129 0.9820 0.1883
vn 0.0386 0.9744 0.2217
vn -0.2127 0.9707 0.1116
vn -0.0511 0.9799 0.1930
vn -0.2928 0.9560 -0.0174
vn -0.2962 0.9541 0.0446
vn -0.2616 0.9651 -0.0128
vn -0.4454 0.8844 0.1393
vn -0.3512 0.9330 0.0788
vn -0.0043 0.9941 -0.1080
vn -0.0475 0.9930 -0.1078
vn 0.0338 0.9933 -0.1104
vn 0.0071 0.9941 -0.1080
vn 0.0631 0.9910 -0.1178
vn 0.1020 0.9857 -0.1340
vn 0.1389 0.9772 -0.1604
vn 0.2013 0.9675 0.1528
vn 0.3706 0.8742 0.3138
vn 0.3364 0.8824 0.3290
vn 0.3277 0.8754 0.3553
vn 0.2092 0.9259 0.3146
vn -0.0467 0.9760 0.2125
vn 0.0182 0.9587 0.2840
vn -0.0691 0.9871 0.1442
vn -0.1964 0.9789 0.0565
vn -0.5366 0.8418 -0.0592
vn -0.4698 0.8525 0.2291
vn -0.3619 0.8456 0.3925
vn -0.1216 0.9407 0.3167
vn 0.0587 0.9391 0.3386
vn -0.3005 0.9537 -0.0156
vn -0.2119 0.9222 0.3235
vn -0.3036 0.9525 -0.0254
vn -0.2592 0.9654 0.0270
vn -0.2264 0.9740 0.0103
vn -0.3533 0.9339 0.0544
vn -0.4804 0.8672 0.1311
vn -0.1940 0.9805 -0.0305
vn -0.0042 0.9969 -0.0790
vn 0.0305 0.9963 -0.0803
vn 0.0064 0.9970 -0.0772
vn 0.0551 0.9949 -0.0839
vn 0.0833 0.9921 -0.0938
vn 0.1060 0.9882 -0.1104
vn 0.0913 0.9954 -0.0300
vn 0.4295 0.8620 0.2694
vn 0.3718 0.8599 0.3499
vn 0.3666 0.8429 0.3938
vn 0.2759 0.8827 0.3804
vn 0.1296 0.9460 0.2970
vn -0.0654 0.9612 0.2680
vn 0.0288 0.9776 0.2084
vn -0.1461 0.9465 0.2879
vn -0.3369 0.9090 0.2453
vn -0.4510 0.8484 0.2772
vn -0.2437 0.7899 0.5627
vn -0.1725 0.8510 0.4961
vn -0.1111 0.7967 0.5940
vn 0.1959 0.7720 0.6046
vn -0.5085 0.7891 0.3445
vn -0.2401 0.7198 0.6513
vn -0.2751 0.9426 0.1891
vn -0.2518 0.9675 0.0229
vn -0.2587 0.9621 0.0868
vn -0.3298 0.9440 0.0133
vn -0.4803 0.8765 0.0326
vn -0.2861 0.9577 -0.0298
vn -0.0010 0.9987 -0.0508
vn 0.0256 0.9983 -0.0515
vn 0.0060 0.9988 -0.0479
vn 0.0486 0.9972 -0.0569
vn 0.0668 0.9954 -0.0689
vn 0.0780 0.9936 -0.0814
vn -0.0176 0.9951 0.0971
vn 0.2228 0.9605 0.1669
vn 0.5438 0.7603 0.3554
vn 0.3940 0.8411 0.3706
vn 0.3693 0.8417 0.3939
vn 0.1886 0.9064 0.3781
vn -0.0244 0.9455 0.3246
vn 0.0020 0.9244 0.3815
vn -0.0187 0.9625 0.2707
vn -0.0874 0.9700 0.2270
vn -0.1718 0.9333 0.3153
vn -0.1965 0.8668 0.4583
vn -0.1117 0.7566 0.6443
vn -0.0644 0.7165 0.6946
vn -0.1780 0.7404 0.6481
vn -0.0072 0.8540 0.5203
vn -0.6294 0.6777 0.3801
vn -0.2341 0.8995 0.3688
vn -0.4662 0.7851 0.4078
vn -0.3676 0.8856 0.2839
vn -0.3165 0.9332 0.1700
vn -0.3285 0.9434 0.0450
vn -0.4649 0.8803 0.0941
vn -0.0000 0.9997 -0.0249
vn -0.3425 0.9349 0.0931
vn 0.0058 0.9997 -0.0250
vn 0.0200 0.9994 -0.0290
vn 0.0381 0.9984 -0.0412
vn 0.0492 0.9973 -0.0548
vn 0.0600 0.9958 -0.0689
vn 0.1409 0.9800 0.1406
vn 0.3709 0.8937 0.2524
vn 0.1125 0.9628 0.2455
vn 0.5442 0.7899 0.2827
vn 0.4043 0.8576 0.3178
vn 0.3529 0.8989 0.2597
vn 0.1914 0.9512 0.2420
vn -0.0532 0.9459 0.3201
vn 0.0786 0.9632 0.2571
vn -0.1584 0.9344 0.3191
vn -0.1565 0.9686 0.1933
vn -0.0874 0.9890 0.1190
vn 0.0712 0.9357 0.3457
vn -0.0861 0.8693 0.4867
vn 0.1270 0.8731 0.4706
vn -0.3855 0.8212 0.4206
vn -0.2600 0.9287 0.2644
vn -0.5908 0.7703 0.2402
vn -0.2820 0.9430 0.1768
vn -0.4734 0.8061 0.3551
vn -0.3637 0.8455 0.3909
vn -0.5077 0.7686 0.3893
vn -0.4663 0.8514 0.2401
vn -0.3714 0.9193 0.1301
vn -0.4548 0.8663 0.2068
vn -0.1454 0.9885 0.0412
vn 0.0034 1.0000 -0.0086
vn 0.0078 0.9998 -0.0159
vn 0.0183 0.9993 -0.0329
vn 0.0340 0.9979 -0.0547
vn 0.0389 0.9973 -0.0631
vn 0.1422 0.9838 0.1089
vn 0.2586 0.9404 0.2209
vn 0.3692 0.8820 0.2930
vn 0.0980 0.9573 0.2720
vn 0.5598 0.7792 0.2821
vn 0.3515 0.8928 0.2817
vn 0.2724 0.9449 0.1818
vn 0.1899 0.9709 0.1457
vn 0.0885 0.9872 0.1325
vn -0.1243 0.9763 0.1773
vn -0.0011 0.9897 0.1428
vn -0.2377 0.9364 0.2582
vn -0.0187 0.9519 0.3057
vn 0.2187 0.9213 0.3216
vn 0.0554 0.9712 0.2317
vn -0.4244 0.8893 0.1704
vn -0.1131 0.9770 0.1806
vn -0.3456 0.9023 0.2579
vn -0.4851 0.8026 0.3472
vn -0.2167 0.9380 0.2704
vn -0.5552 0.7497 0.3602
vn -0.4056 0.8889 0.2129
vn -0.4469 0.8629 0.2361
vn -0.5664 0.7645 0.3079
vn -0.4683 0.8592 0.2059
vn -0.4728 0.8749 0.1047
vn -0.2592 0.9655 0.0263
vn -0.0042 1.0000 -0.0040
vn -0.0011 0.9999 -0.0114
vn -0.0060 0.9997 -0.0248
vn 0.0113 0.9987 -0.0493
vn 0.0283 0.9976 -0.0630
vn 0.1582 0.9861 0.0511
vn 0.2707 0.9503 0.1539
vn 0.3182 0.9175 0.2385
vn 0.4157 0.8668 0.2753
vn 0.1893 0.9358 0.2973
vn 0.5374 0.8289 0.1554
vn 0.3019 0.9402 0.1579
vn 0.2144 0.9689 0.1237
vn 0.1499 0.9846 0.0894
vn 0.0815 0.9941 0.0711
vn -0.0886 0.9939 0.0659
vn 0.0064 0.9982 0.0592
vn -0.1086 0.9896 0.0939
vn 0.0233 0.9690 0.2459
vn 0.1042 0.9857 0.1328
vn -0.1360 0.9885 0.0655
vn -0.0024 0.9959 0.0910
vn -0.3865 0.9212 0.0454
vn -0.3159 0.9333 0.1706
vn -0.4358 0.8481 0.3012
vn -0.1511 0.9622 0.2267
vn -0.6099 0.7530 0.2469
vn -0.5361 0.8345 0.1270
vn -0.3640 0.9237 0.1193
vn -0.4944 0.8525 0.1699
vn -0.5956 0.7793 0.1951
vn -0.5532 0.8325 0.0310
vn -0.2985 0.9544 -0.0000
vn -0.0109 0.9999 -0.0031
vn -0.0166 0.9998 -0.0137
vn -0.0231 0.9992 -0.0319
vn 0.0065 0.9984 -0.0568
vn -0.0065 0.9990 -0.0437
vn 0.3796 0.9251 -0.0045
vn 0.3822 0.9183 0.1028
vn 0.3644 0.9221 0.1302
vn 0.1467 0.9852 0.0882
vn 0.3572 0.9340 0.0041
vn 0.5545 0.8287 -0.0758
vn 0.3027 0.9526 0.0303
vn 0.1978 0.9797 0.0334
vn 0.1364 0.9903 0.0272
vn 0.0564 0.9983 0.0136
vn -0.0787 0.9969 -0.0052
vn -0.0048 1.0000 -0.0024
vn 0.0165 0.9997 -0.0185
vn -0.0229 0.9992 0.0324
vn 0.0389 0.9942 0.0998
vn -0.1722 0.9842 -0.0419
vn -0.0261 0.9996 -0.0138
vn -0.2260 0.9740 0.0153
vn -0.3892 0.9146 -0.1099
vn -0.3785 0.9221 0.0812
vn -0.0855 0.9963 -0.0042
vn -0.6706 0.7412 0.0281
vn -0.5704 0.8188 0.0648
vn -0.3765 0.9231 0.0781
vn -0.4575 0.8865 0.0701
vn -0.6228 0.7760 0.0994
vn -0.6272 0.7785 -0.0241
vn -0.2760 0.9610 -0.0174
vn -0.0153 0.9999 -0.0065
vn -0.0317 0.9994 -0.0141
vn -0.0372 0.9990 -0.0231
vn -0.0280 0.9988 -0.0412
vn 0.4214 0.8552 -0.3019
vn 0.5160 0.7620 -0.3913
vn 0.3128 0.8948 -0.3185
vn 0.1055 0.9348 -0.3391
vn 0.5906 0.7326 -0.3383
vn 0.2346 0.9076 -0.3481
vn 0.3952 0.8913 -0.2222
vn 0.2014 0.9649 -0.1686
vn 0.1313 0.9772 -0.1667
vn 0.0511 0.9857 -0.1609
vn -0.0139 0.9865 -0.1631
vn -0.1535 0.9689 -0.1943
vn 0.1124 0.9870 -0.1147
vn 0.0471 0.9646 -0.2595
vn -0.0550 0.9917 -0.1160
vn -0.0406 0.9956 -0.0843
vn -0.2521 0.9509 -0.1795
vn -0.3433 0.9183 -0.1971
vn -0.0756 0.9892 0.1259
vn -0.1320 0.9680 0.2134
vn -0.4011 0.9004 0.1686
vn -0.6844 0.7279 0.0428
vn -0.3774 0.9257 0.0241
vn -0.5531 0.8267 0.1030
vn -0.4479 0.8931 0.0421
vn -0.6317 0.7735 0.0515
vn -0.6261 0.7788 0.0373
vn -0.2725 0.9594 0.0725
vn -0.0174 0.9998 -0.0046
vn -0.0355 0.9994 -0.0053
vn -0.0494 0.9987 -0.0098
vn -0.0669 0.9973 -0.0295
vn -0.0381 0.9968 -0.0701
vn 0.4682 0.8219 -0.3246
vn 0.6166 0.7360 -0.2795
vn 0.2803 0.8948 -0.3475
vn 0.1764 0.9145 -0.3641
vn 0.2370 0.9113 -0.3367
vn 0.4818 0.7270 -0.4892
vn 0.4292 0.7044 -0.5653
vn 0.2051 0.8022 -0.5607
vn 0.1187 0.8271 -0.5493
vn 0.0526 0.8378 -0.5434
vn -0.0171 0.8412 -0.5405
vn -0.1759 0.8265 -0.5347
vn 0.1901 0.9329 -0.3058
vn 0.1696 0.8318 -0.5285
vn -0.0548 0.9555 -0.2898
vn -0.1074 0.9545 -0.2781
vn -0.1904 0.9718 -0.1393
vn -0.0885 0.9759 0.1994
vn -0.0229 0.9060 0.4228
vn 0.2205 0.9089 0.3539
vn -0.4051 0.7903 0.4597
vn -0.6343 0.6676 0.3898
vn -0.5891 0.7063 0.3925
vn -0.4528 0.8513 0.2649
vn -0.4524 0.8791 0.1500
vn -0.6050 0.7926 0.0758
vn -0.5612 0.8027 0.2021
vn -0.3365 0.8911 0.3045
vn -0.1491 0.9759 0.1595
vn -0.0355 0.9994 0.0053
vn -0.0538 0.9985 0.0084
vn -0.0778 0.9969 0.0138
vn -0.0892 0.9945 -0.0542
vn 0.4956 0.8614 -0.1117
vn 0.6198 0.7822 -0.0640
vn 0.2803 0.9521 -0.1226
vn 0.2006 0.9723 -0.1201
vn 0.1605 0.9827 -0.0923
vn 0.1648 0.9614 -0.2204
vn 0.2306 0.8621 -0.4512
vn 0.2309 0.7154 -0.6594
vn 0.1620 0.7160 -0.6791
vn 0.0671 0.7744 -0.6291
vn -0.0110 0.7882 -0.6153
vn -0.1030 0.7981 -0.5936
vn 0.2558 0.7465 -0.6142
vn 0.1954 0.7821 -0.5917
vn 0.0825 0.9672 -0.2402
vn 0.0788 0.8275 -0.5559
vn 0.1830 0.9478 0.2610
vn 0.1805 0.9813 0.0666
vn 0.1322 0.9574 0.2567
vn -0.2621 0.9181 0.2974
vn 0.0441 0.9722 0.2300
vn -0.5699 0.6873 0.4504
vn -0.6161 0.6352 0.4659
vn -0.5708 0.7217 0.3916
vn -0.5664 0.7502 0.3411
vn -0.6396 0.7462 0.1847
vn -0.4565 0.8634 0.2148
vn -0.2750 0.9010 0.3356
vn -0.3546 0.8647 0.3558
vn -0.2041 0.9646 0.1672
vn -0.0448 0.9988 0.0212
vn -0.0628 0.9976 0.0306
vn -0.0774 0.9963 0.0384
vn 0.4528 0.8712 -0.1895
vn 0.4805 0.8747 -0.0634
vn 0.2755 0.9361 -0.2186
vn 0.2228 0.9497 -0.2203
vn 0.1843 0.9652 -0.1857
vn 0.1209 0.9773 -0.1740
vn 0.1059 0.9944 -0.0019
vn 0.0688 0.9973 -0.0262
vn 0.2012 0.9744 -0.1001
vn 0.1506 0.9606 -0.2334
vn -0.0223 0.9358 -0.3518
vn -0.1326 0.8560 -0.4996
vn 0.1758 0.7348 -0.6551
vn 0.0343 0.8376 -0.5452
vn 0.5493 0.7951 -0.2572
vn 0.3852 0.7208 -0.5763
vn 0.3741 0.9268 0.0316
vn 0.1986 0.9728 0.1192
vn 0.1098 0.9884 0.1045
vn 0.0372 0.9946 0.0964
vn -0.3426 0.8222 0.4546
vn -0.1546 0.9837 0.0917
vn -0.5562 0.5880 0.5872
vn -0.5687 0.6490 0.5054
vn -0.5521 0.6837 0.4772
vn -0.6961 0.6313 0.3420
vn -0.4612 0.8657 0.1948
vn -0.2018 0.9569 0.2089
vn -0.3304 0.9045 0.2696
vn -0.4114 0.8704 0.2705
vn -0.1642 0.9845 0.0621
vn -0.0579 0.9981 0.0203
vn -0.0705 0.9973 0.0218
vn 0.3626 0.8720 -0.3289
vn 0.2799 0.9330 -0.2261
vn 0.2785 0.8992 -0.3374
vn 0.2980 0.9211 -0.2505
vn 0.2199 0.9746 -0.0423
vn 0.3201 0.9411 0.1088
vn 0.2843 0.9260 0.2484
vn 0.0877 0.9640 0.2508
vn 0.0261 0.9797 0.1989
vn -0.1125 0.9936 0.0122
vn -0.2918 0.9519 -0.0935
vn -0.3095 0.9417 -0.1323
vn 0.1516 0.8909 -0.4282
vn 0.0245 0.9755 -0.2186
vn 0.4800 0.8352 -0.2683
vn 0.6758 0.6951 -0.2451
vn 0.4763 0.8627 -0.1702
vn 0.2717 0.9595 -0.0743
vn 0.1027 0.9947 0.0041
vn 0.0974 0.9781 0.1839
vn 0.1270 0.9044 0.4074
vn -0.3177 0.7878 0.5276
vn 0.0157 0.8531 0.5215
vn -0.5173 0.5789 0.6303
vn -0.5724 0.4902 0.6573
vn -0.6529 0.4894 0.5782
vn -0.4954 0.7447 0.4472
vn -0.2548 0.9062 0.3375
vn -0.2588 0.9509 0.1700
vn -0.4222 0.8641 0.2738
vn -0.3420 0.9156 0.2114
vn -0.0615 0.9980 0.0123
vn -0.0688 0.9976 0.0107
vn 0.2132 0.8484 -0.4846
vn 0.1064 0.9098 -0.4012
vn 0.3495 0.7995 -0.4884
vn 0.4731 0.8236 -0.3128
vn 0.4814 0.8757 -0.0370
vn 0.3789 0.9242 0.0483
vn 0.1782 0.9820 -0.0620
vn 0.0604 0.9933 -0.0988
vn -0.1201 0.9871 -0.1058
vn -0.0298 0.9936 -0.1087
vn -0.1995 0.9762 -0.0853
vn -0.3049 0.9492 0.0777
vn -0.3113 0.9485 0.0587
vn 0.6016 0.7797 -0.1738
vn -0.0235 0.9906 -0.1349
vn 0.6443 0.6947 -0.3199
vn 0.5508 0.7377 -0.3904
vn 0.4455 0.8681 -0.2189
vn 0.3467 0.9296 0.1251
vn 0.3587 0.8860 0.2938
vn 0.1771 0.9705 0.1634
vn -0.2339 0.9662 0.1089
vn -0.1860 0.9816 0.0430
vn -0.4696 0.8664 0.1699
vn -0.6164 0.7149 0.3301
vn -0.6848 0.5386 0.4909
vn -0.6799 0.5319 0.5049
vn -0.5417 0.6253 0.5617
vn -0.4193 0.8355 0.3550
vn -0.2698 0.9392 0.2123
vn -0.4320 0.8334 0.3447
vn -0.3030 0.9285 0.2147
vn -0.0695 0.9976 -0.0052
vn 0.0877 0.9629 -0.2553
vn 0.1036 0.9637 -0.2461
vn 0.4274 0.8857 -0.1814
vn 0.5721 0.7961 -0.1972
vn 0.5285 0.7785 -0.3385
vn 0.3080 0.8644 -0.3975
vn 0.1421 0.8951 -0.4227
vn 0.0412 0.8993 -0.4353
vn -0.0347 0.8949 -0.4448
vn -0.1187 0.8800 -0.4599
vn -0.0910 0.8978 -0.4310
vn -0.1643 0.9523 -0.2573
vn -0.1571 0.9610 0.2278
vn -0.1597 0.9855 -0.0580
vn 0.3996 0.9165 -0.0187
vn 0.4987 0.7857 -0.3661
vn 0.5621 0.6867 -0.4610
vn 0.6182 0.6782 -0.3973
vn 0.5068 0.8184 -0.2708
vn -0.0275 0.9790 -0.2022
vn 0.2925 0.9319 -0.2145
vn -0.0782 0.9827 -0.1679
vn -0.2218 0.9530 -0.2064
vn -0.4191 0.8873 -0.1925
vn -0.6310 0.7369 0.2427
vn -0.4431 0.8964 0.0082
vn -0.7462 0.5688 0.3459
vn -0.6030 0.7209 0.3416
vn -0.5613 0.6994 0.4426
vn -0.4269 0.8439 0.3250
vn -0.3263 0.9255 0.1922
vn -0.4818 0.8337 0.2699
vn -0.4164 0.8897 0.1871
vn 0.1051 0.9944 0.0076
vn 0.2211 0.9739 0.0505
vn 0.5113 0.8310 0.2190
vn 0.3857 0.9165 -0.1065
vn 0.3847 0.9149 0.1226
vn 0.2483 0.9179 -0.3094
vn 0.1384 0.9089 -0.3934
vn 0.0392 0.9143 -0.4030
vn -0.0684 0.9132 -0.4018
vn -0.1344 0.9252 -0.3548
vn 0.2228 0.9252 -0.3071
vn 0.0059 0.9442 -0.3293
vn 0.0752 0.9705 0.2291
vn 0.0588 0.9979 0.0285
vn 0.2372 0.9704 0.0447
vn 0.0940 0.9184 0.3843
vn 0.4995 0.8557 -0.1353
vn 0.6174 0.7369 -0.2753
vn 0.3763 0.7705 -0.5144
vn 0.3787 0.7488 -0.5439
vn 0.2574 0.8873 -0.3827
vn -0.1301 0.9582 -0.2547
vn -0.2494 0.9427 -0.2216
vn -0.2136 0.9742 -0.0730
vn -0.4912 0.8549 0.1670
vn -0.2923 0.9528 0.0823
vn -0.7181 0.6286 0.2986
vn -0.6231 0.7174 0.3117
vn -0.5096 0.8043 0.3057
vn -0.6177 0.7131 0.3317
vn -0.4059 0.8995 0.1617
vn -0.4242 0.8816 0.2071
vn -0.5274 0.8098 0.2570
vn 0.1047 0.9945 -0.0051
vn 0.3481 0.9371 0.0273
vn 0.5298 0.8344 0.1521
vn 0.3239 0.9389 0.1167
vn 0.2306 0.9703 0.0726
vn 0.0948 0.9946 -0.0429
vn 0.1322 0.9912 -0.0035
vn 0.0420 0.9968 -0.0677
vn -0.0194 0.9988 -0.0452
vn -0.0726 0.9870 0.1437
vn -0.0388 0.9992 0.0034
vn 0.3012 0.9466 0.1147
vn 0.2785 0.9546 0.1061
vn 0.3405 0.9068 0.2485
vn -0.0314 0.9726 0.2305
vn 0.0548 0.9441 0.3252
vn 0.4314 0.8909 0.1421
vn 0.2902 0.9116 -0.2912
vn 0.4152 0.9097 -0.0005
vn 0.4209 0.8537 -0.3067
vn 0.4582 0.8245 -0.3322
vn 0.0210 0.9735 -0.2276
vn -0.1727 0.9849 -0.0118
vn -0.1018 0.9947 -0.0124
vn -0.2140 0.9768 -0.0071
vn -0.3709 0.9244 0.0892
vn -0.6455 0.7384 0.1950
vn -0.7245 0.6284 0.2832
vn -0.5313 0.8212 0.2083
vn -0.6507 0.7245 0.2274
vn -0.4828 0.8662 0.1291
vn -0.3027 0.9397 0.1590
vn -0.4052 0.8820 0.2404
vn 0.4089 0.9125 -0.0070
vn 0.1084 0.9938 -0.0265
vn 0.5328 0.8448 0.0493
vn 0.3023 0.9525 0.0364
vn 0.1997 0.9793 0.0335
vn 0.1327 0.9904 0.0381
vn 0.0813 0.9959 0.0408
vn 0.0372 0.9985 0.0396
vn 0.0840 0.9823 0.1673
vn -0.0000 0.9992 0.0392
vn 0.1722 0.9199 0.3523
vn 0.1584 0.9265 0.3414
vn 0.1228 0.9895 0.0765
vn 0.3910 0.9150 -0.0996
vn -0.0500 0.9941 -0.0960
vn 0.0525 0.9895 -0.1345
vn 0.4754 0.8793 -0.0269
vn 0.1676 0.9849 0.0430
vn 0.2751 0.9600 0.0528
vn 0.3311 0.9290 -0.1652
vn 0.4794 0.7997 -0.3614
vn 0.1931 0.9359 -0.2947
vn -0.0261 0.9792 -0.2010
vn -0.1399 0.9841 -0.1095
vn -0.1980 0.9787 -0.0541
vn -0.5760 0.8167 -0.0348
vn -0.2972 0.9533 -0.0544
vn -0.6900 0.6995 0.1861
vn -0.6094 0.7546 0.2432
vn -0.6392 0.7604 0.1149
vn -0.5192 0.8505 0.0838
vn -0.2572 0.9610 0.1014
vn -0.3176 0.9397 0.1266
vn 0.4291 0.9022 -0.0439
vn 0.1212 0.9910 -0.0566
vn 0.5377 0.8427 -0.0246
vn 0.3023 0.9531 -0.0141
vn 0.2078 0.9781 -0.0057
vn 0.1381 0.9904 -0.0000
vn 0.0804 0.9968 -0.0000
vn 0.0369 0.9993 -0.0000
vn 0.1117 0.9931 0.0362
vn 0.2981 0.9207 0.2521
vn 0.1878 0.9438 0.2720
vn -0.0863 0.9811 0.1733
vn 0.0206 0.9793 0.2013
vn 0.0626 0.9941 -0.0889
vn 0.0677 0.9201 -0.3858
vn 0.4875 0.8217 -0.2953
vn 0.0192 0.9174 -0.3976
vn 0.4455 0.8910 -0.0874
vn 0.0557 0.9984 0.0042
vn 0.3003 0.8765 -0.3763
vn 0.0038 0.9969 -0.0784
vn 0.3461 0.8079 -0.4770
vn 0.1066 0.9372 -0.3321
vn -0.0368 0.9739 -0.2241
vn -0.1619 0.9754 -0.1494
vn -0.3509 0.9211 -0.1688
vn -0.5413 0.8216 -0.1785
vn -0.6533 0.7195 0.2359
vn -0.4729 0.8771 0.0846
vn -0.7370 0.6714 0.0780
vn -0.5274 0.8488 0.0379
vn -0.2445 0.9685 0.0471
vn -0.2903 0.9556 0.0506
vn 0.4257 0.9037 -0.0464
vn 0.1496 0.9872 -0.0555
vn 0.5506 0.8309 -0.0806
vn 0.3182 0.9458 -0.0643
vn 0.2145 0.9753 -0.0523
vn 0.1397 0.9890 -0.0475
vn 0.0812 0.9957 -0.0453
vn 0.0371 0.9983 -0.0442
vn 0.2864 0.9498 0.1259
vn 0.3332 0.9250 0.1827
vn 0.1142 0.9879 0.1048
vn -0.1060 0.9926 0.0599
vn -0.0079 0.9968 0.0792
vn -0.2239 0.9733 0.0499
vn -0.2861 0.9347 -0.2108
vn 0.5884 0.6476 -0.4842
vn -0.1142 0.8656 -0.4875
vn 0.5583 0.7717 -0.3046
vn 0.1518 0.9677 -0.2015
vn -0.0541 0.9937 -0.0984
vn 0.2721 0.8340 -0.4800
vn -0.0806 0.9592 -0.2712
vn 0.2893 0.7932 -0.5359
vn 0.0641 0.9057 -0.4191
vn -0.1161 0.9240 -0.3643
vn -0.3652 0.8647 -0.3448
vn -0.3431 0.9250 -0.1630
vn -0.6370 0.7690 -0.0538
vn -0.3310 0.9434 -0.0209
vn -0.7802 0.6223 -0.0634
vn -0.2451 0.9695 0.0021
vn -0.5127 0.8585 -0.0097
vn -0.2914 0.9566 -0.0006
vn 0.3897 0.9189 -0.0611
vn 0.1799 0.9824 -0.0501
vn 0.5472 0.8191 -0.1722
vn 0.3422 0.9293 -0.1389
vn 0.2251 0.9671 -0.1188
vn 0.1451 0.9834 -0.1087
vn 0.0841 0.9911 -0.1032
vn 0.2116 0.9768 -0.0328
vn 0.3863 0.9151 0.1154
vn 0.2288 0.9735 0.0071
vn 0.0862 0.9961 -0.0178
vn -0.1210 0.9918 -0.0405
vn -0.0218 0.9993 -0.0308
vn -0.2452 0.9678 -0.0577
vn -0.4524 0.8824 -0.1295
vn 0.2505 0.8778 -0.4083
vn -0.4040 0.9091 -0.1013
vn 0.6160 0.5979 -0.5129
vn 0.3102 0.8307 -0.4622
vn -0.0643 0.9250 -0.3745
vn -0.0134 0.9214 -0.3884
vn -0.0972 0.9484 -0.3019
vn 0.1770 0.7733 -0.6088
vn 0.2248 0.7543 -0.6168
vn -0.0936 0.8823 -0.4613
vn -0.1633 0.9453 -0.2823
vn -0.2375 0.9521 -0.1927
vn -0.4235 0.8520 -0.3077
vn -0.6425 0.6796 -0.3542
vn -0.7137 0.6575 -0.2416
vn -0.4587 0.8851 -0.0783
vn -0.2484 0.9673 -0.0521
vn 0.2856 0.9524 -0.1069
vn 0.2390 0.9642 -0.1147
vn 0.5050 0.8164 -0.2801
vn 0.4008 0.8801 -0.2544
vn 0.2468 0.9470 -0.2059
vn 0.1563 0.9702 -0.1853
vn 0.0899 0.9805 -0.1748
vn 0.3024 0.9401 -0.1575
vn 0.3758 0.9225 -0.0884
vn 0.1958 0.9749 -0.1063
vn 0.0671 0.9894 -0.1286
vn -0.0325 0.9889 -0.1446
vn -0.1316 0.9801 -0.1484
vn -0.3074 0.9321 -0.1917
vn -0.4322 0.8746 -0.2197
vn -0.3883 0.9145 -0.1138
vn 0.5744 0.6271 -0.5262
vn -0.1054 0.9706 -0.2164
vn 0.4535 0.6365 -0.6239
vn 0.1204 0.8224 -0.5560
vn -0.0977 0.8790 -0.4667
vn -0.1240 0.8243 -0.5524
vn 0.2894 0.8147 -0.5025
vn -0.1064 0.8466 -0.5214
vn 0.2858 0.8472 -0.4479
vn -0.0587 0.9570 -0.2841
vn -0.3581 0.8582 -0.3677
vn -0.5247 0.7144 -0.4630
vn -0.5929 0.6743 -0.4402
vn -0.5861 0.7341 -0.3428
vn -0.3308 0.9299 -0.1611
vn -0.2615 0.9569 -0.1266
vn -0.3013 0.9516 -0.0602
vn 0.2334 0.9625 -0.1385
vn 0.3097 0.9380 -0.1558
vn 0.3216 0.9123 -0.2534
vn 0.4496 0.8022 -0.3929
vn 0.2972 0.8930 -0.3380
vn 0.1786 0.9407 -0.2885
vn 0.1007 0.9584 -0.2669
vn 0.3140 0.9166 -0.2476
vn 0.3871 0.8951 -0.2211
vn 0.1723 0.9554 -0.2397
vn 0.0541 0.9667 -0.2501
vn -0.0382 0.9679 -0.2484
vn -0.1701 0.9429 -0.2862
vn -0.3645 0.8634 -0.3488
vn -0.3230 0.9080 -0.2667
vn -0.3164 0.9290 -0.1918
vn 0.1489 0.9156 -0.3736
vn -0.2900 0.9525 -0.0924
vn 0.5279 0.6127 -0.5881
vn 0.2844 0.7527 -0.5938
vn -0.0933 0.8395 -0.5352
vn 0.0997 0.9059 -0.4115
vn -0.0608 0.8670 -0.4945
vn 0.3460 0.7748 -0.5292
vn 0.3091 0.8916 -0.3309
vn -0.0867 0.8004 -0.5932
vn -0.4048 0.7021 -0.5858
vn -0.5060 0.6936 -0.5127
vn -0.5284 0.7217 -0.4471
vn -0.3833 0.8696 -0.3112
vn -0.2031 0.9654 -0.1636
vn -0.2989 0.9307 -0.2107
vn -0.3276 0.9329 -0.1498
vn 0.2074 0.9653 -0.1585
vn 0.1415 0.9889 -0.0457
vn 0.1559 0.9732 -0.1692
vn 0.2930 0.8991 -0.3252
vn 0.3325 0.7974 -0.5035
vn 0.2403 0.8346 -0.4957
vn 0.1251 0.8993 -0.4191
vn 0.3011 0.8712 -0.3876
vn 0.3707 0.8462 -0.3827
vn 0.1582 0.9005 -0.4050
vn 0.0558 0.9116 -0.4072
vn -0.0870 0.8793 -0.4682
vn -0.2201 0.8552 -0.4693
vn -0.2648 0.9020 -0.3409
vn -0.2397 0.9357 -0.2587
vn -0.2662 0.9310 -0.2497
vn -0.2203 0.9598 -0.1739
vn 0.2128 0.8647 -0.4550
vn -0.2060 0.9680 -0.1434
vn 0.3943 0.6409 -0.6586
vn -0.0023 0.7752 -0.6318
vn 0.1773 0.8733 -0.4538
vn 0.0341 0.8225 -0.5677
vn 0.1064 0.8916 -0.4402
vn 0.0536 0.8116 -0.5817
vn -0.1175 0.7418 -0.6602
vn -0.3184 0.6909 -0.6491
vn -0.4019 0.7197 -0.5661
vn -0.3700 0.8583 -0.3555
vn -0.1920 0.9676 -0.1639
vn -0.2667 0.9367 -0.2268
vn -0.4123 0.8431 -0.3452
vn -0.4051 0.8694 -0.2830
vn 0.0748 0.9939 -0.0814
vn 0.1493 0.9689 -0.1974
vn 0.1308 0.9631 -0.2353
vn 0.1244 0.9279 -0.3515
vn 0.1927 0.8627 -0.4676
vn 0.2185 0.7900 -0.5729
vn 0.2568 0.7737 -0.5791
vn 0.3396 0.7474 -0.5710
vn 0.1736 0.8169 -0.5500
vn -0.0362 0.8416 -0.5389
vn -0.0262 0.9024 -0.4301
vn -0.0205 0.9586 -0.2840
vn -0.2048 0.9354 -0.2882
vn -0.2351 0.9213 -0.3098
vn -0.1800 0.9565 -0.2298
vn -0.1842 0.9634 -0.1949
vn -0.2035 0.9617 -0.1835
vn 0.1272 0.8574 -0.4987
vn -0.1413 0.9703 -0.1965
vn 0.1024 0.7107 -0.6960
vn 0.2215 0.7223 -0.6552
vn 0.2367 0.6956 -0.6783
vn 0.1069 0.7606 -0.6403
vn -0.0365 0.7677 -0.6398
vn -0.2390 0.7274 -0.6432
vn -0.2292 0.8339 -0.5021
vn -0.1714 0.9208 -0.3505
vn -0.1730 0.9670 -0.1872
vn -0.2547 0.9372 -0.2382
vn -0.3938 0.8479 -0.3549
vn -0.3857 0.8617 -0.3297
vn -0.4497 0.8149 -0.3658
vn 0.0168 0.9987 -0.0487
vn 0.0665 0.9873 -0.1443
vn 0.0971 0.9722 -0.2131
vn 0.0586 0.9715 -0.2296
vn 0.0605 0.9295 -0.3638
vn 0.1077 0.8801 -0.4623
vn 0.3631 0.7550 -0.5460
vn 0.3483 0.7943 -0.4978
vn 0.1885 0.9104 -0.3682
vn -0.1121 0.9446 -0.3084
vn 0.1733 0.9674 -0.1849
vn -0.2467 0.9002 -0.3588
vn -0.1466 0.9476 -0.2839
vn -0.1410 0.9568 -0.2544
vn -0.1656 0.9570 -0.2381
vn -0.2048 0.9510 -0.2315
vn -0.2265 0.9360 -0.2694
vn -0.2037 0.8867 -0.4150
vn 0.2231 0.7603 -0.6100
vn -0.0934 0.8001 -0.5925
vn 0.2504 0.7901 -0.5595
vn 0.1504 0.8219 -0.5495
vn 0.0578 0.8523 -0.5198
vn -0.0460 0.9072 -0.4182
vn -0.0473 0.9671 -0.2498
vn -0.1218 0.9569 -0.2636
vn -0.2154 0.9294 -0.2998
vn -0.3684 0.8371 -0.4044
vn -0.3528 0.8654 -0.3558
vn -0.1970 0.9670 -0.1614
vn -0.2408 0.9538 -0.1796
vn 0.0142 0.9991 -0.0411
vn 0.0137 0.9954 -0.0949
vn 0.0026 0.9931 -0.1172
vn 0.2367 0.9352 -0.2635
vn -0.0000 0.9929 -0.1188
vn 0.4579 0.7866 -0.4143
vn 0.3247 0.8793 -0.3484
vn 0.0630 0.9401 -0.3349
vn -0.2035 0.8883 -0.4118
vn -0.1406 0.9292 -0.3418
vn -0.1181 0.9411 -0.3167
vn -0.1253 0.9433 -0.3074
vn -0.1558 0.9399 -0.3039
vn -0.2131 0.9257 -0.3127
vn -0.2938 0.8889 -0.3514
vn -0.3722 0.8117 -0.4501
vn 0.2352 0.8815 -0.4093
vn -0.1383 0.8800 -0.4544
vn 0.3408 0.8013 -0.4917
vn 0.2103 0.8521 -0.4792
vn 0.0997 0.8948 -0.4351
vn 0.0197 0.9032 -0.4288
vn -0.0583 0.8986 -0.4349
vn -0.1615 0.8630 -0.4787
vn -0.2910 0.8214 -0.4905
vn -0.2813 0.8975 -0.3397
vn -0.1320 0.9793 -0.1536
vn -0.1572 0.9784 -0.1340
vn -0.1437 0.9839 -0.1060
vn 0.3673 0.8516 -0.3740
vn 0.3950 0.7970 -0.4570
vn 0.0476 0.9133 -0.4044
vn -0.1853 0.9013 -0.3917
vn -0.1057 0.9291 -0.3543
vn -0.1073 0.9338 -0.3414
vn -0.1243 0.9315 -0.3419
vn -0.1657 0.9207 -0.3535
vn -0.2440 0.8909 -0.3832
vn -0.3636 0.8147 -0.4517
vn -0.3628 0.8067 -0.4665
vn 0.1597 0.9666 -0.2003
vn 0.0270 0.9449 -0.3262
vn 0.2351 0.8708 -0.4318
vn 0.2020 0.7744 -0.5996
vn 0.1433 0.8027 -0.5789
vn 0.0180 0.8325 -0.5538
vn -0.1052 0.8056 -0.5831
vn -0.1557 0.7795 -0.6068
vn -0.1565 0.8881 -0.4322
vn -0.0762 0.9911 -0.1089
vn -0.1307 0.9841 -0.1205
vn -0.1997 0.9639 -0.1761
vn -0.1953 0.9656 -0.1714
vn -0.0000 -0.0000 -1.0000
vn -0.0000 -0.0000 1.0000
vn -0.0107 0.9971 0.0756
vn -0.0905 0.9957 0.0192
vn -0.2291 0.9511 -0.2074
vt 0.169632 0.078688
vt 0.190423 0.018380
vt 0.190423 0.083222
vt 0.211214 0.018380
vt 0.211214 0.086577
vt 0.232004 0.018380
vt 0.232004 0.088281
vt 0.252794 0.018380
vt 0.252794 0.092846
vt 0.273585 0.018380
vt 0.273585 0.103975
vt 0.294375 0.018380
vt 0.294375 0.108954
vt 0.315165 0.018380
vt 0.315165 0.111257
vt 0.335956 0.018380
vt 0.335956 0.111811
vt 0.356746 0.111406
vt 0.356746 0.018380
vt 0.377536 0.109401
vt 0.377536 0.018380
vt 0.398327 0.105134
vt 0.398327 0.018380
vt 0.419117 0.095408
vt 0.419117 0.018380
vt 0.439907 0.091528
vt 0.460698 0.018380
vt 0.460698 0.091986
vt 0.481488 0.091758
vt 0.481488 0.018380
vt 0.502278 0.091528
vt 0.502278 0.018380
vt 0.523069 0.090813
vt 0.523069 0.018380
vt 0.543859 0.089751
vt 0.564649 0.018380
vt 0.564649 0.090008
vt 0.585440 0.018380
vt 0.585440 0.092044
vt 0.606230 0.018380
vt 0.606230 0.093619
vt 0.627020 0.018380
vt 0.627020 0.094909
vt 0.647810 0.018380
vt 0.647810 0.096312
vt 0.668601 0.018380
vt 0.668601 0.097778
vt 0.689391 0.018380
vt 0.689391 0.099336
vt 0.710181 0.018380
vt 0.710181 0.101494
vt 0.730972 0.018380
vt 0.730972 0.104207
vt 0.751762 0.018380
vt 0.751762 0.109070
vt 0.772552 0.018380
vt 0.772552 0.114409
vt 0.793343 0.112832
vt 0.787934 0.975124
vt 0.808725 0.839142
vt 0.808725 0.975124
vt 0.792090 0.790318
vt 0.813991 0.810960
vt 0.792077 0.810946
vt 0.792106 0.769679
vt 0.814006 0.790336
vt 0.792132 0.749017
vt 0.814027 0.769711
vt 0.792169 0.728283
vt 0.814071 0.749089
vt 0.792063 0.707510
vt 0.814549 0.728093
vt 0.792000 0.686755
vt 0.814549 0.707419
vt 0.792004 0.665986
vt 0.814512 0.686743
vt 0.814548 0.645268
vt 0.814560 0.666042
vt 0.792055 0.645140
vt 0.814017 0.624115
vt 0.792099 0.603055
vt 0.791778 0.624069
vt 0.792458 0.582054
vt 0.814243 0.603381
vt 0.792887 0.560616
vt 0.814656 0.582616
vt 0.794046 0.538304
vt 0.815402 0.561835
vt 0.798639 0.509923
vt 0.816953 0.540628
vt 0.799042 0.490822
vt 0.819895 0.511219
vt 0.798255 0.470718
vt 0.820220 0.490717
vt 0.797888 0.450161
vt 0.820363 0.470193
vt 0.798430 0.429074
vt 0.820941 0.449319
vt 0.797342 0.408325
vt 0.822479 0.427819
vt 0.796568 0.387566
vt 0.824574 0.406451
vt 0.821793 0.365308
vt 0.823956 0.385820
vt 0.793929 0.347317
vt 0.794458 0.367206
vt 0.794771 0.327022
vt 0.821418 0.344424
vt 0.796694 0.302784
vt 0.818226 0.323965
vt 0.819892 0.282906
vt 0.819061 0.303452
vt 0.796947 0.282051
vt 0.820817 0.262410
vt 0.798637 0.241029
vt 0.797831 0.261456
vt 0.822269 0.221361
vt 0.821616 0.241885
vt 0.800132 0.200252
vt 0.799296 0.220636
vt 0.801201 0.179749
vt 0.822911 0.200834
vt 0.803282 0.158737
vt 0.823481 0.180342
vt 0.803943 0.138593
vt 0.824747 0.159810
vt 0.767144 0.839142
vt 0.767144 0.975124
vt 0.770162 0.810935
vt 0.770168 0.790309
vt 0.770154 0.749018
vt 0.770168 0.769674
vt 0.770115 0.728320
vt 0.770032 0.707592
vt 0.769920 0.686810
vt 0.769780 0.665831
vt 0.770373 0.645369
vt 0.767820 0.623429
vt 0.767143 0.602533
vt 0.764811 0.581689
vt 0.767008 0.540466
vt 0.764221 0.561578
vt 0.778879 0.510344
vt 0.776576 0.491780
vt 0.775135 0.451111
vt 0.775615 0.471674
vt 0.774281 0.430377
vt 0.772612 0.388770
vt 0.773156 0.409606
vt 0.772803 0.347431
vt 0.772162 0.368595
vt 0.773455 0.325784
vt 0.774524 0.302763
vt 0.774849 0.280547
vt 0.776534 0.240183
vt 0.775711 0.260439
vt 0.778004 0.199580
vt 0.777230 0.219882
vt 0.778840 0.179248
vt 0.779854 0.158894
vt 0.781441 0.138121
vt 0.746353 0.839142
vt 0.746353 0.975124
vt 0.748249 0.810929
vt 0.748256 0.790310
vt 0.748202 0.749065
vt 0.748243 0.769693
vt 0.748120 0.728414
vt 0.748016 0.707712
vt 0.747889 0.687022
vt 0.745859 0.664552
vt 0.744358 0.643132
vt 0.741912 0.621668
vt 0.740450 0.601176
vt 0.740039 0.581348
vt 0.740494 0.543297
vt 0.740009 0.562009
vt 0.742491 0.524429
vt 0.751552 0.495544
vt 0.753677 0.472704
vt 0.752921 0.452193
vt 0.751343 0.431553
vt 0.750037 0.389919
vt 0.750078 0.410636
vt 0.750769 0.368034
vt 0.751764 0.325692
vt 0.751266 0.346745
vt 0.752276 0.304230
vt 0.753695 0.279659
vt 0.754828 0.239382
vt 0.754105 0.259606
vt 0.756268 0.198845
vt 0.755520 0.219124
vt 0.757060 0.178528
vt 0.757962 0.158134
vt 0.759044 0.137536
vt 0.725563 0.839142
vt 0.725563 0.975124
vt 0.726337 0.810917
vt 0.726354 0.769722
vt 0.726361 0.790307
vt 0.726294 0.749145
vt 0.726158 0.728558
vt 0.726030 0.707826
vt 0.723885 0.684975
vt 0.722639 0.663559
vt 0.720250 0.641547
vt 0.718835 0.620865
vt 0.718994 0.581164
vt 0.718150 0.600923
vt 0.719426 0.561461
vt 0.720737 0.542230
vt 0.723441 0.522933
vt 0.727412 0.497010
vt 0.729182 0.475388
vt 0.731133 0.453502
vt 0.728822 0.433219
vt 0.728181 0.389180
vt 0.726798 0.411686
vt 0.729114 0.367170
vt 0.730166 0.325381
vt 0.729641 0.346291
vt 0.730730 0.304293
vt 0.731525 0.281907
vt 0.732424 0.258957
vt 0.733192 0.238628
vt 0.734622 0.198117
vt 0.733908 0.218380
vt 0.735357 0.177796
vt 0.736162 0.157377
vt 0.737059 0.136807
vt 0.704773 0.839142
vt 0.704773 0.975124
vt 0.704501 0.790280
vt 0.704429 0.810866
vt 0.704525 0.769750
vt 0.704443 0.749262
vt 0.704178 0.728822
vt 0.703095 0.707085
vt 0.701479 0.684212
vt 0.699958 0.662576
vt 0.697988 0.641082
vt 0.697074 0.620671
vt 0.697538 0.580855
vt 0.696780 0.600665
vt 0.697793 0.560891
vt 0.699612 0.539645
vt 0.704393 0.515366
vt 0.706078 0.476324
vt 0.705180 0.496604
vt 0.709303 0.455308
vt 0.703580 0.436372
vt 0.707189 0.387201
vt 0.697471 0.417229
vt 0.707848 0.366352
vt 0.708573 0.324893
vt 0.707996 0.345828
vt 0.709213 0.303838
vt 0.709964 0.282081
vt 0.710963 0.257762
vt 0.711763 0.237808
vt 0.713034 0.197427
vt 0.712401 0.217668
vt 0.713693 0.177102
vt 0.714400 0.156669
vt 0.715135 0.136136
vt 0.683982 0.839142
vt 0.683982 0.975124
vt 0.682698 0.790185
vt 0.682538 0.810744
vt 0.682818 0.769722
vt 0.682877 0.749358
vt 0.683524 0.729660
vt 0.678857 0.702605
vt 0.677880 0.681347
vt 0.675424 0.659285
vt 0.674487 0.639385
vt 0.675834 0.600567
vt 0.674404 0.620057
vt 0.675368 0.580953
vt 0.675261 0.561188
vt 0.676120 0.540711
vt 0.675787 0.520619
vt 0.675830 0.500287
vt 0.677602 0.480026
vt 0.673096 0.461185
vt 0.675539 0.439979
vt 0.677077 0.397690
vt 0.672379 0.420990
vt 0.684585 0.363641
vt 0.686891 0.339195
vt 0.686898 0.321585
vt 0.687680 0.303024
vt 0.688566 0.281221
vt 0.690503 0.237165
vt 0.690099 0.256721
vt 0.690949 0.217050
vt 0.691478 0.196805
vt 0.692049 0.176468
vt 0.692638 0.156043
vt 0.693256 0.135516
vt 0.663192 0.839142
vt 0.663192 0.975124
vt 0.660930 0.789978
vt 0.660653 0.810516
vt 0.661194 0.769606
vt 0.661302 0.728468
vt 0.660622 0.748575
vt 0.656983 0.700416
vt 0.656409 0.680087
vt 0.654074 0.658111
vt 0.653266 0.638647
vt 0.652743 0.600801
vt 0.652823 0.619707
vt 0.653268 0.581463
vt 0.654307 0.561250
vt 0.654272 0.541526
vt 0.653705 0.521649
vt 0.648683 0.483639
vt 0.650366 0.501929
vt 0.648754 0.465432
vt 0.653784 0.440320
vt 0.656341 0.396119
vt 0.653121 0.420748
vt 0.661429 0.363933
vt 0.661793 0.341553
vt 0.663314 0.320996
vt 0.666254 0.302612
vt 0.666830 0.281758
vt 0.667972 0.258980
vt 0.668927 0.236967
vt 0.669385 0.216564
vt 0.669899 0.196264
vt 0.670386 0.175930
vt 0.670880 0.155504
vt 0.671370 0.134990
vt 0.642402 0.839142
vt 0.642402 0.975124
vt 0.639174 0.789624
vt 0.638767 0.810153
vt 0.638677 0.768228
vt 0.640475 0.728155
vt 0.638652 0.747629
vt 0.635195 0.698087
vt 0.634543 0.677691
vt 0.633832 0.657932
vt 0.633123 0.638594
vt 0.632623 0.619744
vt 0.632122 0.581921
vt 0.632256 0.600959
vt 0.632400 0.562268
vt 0.633966 0.541929
vt 0.630945 0.522034
vt 0.629363 0.502977
vt 0.629092 0.465934
vt 0.628782 0.484493
vt 0.632687 0.440557
vt 0.633757 0.399058
vt 0.631898 0.421237
vt 0.635990 0.375942
vt 0.639547 0.344711
vt 0.640677 0.324902
vt 0.642641 0.306712
vt 0.645238 0.281907
vt 0.646037 0.260136
vt 0.647280 0.236218
vt 0.647875 0.216001
vt 0.648362 0.195770
vt 0.648763 0.175477
vt 0.649113 0.155078
vt 0.649475 0.134567
vt 0.621611 0.839142
vt 0.621611 0.975124
vt 0.616853 0.809663
vt 0.616998 0.788649
vt 0.616918 0.767395
vt 0.617319 0.725322
vt 0.616206 0.745830
vt 0.614461 0.696407
vt 0.614010 0.676530
vt 0.613709 0.657499
vt 0.613281 0.638748
vt 0.612757 0.620099
vt 0.611646 0.582359
vt 0.612177 0.601385
vt 0.611328 0.562655
vt 0.611199 0.542705
vt 0.610066 0.522859
vt 0.609065 0.484868
vt 0.609274 0.503686
vt 0.609372 0.465686
vt 0.610686 0.442076
vt 0.611345 0.401542
vt 0.610079 0.422448
vt 0.613058 0.380034
vt 0.617780 0.350455
vt 0.619222 0.329814
vt 0.620693 0.308457
vt 0.622791 0.284373
vt 0.624644 0.259819
vt 0.625875 0.235443
vt 0.626517 0.215422
vt 0.626916 0.195340
vt 0.627180 0.175136
vt 0.627569 0.134283
vt 0.627376 0.154793
vt 0.600821 0.839142
vt 0.600821 0.975124
vt 0.594928 0.809449
vt 0.595014 0.787396
vt 0.594636 0.765124
vt 0.594345 0.744633
vt 0.594423 0.724099
vt 0.594475 0.696169
vt 0.594414 0.676175
vt 0.594186 0.657533
vt 0.593721 0.639053
vt 0.593076 0.620693
vt 0.591222 0.583218
vt 0.592235 0.602196
vt 0.589979 0.563199
vt 0.589327 0.523458
vt 0.589307 0.542930
vt 0.588951 0.484829
vt 0.589037 0.504031
vt 0.589302 0.442309
vt 0.589149 0.465032
vt 0.589911 0.403073
vt 0.589437 0.422543
vt 0.592573 0.379929
vt 0.596717 0.349935
vt 0.598365 0.329240
vt 0.599873 0.308107
vt 0.601474 0.285544
vt 0.603689 0.257730
vt 0.604869 0.234575
vt 0.605382 0.214916
vt 0.605599 0.195053
vt 0.605674 0.174961
vt 0.605679 0.154666
vt 0.580031 0.843485
vt 0.580031 0.975124
vt 0.573525 0.787199
vt 0.572591 0.811180
vt 0.573887 0.765520
vt 0.573717 0.745452
vt 0.572858 0.700103
vt 0.571304 0.725252
vt 0.575152 0.676443
vt 0.575030 0.657967
vt 0.574496 0.639781
vt 0.573685 0.621637
vt 0.572554 0.603356
vt 0.570996 0.584758
vt 0.568821 0.543203
vt 0.567910 0.564347
vt 0.568370 0.504109
vt 0.568527 0.523616
vt 0.568271 0.484324
vt 0.567869 0.463141
vt 0.567614 0.442266
vt 0.568357 0.421577
vt 0.568554 0.401290
vt 0.572595 0.374549
vt 0.578029 0.327980
vt 0.576375 0.348104
vt 0.579400 0.307005
vt 0.580910 0.284885
vt 0.583355 0.255120
vt 0.584492 0.233737
vt 0.584524 0.214677
vt 0.584426 0.195024
vt 0.584252 0.175031
vt 0.584035 0.154756
vt 0.605654 0.134202
vt 0.559240 0.862048
vt 0.559240 0.975124
vt 0.547187 0.793728
vt 0.545021 0.820954
vt 0.547047 0.771006
vt 0.546475 0.749625
vt 0.545729 0.728897
vt 0.547545 0.705559
vt 0.554524 0.678918
vt 0.555017 0.659844
vt 0.554326 0.641517
vt 0.553421 0.623235
vt 0.552079 0.604887
vt 0.550085 0.586403
vt 0.548846 0.543076
vt 0.544694 0.566220
vt 0.547402 0.523913
vt 0.546918 0.504083
vt 0.546090 0.483082
vt 0.547467 0.461823
vt 0.543633 0.422780
vt 0.544944 0.442204
vt 0.544170 0.403072
vt 0.551616 0.374282
vt 0.555551 0.349438
vt 0.558046 0.326715
vt 0.558861 0.306153
vt 0.560311 0.284438
vt 0.563118 0.255503
vt 0.563956 0.234841
vt 0.563836 0.215005
vt 0.563352 0.195345
vt 0.562890 0.175357
vt 0.562441 0.155114
vt 0.583746 0.134254
vt 0.538450 0.864117
vt 0.538450 0.975124
vt 0.524673 0.793493
vt 0.522793 0.820838
vt 0.524887 0.771552
vt 0.524558 0.750403
vt 0.524125 0.729548
vt 0.523685 0.708608
vt 0.522200 0.688369
vt 0.524088 0.666663
vt 0.524544 0.646267
vt 0.523346 0.626848
vt 0.521848 0.607260
vt 0.519997 0.587781
vt 0.527250 0.544074
vt 0.517041 0.568867
vt 0.523234 0.504221
vt 0.524042 0.525139
vt 0.523916 0.462254
vt 0.524029 0.483525
vt 0.523083 0.442308
vt 0.521935 0.404875
vt 0.522444 0.423309
vt 0.525328 0.382133
vt 0.529427 0.357805
vt 0.534312 0.332260
vt 0.536948 0.308857
vt 0.539825 0.283552
vt 0.542189 0.257691
vt 0.541274 0.238345
vt 0.541776 0.217396
vt 0.542268 0.196029
vt 0.541515 0.176004
vt 0.540846 0.155749
vt 0.540212 0.135300
vt 0.517660 0.975124
vt 0.502341 0.794797
vt 0.500874 0.819081
vt 0.502558 0.772778
vt 0.502258 0.751582
vt 0.502147 0.730462
vt 0.501764 0.709760
vt 0.500583 0.689283
vt 0.500306 0.669131
vt 0.499265 0.650595
vt 0.498741 0.629530
vt 0.497955 0.609014
vt 0.496923 0.589332
vt 0.495750 0.550513
vt 0.494877 0.569929
vt 0.500076 0.505853
vt 0.493033 0.531885
vt 0.502176 0.481741
vt 0.502560 0.461608
vt 0.502571 0.442254
vt 0.502462 0.423468
vt 0.502471 0.385112
vt 0.502374 0.405168
vt 0.506340 0.361912
vt 0.514316 0.333073
vt 0.515237 0.311893
vt 0.518208 0.286529
vt 0.521624 0.259220
vt 0.520530 0.240319
vt 0.519625 0.220528
vt 0.519996 0.198466
vt 0.520011 0.176863
vt 0.519232 0.156567
vt 0.518430 0.136111
vt 0.496870 0.864557
vt 0.496870 0.975124
vt 0.479419 0.796902
vt 0.478901 0.818917
vt 0.479930 0.774576
vt 0.479044 0.753155
vt 0.479709 0.731434
vt 0.480257 0.711223
vt 0.478632 0.688744
vt 0.477930 0.669132
vt 0.477616 0.649745
vt 0.477073 0.630111
vt 0.475415 0.609492
vt 0.472296 0.588093
vt 0.469282 0.553518
vt 0.470695 0.571538
vt 0.471046 0.535573
vt 0.479336 0.503617
vt 0.481583 0.481430
vt 0.482405 0.460970
vt 0.482604 0.442032
vt 0.482741 0.423370
vt 0.483518 0.405511
vt 0.478079 0.371043
vt 0.478343 0.387672
vt 0.479895 0.351646
vt 0.487412 0.323783
vt 0.492987 0.295957
vt 0.502710 0.260515
vt 0.500080 0.242498
vt 0.498644 0.222608
vt 0.497725 0.201779
vt 0.498806 0.177443
vt 0.497755 0.157518
vt 0.496665 0.137069
vt 0.476079 0.870899
vt 0.476079 0.975124
vt 0.454797 0.800404
vt 0.456014 0.821103
vt 0.455611 0.778126
vt 0.455273 0.756598
vt 0.457909 0.729529
vt 0.458067 0.707462
vt 0.458075 0.688239
vt 0.457743 0.669372
vt 0.456207 0.631590
vt 0.457152 0.650567
vt 0.454603 0.612306
vt 0.452515 0.593541
vt 0.451254 0.573760
vt 0.453366 0.532306
vt 0.449613 0.553519
vt 0.455988 0.509920
vt 0.460727 0.483084
vt 0.461704 0.461698
vt 0.462894 0.441866
vt 0.461895 0.421077
vt 0.460861 0.403719
vt 0.460184 0.372766
vt 0.460350 0.388755
vt 0.460163 0.356378
vt 0.461127 0.336220
vt 0.465767 0.309271
vt 0.470470 0.280426
vt 0.475117 0.251270
vt 0.477860 0.224732
vt 0.476152 0.204588
vt 0.475015 0.183473
vt 0.476131 0.158952
vt 0.474751 0.138368
vt 0.455289 0.882877
vt 0.455289 0.975124
vt 0.430305 0.803419
vt 0.430813 0.823661
vt 0.429713 0.785234
vt 0.432039 0.759249
vt 0.436119 0.730626
vt 0.437354 0.709042
vt 0.437374 0.689437
vt 0.436892 0.670326
vt 0.436145 0.651293
vt 0.435065 0.632285
vt 0.433261 0.613002
vt 0.432499 0.593908
vt 0.431447 0.555145
vt 0.431309 0.574264
vt 0.432253 0.536558
vt 0.435118 0.511921
vt 0.436002 0.490856
vt 0.439799 0.465288
vt 0.443784 0.439285
vt 0.443929 0.404788
vt 0.444275 0.420449
vt 0.443198 0.388523
vt 0.443338 0.372526
vt 0.443040 0.355113
vt 0.444032 0.316200
vt 0.443192 0.335556
vt 0.448974 0.285262
vt 0.451932 0.257463
vt 0.452156 0.234547
vt 0.454481 0.207528
vt 0.452831 0.186741
vt 0.452368 0.164154
vt 0.452798 0.139875
vt 0.434499 0.975124
vt 0.408859 0.823778
vt 0.408972 0.803141
vt 0.409183 0.780868
vt 0.411301 0.735597
vt 0.410108 0.757363
vt 0.411603 0.713215
vt 0.411588 0.692092
vt 0.411168 0.671769
vt 0.410495 0.651800
vt 0.409204 0.632150
vt 0.410464 0.593801
vt 0.407820 0.613387
vt 0.411179 0.554568
vt 0.410564 0.573949
vt 0.413172 0.515773
vt 0.411234 0.534760
vt 0.413277 0.497003
vt 0.416653 0.469721
vt 0.421477 0.444797
vt 0.419199 0.427514
vt 0.425502 0.405366
vt 0.425710 0.388401
vt 0.424114 0.370190
vt 0.424654 0.353274
vt 0.425358 0.316469
vt 0.424818 0.335692
vt 0.426326 0.294933
vt 0.431004 0.260756
vt 0.429991 0.239960
vt 0.430790 0.214066
vt 0.430932 0.188776
vt 0.429968 0.166671
vt 0.430423 0.141738
vt 0.413708 0.975124
vt 0.434499 0.882590
vt 0.387004 0.823570
vt 0.387222 0.802886
vt 0.387285 0.776980
vt 0.388163 0.755076
vt 0.389045 0.734026
vt 0.389582 0.692610
vt 0.389490 0.713183
vt 0.389398 0.672322
vt 0.389125 0.652347
vt 0.388720 0.613881
vt 0.388805 0.632710
vt 0.389733 0.595958
vt 0.389156 0.573455
vt 0.389085 0.552560
vt 0.391554 0.513215
vt 0.388141 0.532386
vt 0.393733 0.493414
vt 0.397927 0.448404
vt 0.395987 0.468319
vt 0.398696 0.430052
vt 0.405004 0.405722
vt 0.406284 0.387797
vt 0.406445 0.353100
vt 0.406298 0.370325
vt 0.406567 0.335692
vt 0.406572 0.318215
vt 0.406830 0.298304
vt 0.409185 0.267816
vt 0.409088 0.243629
vt 0.408260 0.220698
vt 0.408804 0.190410
vt 0.407607 0.169171
vt 0.406717 0.146987
vt 0.392918 0.882821
vt 0.392918 0.975124
vt 0.365423 0.802718
vt 0.365142 0.823351
vt 0.366033 0.775078
vt 0.366772 0.753741
vt 0.367415 0.733124
vt 0.367829 0.712722
vt 0.368014 0.692470
vt 0.368036 0.672386
vt 0.368001 0.632726
vt 0.367986 0.652446
vt 0.367724 0.612908
vt 0.367110 0.592637
vt 0.367637 0.572930
vt 0.368337 0.551720
vt 0.370132 0.510885
vt 0.369852 0.531214
vt 0.372269 0.489720
vt 0.378027 0.447172
vt 0.375583 0.465336
vt 0.379572 0.428035
vt 0.385110 0.405387
vt 0.387157 0.387259
vt 0.388214 0.369999
vt 0.388310 0.352846
vt 0.388457 0.335496
vt 0.388474 0.299886
vt 0.388523 0.318090
vt 0.388251 0.274038
vt 0.388890 0.245678
vt 0.387354 0.224367
vt 0.386887 0.192160
vt 0.385569 0.171185
vt 0.384421 0.149544
vt 0.372128 0.883730
vt 0.372128 0.975124
vt 0.343698 0.802451
vt 0.343259 0.823064
vt 0.344945 0.774324
vt 0.345621 0.753096
vt 0.346148 0.732579
vt 0.346510 0.712343
vt 0.346728 0.692281
vt 0.346839 0.672331
vt 0.346814 0.652416
vt 0.346219 0.631844
vt 0.345454 0.611491
vt 0.345902 0.572585
vt 0.345552 0.592115
vt 0.346286 0.552213
vt 0.348011 0.530999
vt 0.349358 0.489332
vt 0.347342 0.510248
vt 0.356469 0.462392
vt 0.358634 0.444296
vt 0.360933 0.408191
vt 0.359701 0.426436
vt 0.367245 0.386965
vt 0.369116 0.369276
vt 0.370127 0.352137
vt 0.370388 0.335124
vt 0.370364 0.317536
vt 0.369721 0.297869
vt 0.367378 0.255490
vt 0.368692 0.276184
vt 0.366595 0.227117
vt 0.365061 0.193847
vt 0.363681 0.172924
vt 0.362402 0.151418
vt 0.351337 0.885481
vt 0.351337 0.975124
vt 0.322063 0.802108
vt 0.321346 0.822670
vt 0.323804 0.774202
vt 0.324533 0.752736
vt 0.325026 0.732245
vt 0.325356 0.712105
vt 0.325566 0.692114
vt 0.325755 0.672242
vt 0.326062 0.652734
vt 0.324845 0.630308
vt 0.324869 0.610997
vt 0.324952 0.572700
vt 0.324932 0.591964
vt 0.324687 0.552778
vt 0.323912 0.531365
vt 0.326278 0.488443
vt 0.319666 0.509575
vt 0.337034 0.460782
vt 0.340102 0.442530
vt 0.341078 0.425193
vt 0.342237 0.388845
vt 0.340948 0.406990
vt 0.348824 0.368632
vt 0.350893 0.351121
vt 0.352259 0.334140
vt 0.351570 0.316304
vt 0.350114 0.296164
vt 0.348567 0.259307
vt 0.349517 0.278260
vt 0.345815 0.227770
vt 0.341811 0.174485
vt 0.343239 0.195499
vt 0.340468 0.152905
vt 0.330547 0.886400
vt 0.330547 0.975124
vt 0.300341 0.801122
vt 0.299615 0.821972
vt 0.302375 0.774737
vt 0.303370 0.752794
vt 0.303907 0.732220
vt 0.304210 0.712074
vt 0.304353 0.692054
vt 0.304325 0.671913
vt 0.304507 0.649943
vt 0.304690 0.629831
vt 0.304808 0.610835
vt 0.304557 0.573035
vt 0.304775 0.592039
vt 0.304025 0.553614
vt 0.302679 0.533321
vt 0.298194 0.491905
vt 0.299652 0.510409
vt 0.315655 0.461149
vt 0.320566 0.441809
vt 0.322470 0.424545
vt 0.321512 0.388038
vt 0.321007 0.406306
vt 0.322251 0.369651
vt 0.329257 0.349888
vt 0.330631 0.332175
vt 0.330737 0.313892
vt 0.331095 0.295942
vt 0.330289 0.276947
vt 0.328706 0.256046
vt 0.324417 0.227102
vt 0.321077 0.197103
vt 0.319843 0.175773
vt 0.309757 0.887899
vt 0.309757 0.975124
vt 0.278225 0.800441
vt 0.277797 0.821631
vt 0.279640 0.777257
vt 0.281824 0.753459
vt 0.282579 0.732591
vt 0.282895 0.712356
vt 0.282928 0.692325
vt 0.282711 0.672298
vt 0.284089 0.649442
vt 0.284667 0.629812
vt 0.284847 0.610924
vt 0.284761 0.592188
vt 0.284335 0.573298
vt 0.283545 0.554057
vt 0.281456 0.532684
vt 0.279876 0.512115
vt 0.283147 0.469542
vt 0.278610 0.490147
vt 0.296870 0.442983
vt 0.301241 0.423908
vt 0.301423 0.406081
vt 0.298754 0.387217
vt 0.298485 0.351802
vt 0.299578 0.369104
vt 0.309607 0.330521
vt 0.311959 0.312667
vt 0.311424 0.294392
vt 0.309644 0.274384
vt 0.303938 0.248015
vt 0.300872 0.222863
vt 0.298439 0.198066
vt 0.297642 0.176473
vt 0.318543 0.154084
vt 0.288966 0.893108
vt 0.288966 0.975124
vt 0.255993 0.800647
vt 0.255251 0.822744
vt 0.255901 0.779747
vt 0.259160 0.755258
vt 0.260706 0.733507
vt 0.261218 0.713006
vt 0.261237 0.692887
vt 0.260935 0.672823
vt 0.263570 0.649525
vt 0.264389 0.630036
vt 0.264590 0.611155
vt 0.264377 0.592359
vt 0.263879 0.573415
vt 0.262462 0.553694
vt 0.259596 0.531830
vt 0.258923 0.511604
vt 0.257809 0.470047
vt 0.258069 0.490702
vt 0.267853 0.445965
vt 0.274772 0.424538
vt 0.276597 0.405420
vt 0.276726 0.367177
vt 0.273936 0.385830
vt 0.288694 0.327845
vt 0.279957 0.348255
vt 0.292480 0.310792
vt 0.290229 0.291986
vt 0.283584 0.267523
vt 0.281170 0.245375
vt 0.275818 0.218656
vt 0.275757 0.197722
vt 0.275159 0.176349
vt 0.296414 0.154576
vt 0.268176 0.893108
vt 0.268176 0.975124
vt 0.233602 0.801353
vt 0.233381 0.822415
vt 0.233766 0.780167
vt 0.233609 0.759377
vt 0.236842 0.735779
vt 0.238560 0.714247
vt 0.238791 0.693879
vt 0.238358 0.673558
vt 0.242241 0.650275
vt 0.243262 0.630640
vt 0.243411 0.611556
vt 0.243303 0.592570
vt 0.241706 0.572951
vt 0.238845 0.551740
vt 0.238246 0.531680
vt 0.237009 0.510685
vt 0.236577 0.490146
vt 0.236404 0.449264
vt 0.236387 0.469613
vt 0.250131 0.424231
vt 0.255076 0.404862
vt 0.255086 0.365086
vt 0.251884 0.385149
vt 0.258571 0.345624
vt 0.261195 0.326260
vt 0.262199 0.306714
vt 0.262225 0.286649
vt 0.259320 0.264537
vt 0.254021 0.239097
vt 0.253820 0.218369
vt 0.253339 0.197222
vt 0.252316 0.175454
vt 0.273723 0.154057
vt 0.247386 0.975124
vt 0.211225 0.801953
vt 0.211477 0.822631
vt 0.211103 0.781013
vt 0.211381 0.759846
vt 0.211045 0.738918
vt 0.209751 0.718419
vt 0.213573 0.695992
vt 0.213679 0.675160
vt 0.218330 0.652324
vt 0.219414 0.632055
vt 0.219732 0.612199
vt 0.216365 0.592094
vt 0.217515 0.572165
vt 0.217079 0.551783
vt 0.215620 0.530692
vt 0.215098 0.510131
vt 0.214844 0.489621
vt 0.214631 0.468918
vt 0.215619 0.426652
vt 0.214605 0.447886
vt 0.218659 0.405263
vt 0.229689 0.363514
vt 0.222837 0.384467
vt 0.233893 0.343576
vt 0.236196 0.323894
vt 0.236062 0.303622
vt 0.230576 0.280386
vt 0.232088 0.259978
vt 0.232052 0.238943
vt 0.231572 0.217902
vt 0.230528 0.196260
vt 0.227257 0.171980
vt 0.248932 0.150851
vt 0.226595 0.975124
vt 0.247386 0.893108
vt 0.189579 0.822944
vt 0.188853 0.781599
vt 0.189235 0.802308
vt 0.188318 0.760920
vt 0.188005 0.740055
vt 0.187666 0.719317
vt 0.187053 0.698533
vt 0.185623 0.678317
vt 0.187318 0.657516
vt 0.191786 0.634744
vt 0.194259 0.612996
vt 0.196135 0.571988
vt 0.195206 0.591973
vt 0.193650 0.550578
vt 0.193172 0.530065
vt 0.192970 0.509578
vt 0.192772 0.489003
vt 0.192495 0.468225
vt 0.192002 0.446966
vt 0.190972 0.425162
vt 0.191893 0.383410
vt 0.189283 0.403773
vt 0.197757 0.362467
vt 0.201970 0.341740
vt 0.205236 0.321091
vt 0.207869 0.300288
vt 0.208930 0.279367
vt 0.209670 0.258968
vt 0.209715 0.238213
vt 0.208869 0.216966
vt 0.205309 0.192996
vt 0.204616 0.171406
vt 0.226417 0.150400
vt 0.205805 0.893108
vt 0.205805 0.975124
vt 0.167696 0.823340
vt 0.167299 0.802728
vt 0.166381 0.761448
vt 0.166865 0.782090
vt 0.165860 0.740767
vt 0.165204 0.720132
vt 0.164474 0.699540
vt 0.163355 0.659089
vt 0.163723 0.679127
vt 0.168289 0.635007
vt 0.171506 0.612605
vt 0.173162 0.591591
vt 0.171785 0.570807
vt 0.170886 0.550090
vt 0.170571 0.529483
vt 0.170436 0.508890
vt 0.170326 0.488270
vt 0.169970 0.467471
vt 0.169098 0.446284
vt 0.167095 0.424301
vt 0.165564 0.382146
vt 0.163257 0.401558
vt 0.174121 0.359703
vt 0.179034 0.338992
vt 0.182389 0.318634
vt 0.184817 0.298290
vt 0.186200 0.277868
vt 0.186821 0.257470
vt 0.186277 0.236526
vt 0.182452 0.212894
vt 0.182563 0.192224
vt 0.182428 0.171311
vt 0.204354 0.150483
vt 0.185014 0.893108
vt 0.185014 0.975124
vt 0.145812 0.823778
vt 0.144951 0.782584
vt 0.145394 0.803184
vt 0.144464 0.761987
vt 0.143929 0.741382
vt 0.143311 0.720807
vt 0.142647 0.700214
vt 0.142053 0.679610
vt 0.141782 0.659006
vt 0.142231 0.638167
vt 0.146661 0.614100
vt 0.149734 0.591671
vt 0.147798 0.570234
vt 0.147488 0.549453
vt 0.147362 0.528718
vt 0.147281 0.507984
vt 0.147109 0.487198
vt 0.146542 0.466198
vt 0.144835 0.444429
vt 0.140742 0.420734
vt 0.144325 0.379209
vt 0.140845 0.399900
vt 0.148374 0.358558
vt 0.150560 0.337932
vt 0.156192 0.316730
vt 0.158672 0.296138
vt 0.160041 0.275471
vt 0.158576 0.253954
vt 0.160581 0.233413
vt 0.160518 0.212737
vt 0.160479 0.192042
vt 0.160120 0.170971
vt 0.182066 0.150225
vt 0.025785 0.807430
vt 0.107800 0.787863
vt 0.107800 0.807430
vt 0.025785 0.787863
vt 0.107800 0.768296
vt 0.025785 0.768296
vt 0.107800 0.748728
vt 0.025785 0.748728
vt 0.107800 0.729161
vt 0.025785 0.729161
vt 0.107800 0.709594
vt 0.025785 0.709594
vt 0.107800 0.690026
vt 0.025785 0.690026
vt 0.107800 0.670459
vt 0.025785 0.670459
vt 0.107800 0.650892
vt 0.025785 0.650892
vt 0.107800 0.631324
vt 0.025785 0.611757
vt 0.025785 0.631324
vt 0.025785 0.592189
vt 0.119790 0.611757
vt 0.122743 0.572622
vt 0.128184 0.592189
vt 0.025785 0.572622
vt 0.120589 0.553055
vt 0.025785 0.553055
vt 0.118491 0.533487
vt 0.025785 0.533487
vt 0.116127 0.513920
vt 0.025785 0.513920
vt 0.113160 0.494353
vt 0.025785 0.494353
vt 0.108848 0.474785
vt 0.025785 0.474785
vt 0.101621 0.455218
vt 0.025785 0.455218
vt 0.089589 0.435651
vt 0.025785 0.435651
vt 0.086093 0.416083
vt 0.025785 0.396516
vt 0.025785 0.416083
vt 0.025785 0.376949
vt 0.090806 0.396516
vt 0.025785 0.357381
vt 0.094441 0.376949
vt 0.025785 0.337814
vt 0.096419 0.357381
vt 0.025785 0.318246
vt 0.103319 0.337814
vt 0.104120 0.298679
vt 0.104833 0.318246
vt 0.025785 0.298679
vt 0.098292 0.279112
vt 0.025785 0.279112
vt 0.097625 0.259544
vt 0.025785 0.259544
vt 0.096645 0.239977
vt 0.025785 0.239977
vt 0.094674 0.220410
vt 0.025785 0.220410
vt 0.090806 0.200842
vt 0.025785 0.200842
vt 0.086093 0.181275
vt 0.839757 0.787863
vt 0.975738 0.807430
vt 0.839757 0.807430
vt 0.839757 0.768296
vt 0.975738 0.787863
vt 0.839757 0.748728
vt 0.975738 0.768296
vt 0.843559 0.729161
vt 0.975738 0.748728
vt 0.844100 0.709594
vt 0.975738 0.729161
vt 0.844100 0.690026
vt 0.975738 0.709594
vt 0.844100 0.670459
vt 0.975738 0.690026
vt 0.975738 0.650892
vt 0.975738 0.670459
vt 0.843559 0.650892
vt 0.975738 0.631324
vt 0.839757 0.611757
vt 0.839757 0.631324
vt 0.839757 0.592189
vt 0.975738 0.611757
vt 0.839757 0.572622
vt 0.975738 0.592189
vt 0.843559 0.553055
vt 0.975738 0.572622
vt 0.862481 0.533487
vt 0.975738 0.553055
vt 0.864295 0.513920
vt 0.975738 0.533487
vt 0.867042 0.494353
vt 0.975738 0.513920
vt 0.871064 0.474785
vt 0.975738 0.494353
vt 0.877286 0.455218
vt 0.975738 0.474785
vt 0.883087 0.435651
vt 0.975738 0.455218
vt 0.884274 0.416083
vt 0.975738 0.435651
vt 0.975738 0.396516
vt 0.975738 0.416083
vt 0.885031 0.376949
vt 0.882877 0.396516
vt 0.975738 0.357381
vt 0.975738 0.376949
vt 0.883117 0.357381
vt 0.975738 0.337814
vt 0.881939 0.337814
vt 0.975738 0.318246
vt 0.881286 0.318246
vt 0.975738 0.298679
vt 0.881075 0.279112
vt 0.881075 0.298679
vt 0.881286 0.259544
vt 0.975738 0.279112
vt 0.975738 0.239977
vt 0.975738 0.259544
vt 0.881075 0.220410
vt 0.881075 0.239977
vt 0.881075 0.200842
vt 0.975738 0.220410
vt 0.881286 0.181275
vt 0.975738 0.200842
vt 0.169632 0.018380
vt 0.439907 0.018380
vt 0.543859 0.018380
vt 0.793344 0.018380
vt 0.787934 0.839142
vt 0.825601 0.139485
vt 0.561987 0.134646
vt 0.517660 0.863381
vt 0.413708 0.882536
vt 0.226595 0.893108
vt 0.159564 0.149689
vt 0.025785 0.181275
vt 0.975738 0.181275
s 0
f 125/1/1 34/2/1 158/3/1
f 158/3/1 35/4/1 191/5/1
f 191/5/1 36/6/1 224/7/1
f 224/7/1 37/8/1 257/9/1
f 257/9/1 38/10/1 290/11/1
f 290/11/1 39/12/1 323/13/1
f 323/13/1 40/14/1 356/15/1
f 356/15/1 41/16/1 389/17/1
f 41/16/1 422/18/1 389/17/1
f 42/19/1 455/20/1 422/18/1
f 43/21/1 488/22/1 455/20/1
f 44/23/1 521/24/1 488/22/1
f 45/25/1 554/26/1 521/24/1
f 554/26/1 47/27/1 587/28/1
f 47/27/1 620/29/1 587/28/1
f 48/30/1 653/31/1 620/29/1
f 49/32/1 686/33/1 653/31/1
f 50/34/1 719/35/1 686/33/1
f 719/35/1 52/36/1 752/37/1
f 752/37/1 53/38/1 785/39/1
f 785/39/1 54/40/1 818/41/1
f 818/41/1 55/42/1 851/43/1
f 851/43/1 56/44/1 884/45/1
f 884/45/1 57/46/1 917/47/1
f 917/47/1 58/48/1 950/49/1
f 950/49/1 59/50/1 983/51/1
f 983/51/1 60/52/1 1016/53/1
f 1016/53/1 61/54/1 1049/55/1
f 1049/55/1 62/56/1 1082/57/1
f 62/56/1 1115/58/1 1082/57/1
f 5/59/2 1147/60/2 3/61/2
s 1
f 1113/62/3 1147/63/3 1114/64/3
f 1112/65/3 1146/66/3 1113/62/3
f 1111/67/3 1145/68/3 1112/65/3
f 1110/69/4 1144/70/5 1111/67/3
f 1109/71/6 1143/72/7 1110/69/4
f 1108/73/8 1142/74/9 1109/71/6
f 1107/75/10 1141/76/11 1108/73/8
f 1107/75/10 1139/77/12 1140/78/13
f 1106/79/14 1138/80/15 1139/77/12
f 1104/81/16 1138/80/15 1105/82/17
f 1103/83/18 1137/84/3 1104/81/16
f 1102/85/19 1136/86/3 1103/83/18
f 1101/87/20 1135/88/21 1102/85/19
f 1100/89/22 1134/90/23 1101/87/20
f 1099/91/24 1133/92/25 1100/89/22
f 1098/93/26 1132/94/27 1099/91/24
f 1097/95/28 1131/96/29 1098/93/26
f 1096/97/30 1130/98/31 1097/95/28
f 1095/99/32 1129/100/33 1096/97/30
f 1094/101/34 1128/102/35 1095/99/32
f 1094/101/34 1126/103/36 1127/104/37
f 1092/105/38 1126/103/36 1093/106/39
f 1091/107/40 1125/108/41 1092/105/38
f 1090/109/42 1124/110/43 1091/107/40
f 1090/109/42 1122/111/44 1123/112/45
f 1089/113/46 1121/114/47 1122/111/44
f 1087/115/48 1121/114/47 1088/116/49
f 1087/115/48 1119/117/50 1120/118/51
f 1085/119/52 1119/117/50 1086/120/53
f 1084/121/54 1118/122/55 1085/119/52
f 1083/123/56 1117/124/57 1084/121/54
f 1082/125/58 1116/126/59 1083/123/56
s 0
f 1081/127/2 5/59/2 6/128/2
s 1
f 1081/129/3 1113/62/3 1114/64/3
f 1080/130/3 1112/65/3 1113/62/3
f 1078/131/3 1112/65/3 1079/132/3
f 1077/133/3 1111/67/3 1078/131/3
f 1076/134/3 1110/69/4 1077/133/3
f 1075/135/3 1109/71/6 1076/134/3
f 1074/136/60 1108/73/8 1075/135/3
f 1073/137/61 1107/75/10 1074/136/60
f 1073/137/61 1105/82/17 1106/79/14
f 1072/138/62 1104/81/16 1105/82/17
f 1071/139/63 1103/83/18 1104/81/16
f 1070/140/64 1102/85/19 1103/83/18
f 1068/141/65 1102/85/19 1069/142/66
f 1067/143/67 1101/87/20 1068/141/65
f 1066/144/68 1100/89/22 1067/143/67
f 1066/144/68 1098/93/26 1099/91/24
f 1064/145/69 1098/93/26 1065/146/70
f 1063/147/71 1097/95/28 1064/145/69
f 1063/147/71 1095/99/32 1096/97/30
f 1061/148/72 1095/99/32 1062/149/73
f 1061/148/72 1093/106/39 1094/101/34
f 1059/150/74 1093/106/39 1060/151/75
f 1058/152/76 1092/105/38 1059/150/74
f 1057/153/77 1091/107/40 1058/152/76
f 1057/153/77 1089/113/46 1090/109/42
f 1056/154/78 1088/116/49 1089/113/46
f 1054/155/79 1088/116/49 1055/156/80
f 1054/155/79 1086/120/53 1087/115/48
f 1052/157/81 1086/120/53 1053/158/82
f 1051/159/83 1085/119/52 1052/157/81
f 1050/160/84 1084/121/54 1051/159/83
f 1049/161/85 1083/123/56 1050/160/84
s 0
f 1048/162/2 6/128/2 7/163/2
s 1
f 1048/164/3 1080/130/3 1081/129/3
f 1047/165/3 1079/132/3 1080/130/3
f 1045/166/3 1079/132/3 1046/167/3
f 1044/168/3 1078/131/3 1045/166/3
f 1043/169/3 1077/133/3 1044/168/3
f 1042/170/86 1076/134/3 1043/169/3
f 1042/170/86 1074/136/60 1075/135/3
f 1041/171/87 1073/137/61 1074/136/60
f 1040/172/88 1072/138/62 1073/137/61
f 1039/173/89 1071/139/63 1072/138/62
f 1038/174/90 1070/140/64 1071/139/63
f 1037/175/91 1069/142/66 1070/140/64
f 1035/176/92 1069/142/66 1036/177/93
f 1034/178/94 1068/141/65 1035/176/92
f 1033/179/95 1067/143/67 1034/178/94
f 1032/180/96 1066/144/68 1033/179/95
f 1031/181/97 1065/146/70 1032/180/96
f 1031/181/97 1063/147/71 1064/145/69
f 1030/182/98 1062/149/73 1063/147/71
f 1028/183/99 1062/149/73 1029/184/100
f 1027/185/101 1061/148/72 1028/183/99
f 1027/185/101 1059/150/74 1060/151/75
f 1025/186/102 1059/150/74 1026/187/103
f 1024/188/104 1058/152/76 1025/186/102
f 1023/189/105 1057/153/77 1024/188/104
f 1023/189/105 1055/156/80 1056/154/78
f 1021/190/106 1055/156/80 1022/191/107
f 1021/190/106 1053/158/82 1054/155/79
f 1019/192/108 1053/158/82 1020/193/109
f 1018/194/110 1052/157/81 1019/192/108
f 1017/195/111 1051/159/83 1018/194/110
f 1016/196/112 1050/160/84 1017/195/111
s 0
f 1015/197/2 7/163/2 8/198/2
s 1
f 1015/199/3 1047/165/3 1048/164/3
f 1013/200/3 1047/165/3 1014/201/3
f 1012/202/3 1046/167/3 1013/200/3
f 1011/203/3 1045/166/3 1012/202/3
f 1010/204/113 1044/168/3 1011/203/3
f 1010/204/113 1042/170/86 1043/169/3
f 1009/205/114 1041/171/87 1042/170/86
f 1008/206/115 1040/172/88 1041/171/87
f 1007/207/116 1039/173/89 1040/172/88
f 1006/208/117 1038/174/90 1039/173/89
f 1004/209/118 1038/174/90 1005/210/119
f 1003/211/120 1037/175/91 1004/209/118
f 1002/212/121 1036/177/93 1003/211/120
f 1001/213/122 1035/176/92 1002/212/121
f 1000/214/123 1034/178/94 1001/213/122
f 999/215/124 1033/179/95 1000/214/123
f 998/216/125 1032/180/96 999/215/124
f 998/216/125 1030/182/98 1031/181/97
f 997/217/126 1029/184/100 1030/182/98
f 995/218/127 1029/184/100 996/219/128
f 995/218/127 1027/185/101 1028/183/99
f 994/220/129 1026/187/103 1027/185/101
f 992/221/130 1026/187/103 993/222/131
f 991/223/132 1025/186/102 992/221/130
f 990/224/133 1024/188/104 991/223/132
f 989/225/134 1023/189/105 990/224/133
f 988/226/135 1022/191/107 989/225/134
f 988/226/135 1020/193/109 1021/190/106
f 986/227/136 1020/193/109 987/228/137
f 985/229/138 1019/192/108 986/227/136
f 984/230/139 1018/194/110 985/229/138
f 983/231/140 1017/195/111 984/230/139
s 0
f 982/232/2 8/198/2 9/233/2
s 1
f 981/234/3 1015/199/3 982/235/3
f 980/236/3 1014/201/3 981/234/3
f 979/237/3 1013/200/3 980/236/3
f 978/238/141 1012/202/3 979/237/3
f 978/238/141 1010/204/113 1011/203/3
f 977/239/142 1009/205/114 1010/204/113
f 976/240/143 1008/206/115 1009/205/114
f 975/241/144 1007/207/116 1008/206/115
f 974/242/145 1006/208/117 1007/207/116
f 973/243/146 1005/210/119 1006/208/117
f 971/244/147 1005/210/119 972/245/148
f 970/246/149 1004/209/118 971/244/147
f 969/247/150 1003/211/120 970/246/149
f 969/247/150 1001/213/122 1002/212/121
f 968/248/151 1000/214/123 1001/213/122
f 966/249/152 1000/214/123 967/250/153
f 965/251/154 999/215/124 966/249/152
f 965/251/154 997/217/126 998/216/125
f 964/252/155 996/219/128 997/217/126
f 962/253/156 996/219/128 963/254/157
f 962/253/156 994/220/129 995/218/127
f 961/255/158 993/222/131 994/220/129
f 959/256/159 993/222/131 960/257/160
f 958/258/161 992/221/130 959/256/159
f 957/259/162 991/223/132 958/258/161
f 956/260/163 990/224/133 957/259/162
f 955/261/164 989/225/134 956/260/163
f 955/261/164 987/228/137 988/226/135
f 953/262/165 987/228/137 954/263/166
f 952/264/167 986/227/136 953/262/165
f 951/265/168 985/229/138 952/264/167
f 950/266/169 984/230/139 951/265/168
s 0
f 949/267/2 9/233/2 10/268/2
s 1
f 948/269/3 982/235/3 949/270/3
f 947/271/3 981/234/3 948/269/3
f 946/272/170 980/236/3 947/271/3
f 946/272/170 978/238/141 979/237/3
f 945/273/171 977/239/142 978/238/141
f 944/274/172 976/240/143 977/239/142
f 943/275/173 975/241/144 976/240/143
f 942/276/174 974/242/145 975/241/144
f 941/277/175 973/243/146 974/242/145
f 939/278/176 973/243/146 940/279/177
f 938/280/178 972/245/148 939/278/176
f 937/281/179 971/244/147 938/280/178
f 936/282/180 970/246/149 937/281/179
f 935/283/181 969/247/150 936/282/180
f 934/284/182 968/248/151 935/283/181
f 933/285/183 967/250/153 934/284/182
f 932/286/184 966/249/152 933/285/183
f 931/287/185 965/251/154 932/286/184
f 931/287/185 963/254/157 964/252/155
f 929/288/186 963/254/157 930/289/187
f 928/290/188 962/253/156 929/288/186
f 928/290/188 960/257/160 961/255/158
f 927/291/189 959/256/159 960/257/160
f 926/292/190 958/258/161 959/256/159
f 925/293/191 957/259/162 958/258/161
f 924/294/192 956/260/163 957/259/162
f 922/295/193 956/260/163 923/296/194
f 921/297/195 955/261/164 922/295/193
f 920/298/196 954/263/166 921/297/195
f 919/299/197 953/262/165 920/298/196
f 918/300/198 952/264/167 919/299/197
f 917/301/199 951/265/168 918/300/198
s 0
f 916/302/2 10/268/2 11/303/2
s 1
f 915/304/3 949/270/3 916/305/3
f 914/306/200 948/269/3 915/304/3
f 914/306/200 946/272/170 947/271/3
f 912/307/201 946/272/170 913/308/202
f 912/307/201 944/274/172 945/273/171
f 911/309/203 943/275/173 944/274/172
f 910/310/204 942/276/174 943/275/173
f 909/311/205 941/277/175 942/276/174
f 908/312/206 940/279/177 941/277/175
f 906/313/207 940/279/177 907/314/208
f 905/315/209 939/278/176 906/313/207
f 904/316/210 938/280/178 905/315/209
f 903/317/211 937/281/179 904/316/210
f 902/318/212 936/282/180 903/317/211
f 902/318/212 934/284/182 935/283/181
f 900/319/213 934/284/182 901/320/214
f 899/321/215 933/285/183 900/319/213
f 898/322/216 932/286/184 899/321/215
f 898/322/216 930/289/187 931/287/185
f 896/323/217 930/289/187 897/324/218
f 895/325/219 929/288/186 896/323/217
f 894/326/220 928/290/188 895/325/219
f 893/327/221 927/291/189 894/326/220
f 892/328/222 926/292/190 893/327/221
f 891/329/223 925/293/191 892/328/222
f 890/330/224 924/294/192 891/329/223
f 889/331/225 923/296/194 890/330/224
f 888/332/226 922/295/193 889/331/225
f 887/333/227 921/297/195 888/332/226
f 886/334/228 920/298/196 887/333/227
f 885/335/229 919/299/197 886/334/228
f 884/336/230 918/300/198 885/335/229
s 0
f 883/337/2 11/303/2 12/338/2
s 1
f 882/339/231 916/305/3 883/340/3
f 882/339/231 914/306/200 915/304/3
f 881/341/232 913/308/202 914/306/200
f 879/342/233 913/308/202 880/343/234
f 879/342/233 911/309/203 912/307/201
f 878/344/235 910/310/204 911/309/203
f 877/345/236 909/311/205 910/310/204
f 876/346/237 908/312/206 909/311/205
f 875/347/238 907/314/208 908/312/206
f 874/348/239 906/313/207 907/314/208
f 872/349/240 906/313/207 873/350/241
f 871/351/242 905/315/209 872/349/240
f 870/352/243 904/316/210 871/351/242
f 870/352/243 902/318/212 903/317/211
f 869/353/244 901/320/214 902/318/212
f 868/354/245 900/319/213 901/320/214
f 866/355/246 900/319/213 867/356/247
f 865/357/248 899/321/215 866/355/246
f 865/357/248 897/324/218 898/322/216
f 863/358/249 897/324/218 864/359/250
f 862/360/251 896/323/217 863/358/249
f 861/361/252 895/325/219 862/360/251
f 860/362/253 894/326/220 861/361/252
f 859/363/254 893/327/221 860/362/253
f 858/364/255 892/328/222 859/363/254
f 857/365/256 891/329/223 858/364/255
f 856/366/257 890/330/224 857/365/256
f 855/367/258 889/331/225 856/366/257
f 854/368/259 888/332/226 855/367/258
f 853/369/260 887/333/227 854/368/259
f 852/370/261 886/334/228 853/369/260
f 851/371/262 885/335/229 852/370/261
s 0
f 850/372/2 12/338/2 13/373/2
s 1
f 850/374/263 882/339/231 883/340/3
f 849/375/264 881/341/232 882/339/231
f 848/376/265 880/343/234 881/341/232
f 846/377/266 880/343/234 847/378/267
f 846/377/266 878/344/235 879/342/233
f 845/379/268 877/345/236 878/344/235
f 844/380/269 876/346/237 877/345/236
f 843/381/270 875/347/238 876/346/237
f 842/382/271 874/348/239 875/347/238
f 841/383/272 873/350/241 874/348/239
f 839/384/273 873/350/241 840/385/274
f 838/386/275 872/349/240 839/384/273
f 837/387/276 871/351/242 838/386/275
f 837/387/276 869/353/244 870/352/243
f 836/388/277 868/354/245 869/353/244
f 834/389/278 868/354/245 835/390/279
f 833/391/280 867/356/247 834/389/278
f 832/392/281 866/355/246 833/391/280
f 832/392/281 864/359/250 865/357/248
f 830/393/282 864/359/250 831/394/283
f 829/395/284 863/358/249 830/393/282
f 828/396/285 862/360/251 829/395/284
f 827/397/286 861/361/252 828/396/285
f 826/398/287 860/362/253 827/397/286
f 825/399/288 859/363/254 826/398/287
f 824/400/289 858/364/255 825/399/288
f 823/401/290 857/365/256 824/400/289
f 822/402/291 856/366/257 823/401/290
f 822/402/291 854/368/259 855/367/258
f 821/403/292 853/369/260 854/368/259
f 820/404/293 852/370/261 853/369/260
f 818/405/294 852/370/261 819/406/295
s 0
f 817/407/2 13/373/2 14/408/2
s 1
f 817/409/296 849/375/264 850/374/263
f 816/410/297 848/376/265 849/375/264
f 815/411/298 847/378/267 848/376/265
f 814/412/299 846/377/266 847/378/267
f 813/413/300 845/379/268 846/377/266
f 812/414/301 844/380/269 845/379/268
f 811/415/302 843/381/270 844/380/269
f 810/416/303 842/382/271 843/381/270
f 809/417/304 841/383/272 842/382/271
f 808/418/305 840/385/274 841/383/272
f 806/419/306 840/385/274 807/420/307
f 805/421/308 839/384/273 806/419/306
f 805/421/308 837/387/276 838/386/275
f 803/422/309 837/387/276 804/423/310
f 803/422/309 835/390/279 836/388/277
f 801/424/311 835/390/279 802/425/312
f 801/424/311 833/391/280 834/389/278
f 799/426/313 833/391/280 800/427/314
f 799/426/313 831/394/283 832/392/281
f 797/428/315 831/394/283 798/429/316
f 796/430/317 830/393/282 797/428/315
f 795/431/318 829/395/284 796/430/317
f 794/432/319 828/396/285 795/431/318
f 793/433/320 827/397/286 794/432/319
f 792/434/321 826/398/287 793/433/320
f 791/435/322 825/399/288 792/434/321
f 791/435/322 823/401/290 824/400/289
f 790/436/323 822/402/291 823/401/290
f 789/437/324 821/403/292 822/402/291
f 788/438/325 820/404/293 821/403/292
f 787/439/326 819/406/295 820/404/293
f 786/440/327 818/405/294 819/406/295
s 0
f 784/441/2 14/408/2 15/442/2
s 1
f 783/443/328 817/409/296 784/444/329
f 782/445/330 816/410/297 783/443/328
f 781/446/331 815/411/298 782/445/330
f 781/446/331 813/413/300 814/412/299
f 779/447/332 813/413/300 780/448/333
f 778/449/334 812/414/301 779/447/332
f 777/450/335 811/415/302 778/449/334
f 776/451/336 810/416/303 777/450/335
f 775/452/337 809/417/304 776/451/336
f 774/453/338 808/418/305 775/452/337
f 774/453/338 806/419/306 807/420/307
f 773/454/339 805/421/308 806/419/306
f 771/455/340 805/421/308 772/456/341
f 771/455/340 803/422/309 804/423/310
f 769/457/342 803/422/309 770/458/343
f 769/457/342 801/424/311 802/425/312
f 768/459/344 800/427/314 801/424/311
f 767/460/345 799/426/313 800/427/314
f 766/461/346 798/429/316 799/426/313
f 765/462/347 797/428/315 798/429/316
f 764/463/348 796/430/317 797/428/315
f 763/464/349 795/431/318 796/430/317
f 761/465/350 795/431/318 762/466/351
f 760/467/352 794/432/319 761/465/350
f 759/468/353 793/433/320 760/467/352
f 759/468/353 791/435/322 792/434/321
f 758/469/354 790/436/323 791/435/322
f 757/470/355 789/437/324 790/436/323
f 756/471/356 788/438/325 789/437/324
f 755/472/357 787/439/326 788/438/325
f 754/473/358 786/440/327 787/439/326
f 753/474/359 785/475/360 786/440/327
s 0
f 751/476/2 15/442/2 16/477/2
s 1
f 750/478/361 784/444/329 751/479/362
f 749/480/363 783/443/328 750/478/361
f 748/481/364 782/445/330 749/480/363
f 747/482/365 781/446/331 748/481/364
f 746/483/366 780/448/333 747/482/365
f 745/484/367 779/447/332 746/483/366
f 744/485/368 778/449/334 745/484/367
f 743/486/369 777/450/335 744/485/368
f 742/487/370 776/451/336 743/486/369
f 741/488/371 775/452/337 742/487/370
f 741/488/371 773/454/339 774/453/338
f 740/489/372 772/456/341 773/454/339
f 738/490/373 772/456/341 739/491/374
f 738/490/373 770/458/343 771/455/340
f 737/492/375 769/457/342 770/458/343
f 736/493/376 768/459/344 769/457/342
f 735/494/377 767/460/345 768/459/344
f 734/495/378 766/461/346 767/460/345
f 732/496/379 766/461/346 733/497/380
f 731/498/381 765/462/347 732/496/379
f 730/499/382 764/463/348 731/498/381
f 729/500/383 763/464/349 730/499/382
f 728/501/384 762/466/351 729/500/383
f 727/502/385 761/465/350 728/501/384
f 726/503/386 760/467/352 727/502/385
f 725/504/387 759/468/353 726/503/386
f 724/505/388 758/469/354 725/504/387
f 723/506/389 757/470/355 724/505/388
f 722/507/390 756/471/356 723/506/389
f 721/508/391 755/472/357 722/507/390
f 721/508/391 753/474/359 754/473/358
f 720/509/392 752/510/393 753/474/359
s 0
f 718/511/2 16/477/2 17/512/2
s 1
f 717/513/394 751/479/362 718/514/395
f 716/515/396 750/478/361 717/513/394
f 715/516/397 749/480/363 716/515/396
f 714/517/398 748/481/364 715/516/397
f 713/518/399 747/482/365 714/517/398
f 712/519/400 746/483/366 713/518/399
f 711/520/401 745/484/367 712/519/400
f 710/521/402 744/485/368 711/520/401
f 709/522/403 743/486/369 710/521/402
f 708/523/404 742/487/370 709/522/403
f 708/523/404 740/489/372 741/488/371
f 707/524/405 739/491/374 740/489/372
f 705/525/406 739/491/374 706/526/407
f 705/525/406 737/492/375 738/490/373
f 703/527/408 737/492/375 704/528/409
f 703/527/408 735/494/377 736/493/376
f 701/529/410 735/494/377 702/530/411
f 701/529/410 733/497/380 734/495/378
f 700/531/412 732/496/379 733/497/380
f 698/532/413 732/496/379 699/533/414
f 697/534/415 731/498/381 698/532/413
f 696/535/416 730/499/382 697/534/415
f 695/536/417 729/500/383 696/535/416
f 694/537/418 728/501/384 695/536/417
f 693/538/419 727/502/385 694/537/418
f 692/539/420 726/503/386 693/538/419
f 691/540/421 725/504/387 692/539/420
f 690/541/422 724/505/388 691/540/421
f 689/542/423 723/506/389 690/541/422
f 688/543/424 722/507/390 689/542/423
f 687/544/425 721/508/391 688/543/424
f 686/545/426 720/509/392 687/544/425
s 0
f 18/546/2 718/511/2 17/512/2
s 1
f 684/547/427 718/514/395 685/548/428
f 683/549/429 717/513/394 684/547/427
f 682/550/430 716/515/396 683/549/429
f 681/551/431 715/516/397 682/550/430
f 680/552/432 714/517/398 681/551/431
f 679/553/433 713/518/399 680/552/432
f 678/554/434 712/519/400 679/553/433
f 677/555/435 711/520/401 678/554/434
f 676/556/436 710/521/402 677/555/435
f 675/557/437 709/522/403 676/556/436
f 675/557/437 707/524/405 708/523/404
f 674/558/438 706/526/407 707/524/405
f 672/559/439 706/526/407 673/560/440
f 672/559/439 704/528/409 705/525/406
f 670/561/441 704/528/409 671/562/442
f 669/563/443 703/527/408 670/561/441
f 669/563/443 701/529/410 702/530/411
f 668/564/444 700/531/412 701/529/410
f 667/565/445 699/533/414 700/531/412
f 666/566/446 698/532/413 699/533/414
f 664/567/447 698/532/413 665/568/448
f 663/569/449 697/534/415 664/567/447
f 662/570/450 696/535/416 663/569/449
f 661/571/451 695/536/417 662/570/450
f 660/572/452 694/537/418 661/571/451
f 659/573/453 693/538/419 660/572/452
f 658/574/454 692/539/420 659/573/453
f 657/575/455 691/540/421 658/574/454
f 656/576/456 690/541/422 657/575/455
f 655/577/457 689/542/423 656/576/456
f 654/578/458 688/543/424 655/577/457
f 653/579/459 687/544/425 654/578/458
s 0
f 652/580/2 18/546/2 19/581/2
s 1
f 651/582/460 685/548/428 652/583/461
f 650/584/462 684/547/427 651/582/460
f 649/585/463 683/549/429 650/584/462
f 648/586/464 682/550/430 649/585/463
f 647/587/465 681/551/431 648/586/464
f 647/587/465 679/553/433 680/552/432
f 646/588/466 678/554/434 679/553/433
f 645/589/467 677/555/435 678/554/434
f 644/590/468 676/556/436 677/555/435
f 643/591/469 675/557/437 676/556/436
f 642/592/470 674/558/438 675/557/437
f 641/593/471 673/560/440 674/558/438
f 639/594/472 673/560/440 640/595/473
f 638/596/474 672/559/439 639/594/472
f 637/597/475 671/562/442 638/596/474
f 636/598/476 670/561/441 637/597/475
f 635/599/477 669/563/443 636/598/476
f 635/599/477 667/565/445 668/564/444
f 634/600/478 666/566/446 667/565/445
f 633/601/479 665/568/448 666/566/446
f 632/602/480 664/567/447 665/568/448
f 630/603/481 664/567/447 631/604/482
f 629/605/483 663/569/449 630/603/481
f 628/606/484 662/570/450 629/605/483
f 627/607/485 661/571/451 628/606/484
f 626/608/486 660/572/452 627/607/485
f 625/609/487 659/573/453 626/608/486
f 624/610/488 658/574/454 625/609/487
f 623/611/489 657/575/455 624/610/488
f 622/612/490 656/576/456 623/611/489
f 621/613/491 655/577/457 622/612/490
f 620/614/492 654/578/458 621/613/491
s 0
f 619/615/2 19/581/2 20/616/2
s 1
f 618/617/493 652/583/461 619/618/494
f 617/619/495 651/582/460 618/617/493
f 616/620/496 650/584/462 617/619/495
f 615/621/497 649/585/463 616/620/496
f 615/621/497 647/587/465 648/586/464
f 614/622/498 646/588/466 647/587/465
f 613/623/499 645/589/467 646/588/466
f 612/624/500 644/590/468 645/589/467
f 610/625/501 644/590/468 611/626/502
f 609/627/503 643/591/469 610/625/501
f 608/628/504 642/592/470 609/627/503
f 607/629/505 641/593/471 608/628/504
f 607/629/505 639/594/472 640/595/473
f 605/630/506 639/594/472 606/631/507
f 604/632/508 638/596/474 605/630/506
f 603/633/509 637/597/475 604/632/508
f 602/634/510 636/598/476 603/633/509
f 601/635/511 635/599/477 602/634/510
f 601/635/511 633/601/479 634/600/478
f 600/636/512 632/602/480 633/601/479
f 599/637/513 631/604/482 632/602/480
f 597/638/514 631/604/482 598/639/515
f 596/640/516 630/603/481 597/638/514
f 595/641/517 629/605/483 596/640/516
f 594/642/518 628/606/484 595/641/517
f 593/643/519 627/607/485 594/642/518
f 592/644/520 626/608/486 593/643/519
f 591/645/521 625/609/487 592/644/520
f 590/646/522 624/610/488 591/645/521
f 589/647/523 623/611/489 590/646/522
f 588/648/524 622/612/490 589/647/523
f 587/649/525 621/613/491 588/648/524
s 0
f 586/650/2 20/616/2 21/651/2
s 1
f 585/652/526 619/618/494 586/653/527
f 584/654/528 618/617/493 585/652/526
f 583/655/529 617/619/495 584/654/528
f 582/656/530 616/620/496 583/655/529
f 581/657/531 615/621/497 582/656/530
f 580/658/532 614/622/498 581/657/531
f 579/659/533 613/623/499 580/658/532
f 578/660/534 612/624/500 579/659/533
f 578/660/534 610/625/501 611/626/502
f 577/661/535 609/627/503 610/625/501
f 576/662/536 608/628/504 609/627/503
f 575/663/537 607/629/505 608/628/504
f 573/664/538 607/629/505 574/665/539
f 572/666/540 606/631/507 573/664/538
f 571/667/541 605/630/506 572/666/540
f 570/668/542 604/632/508 571/667/541
f 569/669/543 603/633/509 570/668/542
f 568/670/544 602/634/510 569/669/543
f 568/670/544 600/636/512 601/635/511
f 566/671/545 600/636/512 567/672/546
f 566/671/545 598/639/515 599/637/513
f 565/673/547 597/638/514 598/639/515
f 564/674/548 596/640/516 597/638/514
f 563/675/549 595/641/517 596/640/516
f 561/676/550 595/641/517 562/677/551
f 560/678/552 594/642/518 561/676/550
f 559/679/553 593/643/519 560/678/552
f 558/680/554 592/644/520 559/679/553
f 557/681/555 591/645/521 558/680/554
f 556/682/556 590/646/522 557/681/555
f 555/683/557 589/647/523 556/682/556
f 554/684/558 588/648/524 555/683/557
s 0
f 22/685/2 586/650/2 21/651/2
s 1
f 553/686/559 585/652/526 586/653/527
f 552/687/560 584/654/528 585/652/526
f 551/688/561 583/655/529 584/654/528
f 549/689/562 583/655/529 550/690/563
f 548/691/564 582/656/530 549/689/562
f 547/692/565 581/657/531 548/691/564
f 546/693/566 580/658/532 547/692/565
f 546/693/566 578/660/534 579/659/533
f 545/694/567 577/661/535 578/660/534
f 544/695/568 576/662/536 577/661/535
f 542/696/569 576/662/536 543/697/570
f 542/696/569 574/665/539 575/663/537
f 540/698/571 574/665/539 541/699/572
f 540/698/571 572/666/540 573/664/538
f 538/700/573 572/666/540 539/701/574
f 537/702/575 571/667/541 538/700/573
f 536/703/576 570/668/542 537/702/575
f 535/704/577 569/669/543 536/703/576
f 534/705/578 568/670/544 535/704/577
f 533/706/579 567/672/546 534/705/578
f 533/706/579 565/673/547 566/671/545
f 532/707/580 564/674/548 565/673/547
f 531/708/581 563/675/549 564/674/548
f 530/709/582 562/677/551 563/675/549
f 528/710/583 562/677/551 529/711/584
f 527/712/585 561/676/550 528/710/583
f 526/713/586 560/678/552 527/712/585
f 525/714/587 559/679/553 526/713/586
f 524/715/588 558/680/554 525/714/587
f 523/716/589 557/681/555 524/715/588
f 522/717/590 556/682/556 523/716/589
f 521/718/591 555/683/557 522/717/590
s 0
f 23/719/2 553/720/2 22/685/2
s 1
f 520/721/592 552/687/560 553/686/559
f 519/722/593 551/688/561 552/687/560
f 518/723/594 550/690/563 551/688/561
f 517/724/595 549/689/562 550/690/563
f 516/725/596 548/691/564 549/689/562
f 514/726/597 548/691/564 515/727/598
f 513/728/599 547/692/565 514/726/597
f 512/729/600 546/693/566 513/728/599
f 512/729/600 544/695/568 545/694/567
f 510/730/601 544/695/568 511/731/602
f 509/732/603 543/697/570 510/730/601
f 508/733/604 542/696/569 509/732/603
f 508/733/604 540/698/571 541/699/572
f 507/734/605 539/701/574 540/698/571
f 505/735/606 539/701/574 506/736/607
f 505/735/606 537/702/575 538/700/573
f 504/737/608 536/703/576 537/702/575
f 502/738/609 536/703/576 503/739/610
f 501/740/611 535/704/577 502/738/609
f 500/741/612 534/705/578 501/740/611
f 499/742/613 533/706/579 500/741/612
f 499/742/613 531/708/581 532/707/580
f 497/743/614 531/708/581 498/744/615
f 496/745/616 530/709/582 497/743/614
f 495/746/617 529/711/584 496/745/616
f 494/747/618 528/710/583 495/746/617
f 493/748/619 527/712/585 494/747/618
f 492/749/620 526/713/586 493/748/619
f 491/750/621 525/714/587 492/749/620
f 490/751/622 524/715/588 491/750/621
f 489/752/623 523/716/589 490/751/622
f 488/753/624 522/717/590 489/752/623
s 0
f 487/754/2 23/719/2 24/755/2
s 1
f 486/756/625 520/721/592 487/757/626
f 486/756/625 518/723/594 519/722/593
f 485/758/627 517/724/595 518/723/594
f 484/759/628 516/725/596 517/724/595
f 483/760/629 515/727/598 516/725/596
f 482/761/630 514/726/597 515/727/598
f 481/762/631 513/728/599 514/726/597
f 480/763/632 512/729/600 513/728/599
f 478/764/633 512/729/600 479/765/634
f 478/764/633 510/730/601 511/731/602
f 477/766/635 509/732/603 510/730/601
f 476/767/636 508/733/604 509/732/603
f 475/768/637 507/734/605 508/733/604
f 474/769/638 506/736/607 507/734/605
f 472/770/639 506/736/607 473/771/640
f 472/770/639 504/737/608 505/735/606
f 471/772/641 503/739/610 504/737/608
f 469/773/642 503/739/610 470/774/643
f 468/775/644 502/738/609 469/773/642
f 467/776/645 501/740/611 468/775/644
f 466/777/646 500/741/612 467/776/645
f 465/778/647 499/742/613 466/777/646
f 465/778/647 497/743/614 498/744/615
f 464/779/648 496/745/616 497/743/614
f 463/780/649 495/746/617 496/745/616
f 461/781/650 495/746/617 462/782/651
f 460/783/652 494/747/618 461/781/650
f 459/784/653 493/748/619 460/783/652
f 458/785/654 492/749/620 459/784/653
f 457/786/655 491/750/621 458/785/654
f 456/787/656 490/751/622 457/786/655
f 455/788/657 489/752/623 456/787/656
s 0
f 454/789/2 24/755/2 25/790/2
s 1
f 453/791/658 487/757/626 454/792/659
f 452/793/660 486/756/625 453/791/658
f 452/793/660 484/759/628 485/758/627
f 451/794/661 483/760/629 484/759/628
f 450/795/662 482/761/630 483/760/629
f 449/796/663 481/762/631 482/761/630
f 448/797/664 480/763/632 481/762/631
f 447/798/665 479/765/634 480/763/632
f 446/799/666 478/764/633 479/765/634
f 445/800/667 477/766/635 478/764/633
f 444/801/668 476/767/636 477/766/635
f 442/802/669 476/767/636 443/803/670
f 441/804/671 475/768/637 442/802/669
f 440/805/672 474/769/638 441/804/671
f 440/805/672 472/770/639 473/771/640
f 438/806/673 472/770/639 439/807/674
f 437/808/675 471/772/641 438/806/673
f 437/808/675 469/773/642 470/774/643
f 436/809/676 468/775/644 469/773/642
f 434/810/677 468/775/644 435/811/678
f 433/812/679 467/776/645 434/810/677
f 432/813/680 466/777/646 433/812/679
f 432/813/680 464/779/648 465/778/647
f 431/814/681 463/780/649 464/779/648
f 430/815/682 462/782/651 463/780/649
f 429/816/683 461/781/650 462/782/651
f 428/817/684 460/783/652 461/781/650
f 426/818/685 460/783/652 427/819/686
f 425/820/687 459/784/653 426/818/685
f 424/821/688 458/785/654 425/820/687
f 423/822/689 457/786/655 424/821/688
f 422/823/690 456/787/656 423/822/689
s 0
f 421/824/2 25/790/2 26/825/2
s 1
f 420/826/691 454/792/659 421/827/692
f 419/828/693 453/791/658 420/826/691
f 418/829/694 452/793/660 419/828/693
f 417/830/695 451/794/661 418/829/694
f 416/831/696 450/795/662 417/830/695
f 415/832/697 449/796/663 416/831/696
f 414/833/698 448/797/664 415/832/697
f 413/834/699 447/798/665 414/833/698
f 413/834/699 445/800/667 446/799/666
f 412/835/700 444/801/668 445/800/667
f 411/836/701 443/803/670 444/801/668
f 409/837/702 443/803/670 410/838/703
f 408/839/704 442/802/669 409/837/702
f 407/840/705 441/804/671 408/839/704
f 407/840/705 439/807/674 440/805/672
f 405/841/706 439/807/674 406/842/707
f 404/843/708 438/806/673 405/841/706
f 403/844/709 437/808/675 404/843/708
f 403/844/709 435/811/678 436/809/676
f 402/845/710 434/810/677 435/811/678
f 400/846/711 434/810/677 401/847/712
f 399/848/713 433/812/679 400/846/711
f 398/849/714 432/813/680 399/848/713
f 398/849/714 430/815/682 431/814/681
f 397/850/715 429/816/683 430/815/682
f 396/851/716 428/817/684 429/816/683
f 395/852/717 427/819/686 428/817/684
f 393/853/718 427/819/686 394/854/719
f 392/855/720 426/818/685 393/853/718
f 392/855/720 424/821/688 425/820/687
f 390/856/721 424/821/688 391/857/722
f 389/858/723 423/822/689 390/856/721
s 0
f 388/859/2 26/825/2 27/860/2
s 1
f 387/861/724 421/827/692 388/862/725
f 386/863/726 420/826/691 387/861/724
f 385/864/727 419/828/693 386/863/726
f 384/865/728 418/829/694 385/864/727
f 383/866/729 417/830/695 384/865/728
f 382/867/730 416/831/696 383/866/729
f 381/868/731 415/832/697 382/867/730
f 381/868/731 413/834/699 414/833/698
f 380/869/732 412/835/700 413/834/699
f 379/870/733 411/836/701 412/835/700
f 378/871/734 410/838/703 411/836/701
f 376/872/735 410/838/703 377/873/736
f 375/874/737 409/837/702 376/872/735
f 375/874/737 407/840/705 408/839/704
f 374/875/738 406/842/707 407/840/705
f 372/876/739 406/842/707 373/877/740
f 371/878/741 405/841/706 372/876/739
f 370/879/742 404/843/708 371/878/741
f 369/880/743 403/844/709 370/879/742
f 369/880/743 401/847/712 402/845/710
f 367/881/744 401/847/712 368/882/745
f 366/883/746 400/846/711 367/881/744
f 365/884/747 399/848/713 366/883/746
f 364/885/748 398/849/714 365/884/747
f 364/885/748 396/851/716 397/850/715
f 363/886/749 395/852/717 396/851/716
f 362/887/750 394/854/719 395/852/717
f 361/888/751 393/853/718 394/854/719
f 360/889/752 392/855/720 393/853/718
f 359/890/753 391/857/722 392/855/720
f 358/891/754 390/856/721 391/857/722
f 357/892/755 389/858/723 390/856/721
s 0
f 355/893/2 27/860/2 28/894/2
s 1
f 354/895/756 388/862/725 355/896/757
f 353/897/758 387/861/724 354/895/756
f 352/898/759 386/863/726 353/897/758
f 351/899/760 385/864/727 352/898/759
f 350/900/761 384/865/728 351/899/760
f 349/901/762 383/866/729 350/900/761
f 348/902/763 382/867/730 349/901/762
f 347/903/764 381/868/731 348/902/763
f 346/904/765 380/869/732 347/903/764
f 345/905/766 379/870/733 346/904/765
f 344/906/767 378/871/734 345/905/766
f 344/906/767 376/872/735 377/873/736
f 343/907/768 375/874/737 376/872/735
f 342/908/769 374/875/738 375/874/737
f 341/909/770 373/877/740 374/875/738
f 340/910/771 372/876/739 373/877/740
f 338/911/772 372/876/739 339/912/773
f 337/913/774 371/878/741 338/911/772
f 336/914/775 370/879/742 337/913/774
f 336/914/775 368/882/745 369/880/743
f 335/915/776 367/881/744 368/882/745
f 334/916/777 366/883/746 367/881/744
f 332/917/778 366/883/746 333/918/779
f 331/919/780 365/884/747 332/917/778
f 331/919/780 363/886/749 364/885/748
f 330/920/781 362/887/750 363/886/749
f 329/921/782 361/888/751 362/887/750
f 328/922/783 360/889/752 361/888/751
f 327/923/784 359/890/753 360/889/752
f 326/924/785 358/891/754 359/890/753
f 325/925/786 357/892/755 358/891/754
f 324/926/787 356/927/788 357/892/755
s 0
f 322/928/2 28/894/2 29/929/2
s 1
f 321/930/789 355/896/757 322/931/790
f 320/932/791 354/895/756 321/930/789
f 319/933/792 353/897/758 320/932/791
f 318/934/793 352/898/759 319/933/792
f 317/935/794 351/899/760 318/934/793
f 316/936/795 350/900/761 317/935/794
f 315/937/796 349/901/762 316/936/795
f 314/938/797 348/902/763 315/937/796
f 313/939/798 347/903/764 314/938/797
f 312/940/799 346/904/765 313/939/798
f 311/941/800 345/905/766 312/940/799
f 311/941/800 343/907/768 344/906/767
f 310/942/801 342/908/769 343/907/768
f 309/943/802 341/909/770 342/908/769
f 308/944/803 340/910/771 341/909/770
f 307/945/804 339/912/773 340/910/771
f 305/946/805 339/912/773 306/947/806
f 304/948/807 338/911/772 305/946/805
f 303/949/808 337/913/774 304/948/807
f 302/950/809 336/914/775 303/949/808
f 302/950/809 334/916/777 335/915/776
f 300/951/810 334/916/777 301/952/811
f 300/951/810 332/917/778 333/918/779
f 298/953/812 332/917/778 299/954/813
f 297/955/814 331/919/780 298/953/812
f 297/955/814 329/921/782 330/920/781
f 296/956/815 328/922/783 329/921/782
f 295/957/816 327/923/784 328/922/783
f 294/958/817 326/924/785 327/923/784
f 293/959/818 325/925/786 326/924/785
f 292/960/819 324/926/787 325/925/786
f 291/961/820 323/962/821 324/926/787
s 0
f 289/963/2 29/929/2 30/964/2
s 1
f 288/965/822 322/931/790 289/966/823
f 287/967/824 321/930/789 288/965/822
f 286/968/825 320/932/791 287/967/824
f 285/969/826 319/933/792 286/968/825
f 284/970/827 318/934/793 285/969/826
f 283/971/828 317/935/794 284/970/827
f 282/972/829 316/936/795 283/971/828
f 281/973/830 315/937/796 282/972/829
f 280/974/831 314/938/797 281/973/830
f 279/975/832 313/939/798 280/974/831
f 278/976/833 312/940/799 279/975/832
f 278/976/833 310/942/801 311/941/800
f 277/977/834 309/943/802 310/942/801
f 276/978/835 308/944/803 309/943/802
f 275/979/836 307/945/804 308/944/803
f 274/980/837 306/947/806 307/945/804
f 273/981/838 305/946/805 306/947/806
f 271/982/839 305/946/805 272/983/840
f 270/984/841 304/948/807 271/982/839
f 269/985/842 303/949/808 270/984/841
f 269/985/842 301/952/811 302/950/809
f 267/986/843 301/952/811 268/987/844
f 266/988/845 300/951/810 267/986/843
f 265/989/846 299/954/813 266/988/845
f 264/990/847 298/953/812 265/989/846
f 264/990/847 296/956/815 297/955/814
f 263/991/848 295/957/816 296/956/815
f 262/992/849 294/958/817 295/957/816
f 261/993/850 293/959/818 294/958/817
f 260/994/851 292/960/819 293/959/818
f 259/995/852 291/961/820 292/960/819
f 258/996/853 290/997/854 291/961/820
s 0
f 31/998/2 289/963/2 30/964/2
s 1
f 255/999/855 289/966/823 256/1000/3
f 254/1001/856 288/965/822 255/999/855
f 253/1002/857 287/967/824 254/1001/856
f 252/1003/858 286/968/825 253/1002/857
f 251/1004/859 285/969/826 252/1003/858
f 250/1005/860 284/970/827 251/1004/859
f 249/1006/861 283/971/828 250/1005/860
f 248/1007/862 282/972/829 249/1006/861
f 247/1008/863 281/973/830 248/1007/862
f 246/1009/864 280/974/831 247/1008/863
f 246/1009/864 278/976/833 279/975/832
f 245/1010/865 277/977/834 278/976/833
f 244/1011/866 276/978/835 277/977/834
f 243/1012/867 275/979/836 276/978/835
f 242/1013/868 274/980/837 275/979/836
f 241/1014/869 273/981/838 274/980/837
f 240/1015/870 272/983/840 273/981/838
f 239/1016/871 271/982/839 272/983/840
f 237/1017/872 271/982/839 238/1018/873
f 236/1019/874 270/984/841 237/1017/872
f 236/1019/874 268/987/844 269/985/842
f 234/1020/875 268/987/844 235/1021/876
f 233/1022/877 267/986/843 234/1020/875
f 232/1023/878 266/988/845 233/1022/877
f 232/1023/878 264/990/847 265/989/846
f 231/1024/879 263/991/848 264/990/847
f 230/1025/880 262/992/849 263/991/848
f 229/1026/881 261/993/850 262/992/849
f 228/1027/882 260/994/851 261/993/850
f 227/1028/883 259/995/852 260/994/851
f 226/1029/884 258/996/853 259/995/852
f 225/1030/885 257/1031/886 258/996/853
s 0
f 32/1032/2 256/1033/2 31/998/2
s 1
f 223/1034/3 255/999/855 256/1000/3
f 221/1035/887 255/999/855 222/1036/3
f 220/1037/888 254/1001/856 221/1035/887
f 219/1038/889 253/1002/857 220/1037/888
f 218/1039/890 252/1003/858 219/1038/889
f 217/1040/891 251/1004/859 218/1039/890
f 216/1041/892 250/1005/860 217/1040/891
f 215/1042/893 249/1006/861 216/1041/892
f 214/1043/894 248/1007/862 215/1042/893
f 213/1044/895 247/1008/863 214/1043/894
f 213/1044/895 245/1010/865 246/1009/864
f 211/1045/896 245/1010/865 212/1046/897
f 211/1045/896 243/1012/867 244/1011/866
f 210/1047/898 242/1013/868 243/1012/867
f 209/1048/899 241/1014/869 242/1013/868
f 208/1049/900 240/1015/870 241/1014/869
f 207/1050/901 239/1016/871 240/1015/870
f 206/1051/902 238/1018/873 239/1016/871
f 205/1052/903 237/1017/872 238/1018/873
f 204/1053/904 236/1019/874 237/1017/872
f 202/1054/905 236/1019/874 203/1055/906
f 201/1056/907 235/1021/876 202/1054/905
f 200/1057/908 234/1020/875 201/1056/907
f 199/1058/909 233/1022/877 200/1057/908
f 199/1058/909 231/1024/879 232/1023/878
f 198/1059/910 230/1025/880 231/1024/879
f 197/1060/911 229/1026/881 230/1025/880
f 196/1061/912 228/1027/882 229/1026/881
f 195/1062/913 227/1028/883 228/1027/882
f 194/1063/914 226/1029/884 227/1028/883
f 193/1064/915 225/1030/885 226/1029/884
f 192/1065/916 224/1066/917 225/1030/885
s 0
f 190/1067/2 32/1032/2 33/1068/2
s 1
f 190/1069/3 222/1036/3 223/1034/3
f 189/1070/3 221/1035/887 222/1036/3
f 187/1071/3 221/1035/887 188/1072/3
f 186/1073/918 220/1037/888 187/1071/3
f 185/1074/919 219/1038/889 186/1073/918
f 184/1075/920 218/1039/890 185/1074/919
f 184/1075/920 216/1041/892 217/1040/891
f 182/1076/921 216/1041/892 183/1077/922
f 181/1078/923 215/1042/893 182/1076/921
f 180/1079/924 214/1043/894 181/1078/923
f 179/1080/925 213/1044/895 180/1079/924
f 179/1080/925 211/1045/896 212/1046/897
f 178/1081/926 210/1047/898 211/1045/896
f 177/1082/927 209/1048/899 210/1047/898
f 176/1083/928 208/1049/900 209/1048/899
f 175/1084/929 207/1050/901 208/1049/900
f 174/1085/930 206/1051/902 207/1050/901
f 173/1086/931 205/1052/903 206/1051/902
f 172/1087/932 204/1053/904 205/1052/903
f 171/1088/933 203/1055/906 204/1053/904
f 169/1089/934 203/1055/906 170/1090/935
f 168/1091/936 202/1054/905 169/1089/934
f 167/1092/937 201/1056/907 168/1091/936
f 166/1093/938 200/1057/908 167/1092/937
f 165/1094/939 199/1058/909 166/1093/938
f 165/1094/939 197/1060/911 198/1059/910
f 164/1095/940 196/1061/912 197/1060/911
f 163/1096/941 195/1062/913 196/1061/912
f 162/1097/942 194/1063/914 195/1062/913
f 161/1098/943 193/1064/915 194/1063/914
f 160/1099/944 192/1065/916 193/1064/915
f 159/1100/945 191/1101/946 192/1065/916
s 0
f 157/1102/2 33/1068/2 1/1103/2
s 1
f 157/1104/3 189/1070/3 190/1069/3
f 155/1105/3 189/1070/3 156/1106/3
f 154/1107/3 188/1072/3 155/1105/3
f 153/1108/3 187/1071/3 154/1107/3
f 152/1109/3 186/1073/918 153/1108/3
f 151/1110/3 185/1074/919 152/1109/3
f 150/1111/3 184/1075/920 151/1110/3
f 149/1112/3 183/1077/922 150/1111/3
f 148/1113/947 182/1076/921 149/1112/3
f 147/1114/948 181/1078/923 148/1113/947
f 146/1115/949 180/1079/924 147/1114/948
f 146/1115/949 178/1081/926 179/1080/925
f 145/1116/950 177/1082/927 178/1081/926
f 144/1117/951 176/1083/928 177/1082/927
f 143/1118/952 175/1084/929 176/1083/928
f 142/1119/953 174/1085/930 175/1084/929
f 141/1120/954 173/1086/931 174/1085/930
f 140/1121/955 172/1087/932 173/1086/931
f 139/1122/956 171/1088/933 172/1087/932
f 138/1123/957 170/1090/935 171/1088/933
f 136/1124/958 170/1090/935 137/1125/959
f 135/1126/960 169/1089/934 136/1124/958
f 134/1127/961 168/1091/936 135/1126/960
f 133/1128/962 167/1092/937 134/1127/961
f 132/1129/963 166/1093/938 133/1128/962
f 132/1129/963 164/1095/940 165/1094/939
f 131/1130/964 163/1096/941 164/1095/940
f 130/1131/965 162/1097/942 163/1096/941
f 129/1132/966 161/1098/943 162/1097/942
f 128/1133/967 160/1099/944 161/1098/943
f 127/1134/968 159/1100/945 160/1099/944
f 126/1135/969 158/1136/970 159/1100/945
s 0
f 1/1137/971 156/1138/971 157/1139/971
f 63/1140/971 155/1141/971 156/1138/971
f 64/1142/971 154/1143/971 155/1141/971
f 65/1144/971 153/1145/971 154/1143/971
f 66/1146/971 152/1147/971 153/1145/971
f 67/1148/971 151/1149/971 152/1147/971
f 68/1150/971 150/1151/971 151/1149/971
f 69/1152/971 149/1153/971 150/1151/971
f 70/1154/971 148/1155/971 149/1153/971
f 72/1156/971 148/1155/971 71/1157/971
f 73/1158/971 147/1159/971 72/1156/971
f 73/1158/971 145/1160/971 146/1161/971
f 74/1162/971 144/1163/971 145/1160/971
f 75/1164/971 143/1165/971 144/1163/971
f 76/1166/971 142/1167/971 143/1165/971
f 77/1168/971 141/1169/971 142/1167/971
f 78/1170/971 140/1171/971 141/1169/971
f 79/1172/971 139/1173/971 140/1171/971
f 80/1174/971 138/1175/971 139/1173/971
f 81/1176/971 137/1177/971 138/1175/971
f 83/1178/971 137/1177/971 82/1179/971
f 84/1180/971 136/1181/971 83/1178/971
f 85/1182/971 135/1183/971 84/1180/971
f 86/1184/971 134/1185/971 85/1182/971
f 87/1186/971 133/1187/971 86/1184/971
f 87/1186/971 131/1188/971 132/1189/971
f 88/1190/971 130/1191/971 131/1188/971
f 89/1192/971 129/1193/971 130/1191/971
f 90/1194/971 128/1195/971 129/1193/971
f 91/1196/971 127/1197/971 128/1195/971
f 92/1198/971 126/1199/971 127/1197/971
f 93/1200/971 125/1201/971 126/1199/971
f 1146/1202/972 3/1203/972 1147/1204/972
f 1145/1205/972 124/1206/972 1146/1202/972
f 1144/1207/972 123/1208/972 1145/1205/972
f 1143/1209/972 122/1210/972 1144/1207/972
f 1142/1211/972 121/1212/972 1143/1209/972
f 1141/1213/972 120/1214/972 1142/1211/972
f 1140/1215/972 119/1216/972 1141/1213/972
f 1140/1215/972 117/1217/972 118/1218/972
f 1139/1219/972 116/1220/972 117/1217/972
f 1137/1221/972 116/1220/972 1138/1222/972
f 1136/1223/972 115/1224/972 1137/1221/972
f 1135/1225/972 114/1226/972 1136/1223/972
f 1134/1227/972 113/1228/972 1135/1225/972
f 1133/1229/972 112/1230/972 1134/1227/972
f 1132/1231/972 111/1232/972 1133/1229/972
f 1131/1233/972 110/1234/972 1132/1231/972
f 1130/1235/972 109/1236/972 1131/1233/972
f 1129/1237/972 108/1238/972 1130/1235/972
f 1128/1239/972 107/1240/972 1129/1237/972
f 1127/1241/972 106/1242/972 1128/1239/972
f 1127/1241/972 104/1243/972 105/1244/972
f 1125/1245/972 104/1243/972 1126/1246/972
f 1125/1245/972 102/1247/972 103/1248/972
f 1124/1249/972 101/1250/972 102/1247/972
f 1123/1251/972 100/1252/972 101/1250/972
f 1122/1253/972 99/1254/972 100/1252/972
f 1120/1255/972 99/1254/972 1121/1256/972
f 1119/1257/972 98/1258/972 1120/1255/972
f 1119/1257/972 96/1259/972 97/1260/972
f 1117/1261/972 96/1259/972 1118/1262/972
f 1116/1263/972 95/1264/972 1117/1261/972
f 1115/1265/972 94/1266/972 1116/1263/972
f 125/1/1 2/1267/1 34/2/1
f 158/3/1 34/2/1 35/4/1
f 191/5/1 35/4/1 36/6/1
f 224/7/1 36/6/1 37/8/1
f 257/9/1 37/8/1 38/10/1
f 290/11/1 38/10/1 39/12/1
f 323/13/1 39/12/1 40/14/1
f 356/15/1 40/14/1 41/16/1
f 41/16/1 42/19/1 422/18/1
f 42/19/1 43/21/1 455/20/1
f 43/21/1 44/23/1 488/22/1
f 44/23/1 45/25/1 521/24/1
f 45/25/1 46/1268/1 554/26/1
f 554/26/1 46/1268/1 47/27/1
f 47/27/1 48/30/1 620/29/1
f 48/30/1 49/32/1 653/31/1
f 49/32/1 50/34/1 686/33/1
f 50/34/1 51/1269/1 719/35/1
f 719/35/1 51/1269/1 52/36/1
f 752/37/1 52/36/1 53/38/1
f 785/39/1 53/38/1 54/40/1
f 818/41/1 54/40/1 55/42/1
f 851/43/1 55/42/1 56/44/1
f 884/45/1 56/44/1 57/46/1
f 917/47/1 57/46/1 58/48/1
f 950/49/1 58/48/1 59/50/1
f 983/51/1 59/50/1 60/52/1
f 1016/53/1 60/52/1 61/54/1
f 1049/55/1 61/54/1 62/56/1
f 62/56/1 4/1270/1 1115/58/1
f 5/59/2 1114/1271/2 1147/60/2
s 1
f 1113/62/3 1146/66/3 1147/63/3
f 1112/65/3 1145/68/3 1146/66/3
f 1111/67/3 1144/70/5 1145/68/3
f 1110/69/4 1143/72/7 1144/70/5
f 1109/71/6 1142/74/9 1143/72/7
f 1108/73/8 1141/76/11 1142/74/9
f 1107/75/10 1140/78/13 1141/76/11
f 1107/75/10 1106/79/14 1139/77/12
f 1106/79/14 1105/82/17 1138/80/15
f 1104/81/16 1137/84/3 1138/80/15
f 1103/83/18 1136/86/3 1137/84/3
f 1102/85/19 1135/88/21 1136/86/3
f 1101/87/20 1134/90/23 1135/88/21
f 1100/89/22 1133/92/25 1134/90/23
f 1099/91/24 1132/94/27 1133/92/25
f 1098/93/26 1131/96/29 1132/94/27
f 1097/95/28 1130/98/31 1131/96/29
f 1096/97/30 1129/100/33 1130/98/31
f 1095/99/32 1128/102/35 1129/100/33
f 1094/101/34 1127/104/37 1128/102/35
f 1094/101/34 1093/106/39 1126/103/36
f 1092/105/38 1125/108/41 1126/103/36
f 1091/107/40 1124/110/43 1125/108/41
f 1090/109/42 1123/112/45 1124/110/43
f 1090/109/42 1089/113/46 1122/111/44
f 1089/113/46 1088/116/49 1121/114/47
f 1087/115/48 1120/118/51 1121/114/47
f 1087/115/48 1086/120/53 1119/117/50
f 1085/119/52 1118/122/55 1119/117/50
f 1084/121/54 1117/124/57 1118/122/55
f 1083/123/56 1116/126/59 1117/124/57
f 1082/125/58 1115/1272/973 1116/126/59
s 0
f 1081/127/2 1114/1271/2 5/59/2
s 1
f 1081/129/3 1080/130/3 1113/62/3
f 1080/130/3 1079/132/3 1112/65/3
f 1078/131/3 1111/67/3 1112/65/3
f 1077/133/3 1110/69/4 1111/67/3
f 1076/134/3 1109/71/6 1110/69/4
f 1075/135/3 1108/73/8 1109/71/6
f 1074/136/60 1107/75/10 1108/73/8
f 1073/137/61 1106/79/14 1107/75/10
f 1073/137/61 1072/138/62 1105/82/17
f 1072/138/62 1071/139/63 1104/81/16
f 1071/139/63 1070/140/64 1103/83/18
f 1070/140/64 1069/142/66 1102/85/19
f 1068/141/65 1101/87/20 1102/85/19
f 1067/143/67 1100/89/22 1101/87/20
f 1066/144/68 1099/91/24 1100/89/22
f 1066/144/68 1065/146/70 1098/93/26
f 1064/145/69 1097/95/28 1098/93/26
f 1063/147/71 1096/97/30 1097/95/28
f 1063/147/71 1062/149/73 1095/99/32
f 1061/148/72 1094/101/34 1095/99/32
f 1061/148/72 1060/151/75 1093/106/39
f 1059/150/74 1092/105/38 1093/106/39
f 1058/152/76 1091/107/40 1092/105/38
f 1057/153/77 1090/109/42 1091/107/40
f 1057/153/77 1056/154/78 1089/113/46
f 1056/154/78 1055/156/80 1088/116/49
f 1054/155/79 1087/115/48 1088/116/49
f 1054/155/79 1053/158/82 1086/120/53
f 1052/157/81 1085/119/52 1086/120/53
f 1051/159/83 1084/121/54 1085/119/52
f 1050/160/84 1083/123/56 1084/121/54
f 1049/161/85 1082/125/58 1083/123/56
s 0
f 1048/162/2 1081/127/2 6/128/2
s 1
f 1048/164/3 1047/165/3 1080/130/3
f 1047/165/3 1046/167/3 1079/132/3
f 1045/166/3 1078/131/3 1079/132/3
f 1044/168/3 1077/133/3 1078/131/3
f 1043/169/3 1076/134/3 1077/133/3
f 1042/170/86 1075/135/3 1076/134/3
f 1042/170/86 1041/171/87 1074/136/60
f 1041/171/87 1040/172/88 1073/137/61
f 1040/172/88 1039/173/89 1072/138/62
f 1039/173/89 1038/174/90 1071/139/63
f 1038/174/90 1037/175/91 1070/140/64
f 1037/175/91 1036/177/93 1069/142/66
f 1035/176/92 1068/141/65 1069/142/66
f 1034/178/94 1067/143/67 1068/141/65
f 1033/179/95 1066/144/68 1067/143/67
f 1032/180/96 1065/146/70 1066/144/68
f 1031/181/97 1064/145/69 1065/146/70
f 1031/181/97 1030/182/98 1063/147/71
f 1030/182/98 1029/184/100 1062/149/73
f 1028/183/99 1061/148/72 1062/149/73
f 1027/185/101 1060/151/75 1061/148/72
f 1027/185/101 1026/187/103 1059/150/74
f 1025/186/102 1058/152/76 1059/150/74
f 1024/188/104 1057/153/77 1058/152/76
f 1023/189/105 1056/154/78 1057/153/77
f 1023/189/105 1022/191/107 1055/156/80
f 1021/190/106 1054/155/79 1055/156/80
f 1021/190/106 1020/193/109 1053/158/82
f 1019/192/108 1052/157/81 1053/158/82
f 1018/194/110 1051/159/83 1052/157/81
f 1017/195/111 1050/160/84 1051/159/83
f 1016/196/112 1049/161/85 1050/160/84
s 0
f 1015/197/2 1048/162/2 7/163/2
s 1
f 1015/199/3 1014/201/3 1047/165/3
f 1013/200/3 1046/167/3 1047/165/3
f 1012/202/3 1045/166/3 1046/167/3
f 1011/203/3 1044/168/3 1045/166/3
f 1010/204/113 1043/169/3 1044/168/3
f 1010/204/113 1009/205/114 1042/170/86
f 1009/205/114 1008/206/115 1041/171/87
f 1008/206/115 1007/207/116 1040/172/88
f 1007/207/116 1006/208/117 1039/173/89
f 1006/208/117 1005/210/119 1038/174/90
f 1004/209/118 1037/175/91 1038/174/90
f 1003/211/120 1036/177/93 1037/175/91
f 1002/212/121 1035/176/92 1036/177/93
f 1001/213/122 1034/178/94 1035/176/92
f 1000/214/123 1033/179/95 1034/178/94
f 999/215/124 1032/180/96 1033/179/95
f 998/216/125 1031/181/97 1032/180/96
f 998/216/125 997/217/126 1030/182/98
f 997/217/126 996/219/128 1029/184/100
f 995/218/127 1028/183/99 1029/184/100
f 995/218/127 994/220/129 1027/185/101
f 994/220/129 993/222/131 1026/187/103
f 992/221/130 1025/186/102 1026/187/103
f 991/223/132 1024/188/104 1025/186/102
f 990/224/133 1023/189/105 1024/188/104
f 989/225/134 1022/191/107 1023/189/105
f 988/226/135 1021/190/106 1022/191/107
f 988/226/135 987/228/137 1020/193/109
f 986/227/136 1019/192/108 1020/193/109
f 985/229/138 1018/194/110 1019/192/108
f 984/230/139 1017/195/111 1018/194/110
f 983/231/140 1016/196/112 1017/195/111
s 0
f 982/232/2 1015/197/2 8/198/2
s 1
f 981/234/3 1014/201/3 1015/199/3
f 980/236/3 1013/200/3 1014/201/3
f 979/237/3 1012/202/3 1013/200/3
f 978/238/141 1011/203/3 1012/202/3
f 978/238/141 977/239/142 1010/204/113
f 977/239/142 976/240/143 1009/205/114
f 976/240/143 975/241/144 1008/206/115
f 975/241/144 974/242/145 1007/207/116
f 974/242/145 973/243/146 1006/208/117
f 973/243/146 972/245/148 1005/210/119
f 971/244/147 1004/209/118 1005/210/119
f 970/246/149 1003/211/120 1004/209/118
f 969/247/150 1002/212/121 1003/211/120
f 969/247/150 968/248/151 1001/213/122
f 968/248/151 967/250/153 1000/214/123
f 966/249/152 999/215/124 1000/214/123
f 965/251/154 998/216/125 999/215/124
f 965/251/154 964/252/155 997/217/126
f 964/252/155 963/254/157 996/219/128
f 962/253/156 995/218/127 996/219/128
f 962/253/156 961/255/158 994/220/129
f 961/255/158 960/257/160 993/222/131
f 959/256/159 992/221/130 993/222/131
f 958/258/161 991/223/132 992/221/130
f 957/259/162 990/224/133 991/223/132
f 956/260/163 989/225/134 990/224/133
f 955/261/164 988/226/135 989/225/134
f 955/261/164 954/263/166 987/228/137
f 953/262/165 986/227/136 987/228/137
f 952/264/167 985/229/138 986/227/136
f 951/265/168 984/230/139 985/229/138
f 950/266/169 983/231/140 984/230/139
s 0
f 949/267/2 982/232/2 9/233/2
s 1
f 948/269/3 981/234/3 982/235/3
f 947/271/3 980/236/3 981/234/3
f 946/272/170 979/237/3 980/236/3
f 946/272/170 945/273/171 978/238/141
f 945/273/171 944/274/172 977/239/142
f 944/274/172 943/275/173 976/240/143
f 943/275/173 942/276/174 975/241/144
f 942/276/174 941/277/175 974/242/145
f 941/277/175 940/279/177 973/243/146
f 939/278/176 972/245/148 973/243/146
f 938/280/178 971/244/147 972/245/148
f 937/281/179 970/246/149 971/244/147
f 936/282/180 969/247/150 970/246/149
f 935/283/181 968/248/151 969/247/150
f 934/284/182 967/250/153 968/248/151
f 933/285/183 966/249/152 967/250/153
f 932/286/184 965/251/154 966/249/152
f 931/287/185 964/252/155 965/251/154
f 931/287/185 930/289/187 963/254/157
f 929/288/186 962/253/156 963/254/157
f 928/290/188 961/255/158 962/253/156
f 928/290/188 927/291/189 960/257/160
f 927/291/189 926/292/190 959/256/159
f 926/292/190 925/293/191 958/258/161
f 925/293/191 924/294/192 957/259/162
f 924/294/192 923/296/194 956/260/163
f 922/295/193 955/261/164 956/260/163
f 921/297/195 954/263/166 955/261/164
f 920/298/196 953/262/165 954/263/166
f 919/299/197 952/264/167 953/262/165
f 918/300/198 951/265/168 952/264/167
f 917/301/199 950/266/169 951/265/168
s 0
f 916/302/2 949/267/2 10/268/2
s 1
f 915/304/3 948/269/3 949/270/3
f 914/306/200 947/271/3 948/269/3
f 914/306/200 913/308/202 946/272/170
f 912/307/201 945/273/171 946/272/170
f 912/307/201 911/309/203 944/274/172
f 911/309/203 910/310/204 943/275/173
f 910/310/204 909/311/205 942/276/174
f 909/311/205 908/312/206 941/277/175
f 908/312/206 907/314/208 940/279/177
f 906/313/207 939/278/176 940/279/177
f 905/315/209 938/280/178 939/278/176
f 904/316/210 937/281/179 938/280/178
f 903/317/211 936/282/180 937/281/179
f 902/318/212 935/283/181 936/282/180
f 902/318/212 901/320/214 934/284/182
f 900/319/213 933/285/183 934/284/182
f 899/321/215 932/286/184 933/285/183
f 898/322/216 931/287/185 932/286/184
f 898/322/216 897/324/218 930/289/187
f 896/323/217 929/288/186 930/289/187
f 895/325/219 928/290/188 929/288/186
f 894/326/220 927/291/189 928/290/188
f 893/327/221 926/292/190 927/291/189
f 892/328/222 925/293/191 926/292/190
f 891/329/223 924/294/192 925/293/191
f 890/330/224 923/296/194 924/294/192
f 889/331/225 922/295/193 923/296/194
f 888/332/226 921/297/195 922/295/193
f 887/333/227 920/298/196 921/297/195
f 886/334/228 919/299/197 920/298/196
f 885/335/229 918/300/198 919/299/197
f 884/336/230 917/301/199 918/300/198
s 0
f 883/337/2 916/302/2 11/303/2
s 1
f 882/339/231 915/304/3 916/305/3
f 882/339/231 881/341/232 914/306/200
f 881/341/232 880/343/234 913/308/202
f 879/342/233 912/307/201 913/308/202
f 879/342/233 878/344/235 911/309/203
f 878/344/235 877/345/236 910/310/204
f 877/345/236 876/346/237 909/311/205
f 876/346/237 875/347/238 908/312/206
f 875/347/238 874/348/239 907/314/208
f 874/348/239 873/350/241 906/313/207
f 872/349/240 905/315/209 906/313/207
f 871/351/242 904/316/210 905/315/209
f 870/352/243 903/317/211 904/316/210
f 870/352/243 869/353/244 902/318/212
f 869/353/244 868/354/245 901/320/214
f 868/354/245 867/356/247 900/319/213
f 866/355/246 899/321/215 900/319/213
f 865/357/248 898/322/216 899/321/215
f 865/357/248 864/359/250 897/324/218
f 863/358/249 896/323/217 897/324/218
f 862/360/251 895/325/219 896/323/217
f 861/361/252 894/326/220 895/325/219
f 860/362/253 893/327/221 894/326/220
f 859/363/254 892/328/222 893/327/221
f 858/364/255 891/329/223 892/328/222
f 857/365/256 890/330/224 891/329/223
f 856/366/257 889/331/225 890/330/224
f 855/367/258 888/332/226 889/331/225
f 854/368/259 887/333/227 888/332/226
f 853/369/260 886/334/228 887/333/227
f 852/370/261 885/335/229 886/334/228
f 851/371/262 884/336/230 885/335/229
s 0
f 850/372/2 883/337/2 12/338/2
s 1
f 850/374/263 849/375/264 882/339/231
f 849/375/264 848/376/265 881/341/232
f 848/376/265 847/378/267 880/343/234
f 846/377/266 879/342/233 880/343/234
f 846/377/266 845/379/268 878/344/235
f 845/379/268 844/380/269 877/345/236
f 844/380/269 843/381/270 876/346/237
f 843/381/270 842/382/271 875/347/238
f 842/382/271 841/383/272 874/348/239
f 841/383/272 840/385/274 873/350/241
f 839/384/273 872/349/240 873/350/241
f 838/386/275 871/351/242 872/349/240
f 837/387/276 870/352/243 871/351/242
f 837/387/276 836/388/277 869/353/244
f 836/388/277 835/390/279 868/354/245
f 834/389/278 867/356/247 868/354/245
f 833/391/280 866/355/246 867/356/247
f 832/392/281 865/357/248 866/355/246
f 832/392/281 831/394/283 864/359/250
f 830/393/282 863/358/249 864/359/250
f 829/395/284 862/360/251 863/358/249
f 828/396/285 861/361/252 862/360/251
f 827/397/286 860/362/253 861/361/252
f 826/398/287 859/363/254 860/362/253
f 825/399/288 858/364/255 859/363/254
f 824/400/289 857/365/256 858/364/255
f 823/401/290 856/366/257 857/365/256
f 822/402/291 855/367/258 856/366/257
f 822/402/291 821/403/292 854/368/259
f 821/403/292 820/404/293 853/369/260
f 820/404/293 819/406/295 852/370/261
f 818/405/294 851/371/262 852/370/261
s 0
f 817/407/2 850/372/2 13/373/2
s 1
f 817/409/296 816/410/297 849/375/264
f 816/410/297 815/411/298 848/376/265
f 815/411/298 814/412/299 847/378/267
f 814/412/299 813/413/300 846/377/266
f 813/413/300 812/414/301 845/379/268
f 812/414/301 811/415/302 844/380/269
f 811/415/302 810/416/303 843/381/270
f 810/416/303 809/417/304 842/382/271
f 809/417/304 808/418/305 841/383/272
f 808/418/305 807/420/307 840/385/274
f 806/419/306 839/384/273 840/385/274
f 805/421/308 838/386/275 839/384/273
f 805/421/308 804/423/310 837/387/276
f 803/422/309 836/388/277 837/387/276
f 803/422/309 802/425/312 835/390/279
f 801/424/311 834/389/278 835/390/279
f 801/424/311 800/427/314 833/391/280
f 799/426/313 832/392/281 833/391/280
f 799/426/313 798/429/316 831/394/283
f 797/428/315 830/393/282 831/394/283
f 796/430/317 829/395/284 830/393/282
f 795/431/318 828/396/285 829/395/284
f 794/432/319 827/397/286 828/396/285
f 793/433/320 826/398/287 827/397/286
f 792/434/321 825/399/288 826/398/287
f 791/435/322 824/400/289 825/399/288
f 791/435/322 790/436/323 823/401/290
f 790/436/323 789/437/324 822/402/291
f 789/437/324 788/438/325 821/403/292
f 788/438/325 787/439/326 820/404/293
f 787/439/326 786/440/327 819/406/295
f 786/440/327 785/475/360 818/405/294
s 0
f 784/441/2 817/407/2 14/408/2
s 1
f 783/443/328 816/410/297 817/409/296
f 782/445/330 815/411/298 816/410/297
f 781/446/331 814/412/299 815/411/298
f 781/446/331 780/448/333 813/413/300
f 779/447/332 812/414/301 813/413/300
f 778/449/334 811/415/302 812/414/301
f 777/450/335 810/416/303 811/415/302
f 776/451/336 809/417/304 810/416/303
f 775/452/337 808/418/305 809/417/304
f 774/453/338 807/420/307 808/418/305
f 774/453/338 773/454/339 806/419/306
f 773/454/339 772/456/341 805/421/308
f 771/455/340 804/423/310 805/421/308
f 771/455/340 770/458/343 803/422/309
f 769/457/342 802/425/312 803/422/309
f 769/457/342 768/459/344 801/424/311
f 768/459/344 767/460/345 800/427/314
f 767/460/345 766/461/346 799/426/313
f 766/461/346 765/462/347 798/429/316
f 765/462/347 764/463/348 797/428/315
f 764/463/348 763/464/349 796/430/317
f 763/464/349 762/466/351 795/431/318
f 761/465/350 794/432/319 795/431/318
f 760/467/352 793/433/320 794/432/319
f 759/468/353 792/434/321 793/433/320
f 759/468/353 758/469/354 791/435/322
f 758/469/354 757/470/355 790/436/323
f 757/470/355 756/471/356 789/437/324
f 756/471/356 755/472/357 788/438/325
f 755/472/357 754/473/358 787/439/326
f 754/473/358 753/474/359 786/440/327
f 753/474/359 752/510/393 785/475/360
s 0
f 751/476/2 784/441/2 15/442/2
s 1
f 750/478/361 783/443/328 784/444/329
f 749/480/363 782/445/330 783/443/328
f 748/481/364 781/446/331 782/445/330
f 747/482/365 780/448/333 781/446/331
f 746/483/366 779/447/332 780/448/333
f 745/484/367 778/449/334 779/447/332
f 744/485/368 777/450/335 778/449/334
f 743/486/369 776/451/336 777/450/335
f 742/487/370 775/452/337 776/451/336
f 741/488/371 774/453/338 775/452/337
f 741/488/371 740/489/372 773/454/339
f 740/489/372 739/491/374 772/456/341
f 738/490/373 771/455/340 772/456/341
f 738/490/373 737/492/375 770/458/343
f 737/492/375 736/493/376 769/457/342
f 736/493/376 735/494/377 768/459/344
f 735/494/377 734/495/378 767/460/345
f 734/495/378 733/497/380 766/461/346
f 732/496/379 765/462/347 766/461/346
f 731/498/381 764/463/348 765/462/347
f 730/499/382 763/464/349 764/463/348
f 729/500/383 762/466/351 763/464/349
f 728/501/384 761/465/350 762/466/351
f 727/502/385 760/467/352 761/465/350
f 726/503/386 759/468/353 760/467/352
f 725/504/387 758/469/354 759/468/353
f 724/505/388 757/470/355 758/469/354
f 723/506/389 756/471/356 757/470/355
f 722/507/390 755/472/357 756/471/356
f 721/508/391 754/473/358 755/472/357
f 721/508/391 720/509/392 753/474/359
f 720/509/392 719/1273/974 752/510/393
s 0
f 718/511/2 751/476/2 16/477/2
s 1
f 717/513/394 750/478/361 751/479/362
f 716/515/396 749/480/363 750/478/361
f 715/516/397 748/481/364 749/480/363
f 714/517/398 747/482/365 748/481/364
f 713/518/399 746/483/366 747/482/365
f 712/519/400 745/484/367 746/483/366
f 711/520/401 744/485/368 745/484/367
f 710/521/402 743/486/369 744/485/368
f 709/522/403 742/487/370 743/486/369
f 708/523/404 741/488/371 742/487/370
f 708/523/404 707/524/405 740/489/372
f 707/524/405 706/526/407 739/491/374
f 705/525/406 738/490/373 739/491/374
f 705/525/406 704/528/409 737/492/375
f 703/527/408 736/493/376 737/492/375
f 703/527/408 702/530/411 735/494/377
f 701/529/410 734/495/378 735/494/377
f 701/529/410 700/531/412 733/497/380
f 700/531/412 699/533/414 732/496/379
f 698/532/413 731/498/381 732/496/379
f 697/534/415 730/499/382 731/498/381
f 696/535/416 729/500/383 730/499/382
f 695/536/417 728/501/384 729/500/383
f 694/537/418 727/502/385 728/501/384
f 693/538/419 726/503/386 727/502/385
f 692/539/420 725/504/387 726/503/386
f 691/540/421 724/505/388 725/504/387
f 690/541/422 723/506/389 724/505/388
f 689/542/423 722/507/390 723/506/389
f 688/543/424 721/508/391 722/507/390
f 687/544/425 720/509/392 721/508/391
f 686/545/426 719/1273/974 720/509/392
s 0
f 18/546/2 685/1274/2 718/511/2
s 1
f 684/547/427 717/513/394 718/514/395
f 683/549/429 716/515/396 717/513/394
f 682/550/430 715/516/397 716/515/396
f 681/551/431 714/517/398 715/516/397
f 680/552/432 713/518/399 714/517/398
f 679/553/433 712/519/400 713/518/399
f 678/554/434 711/520/401 712/519/400
f 677/555/435 710/521/402 711/520/401
f 676/556/436 709/522/403 710/521/402
f 675/557/437 708/523/404 709/522/403
f 675/557/437 674/558/438 707/524/405
f 674/558/438 673/560/440 706/526/407
f 672/559/439 705/525/406 706/526/407
f 672/559/439 671/562/442 704/528/409
f 670/561/441 703/527/408 704/528/409
f 669/563/443 702/530/411 703/527/408
f 669/563/443 668/564/444 701/529/410
f 668/564/444 667/565/445 700/531/412
f 667/565/445 666/566/446 699/533/414
f 666/566/446 665/568/448 698/532/413
f 664/567/447 697/534/415 698/532/413
f 663/569/449 696/535/416 697/534/415
f 662/570/450 695/536/417 696/535/416
f 661/571/451 694/537/418 695/536/417
f 660/572/452 693/538/419 694/537/418
f 659/573/453 692/539/420 693/538/419
f 658/574/454 691/540/421 692/539/420
f 657/575/455 690/541/422 691/540/421
f 656/576/456 689/542/423 690/541/422
f 655/577/457 688/543/424 689/542/423
f 654/578/458 687/544/425 688/543/424
f 653/579/459 686/545/426 687/544/425
s 0
f 652/580/2 685/1274/2 18/546/2
s 1
f 651/582/460 684/547/427 685/548/428
f 650/584/462 683/549/429 684/547/427
f 649/585/463 682/550/430 683/549/429
f 648/586/464 681/551/431 682/550/430
f 647/587/465 680/552/432 681/551/431
f 647/587/465 646/588/466 679/553/433
f 646/588/466 645/589/467 678/554/434
f 645/589/467 644/590/468 677/555/435
f 644/590/468 643/591/469 676/556/436
f 643/591/469 642/592/470 675/557/437
f 642/592/470 641/593/471 674/558/438
f 641/593/471 640/595/473 673/560/440
f 639/594/472 672/559/439 673/560/440
f 638/596/474 671/562/442 672/559/439
f 637/597/475 670/561/441 671/562/442
f 636/598/476 669/563/443 670/561/441
f 635/599/477 668/564/444 669/563/443
f 635/599/477 634/600/478 667/565/445
f 634/600/478 633/601/479 666/566/446
f 633/601/479 632/602/480 665/568/448
f 632/602/480 631/604/482 664/567/447
f 630/603/481 663/569/449 664/567/447
f 629/605/483 662/570/450 663/569/449
f 628/606/484 661/571/451 662/570/450
f 627/607/485 660/572/452 661/571/451
f 626/608/486 659/573/453 660/572/452
f 625/609/487 658/574/454 659/573/453
f 624/610/488 657/575/455 658/574/454
f 623/611/489 656/576/456 657/575/455
f 622/612/490 655/577/457 656/576/456
f 621/613/491 654/578/458 655/577/457
f 620/614/492 653/579/459 654/578/458
s 0
f 619/615/2 652/580/2 19/581/2
s 1
f 618/617/493 651/582/460 652/583/461
f 617/619/495 650/584/462 651/582/460
f 616/620/496 649/585/463 650/584/462
f 615/621/497 648/586/464 649/585/463
f 615/621/497 614/622/498 647/587/465
f 614/622/498 613/623/499 646/588/466
f 613/623/499 612/624/500 645/589/467
f 612/624/500 611/626/502 644/590/468
f 610/625/501 643/591/469 644/590/468
f 609/627/503 642/592/470 643/591/469
f 608/628/504 641/593/471 642/592/470
f 607/629/505 640/595/473 641/593/471
f 607/629/505 606/631/507 639/594/472
f 605/630/506 638/596/474 639/594/472
f 604/632/508 637/597/475 638/596/474
f 603/633/509 636/598/476 637/597/475
f 602/634/510 635/599/477 636/598/476
f 601/635/511 634/600/478 635/599/477
f 601/635/511 600/636/512 633/601/479
f 600/636/512 599/637/513 632/602/480
f 599/637/513 598/639/515 631/604/482
f 597/638/514 630/603/481 631/604/482
f 596/640/516 629/605/483 630/603/481
f 595/641/517 628/606/484 629/605/483
f 594/642/518 627/607/485 628/606/484
f 593/643/519 626/608/486 627/607/485
f 592/644/520 625/609/487 626/608/486
f 591/645/521 624/610/488 625/609/487
f 590/646/522 623/611/489 624/610/488
f 589/647/523 622/612/490 623/611/489
f 588/648/524 621/613/491 622/612/490
f 587/649/525 620/614/492 621/613/491
s 0
f 586/650/2 619/615/2 20/616/2
s 1
f 585/652/526 618/617/493 619/618/494
f 584/654/528 617/619/495 618/617/493
f 583/655/529 616/620/496 617/619/495
f 582/656/530 615/621/497 616/620/496
f 581/657/531 614/622/498 615/621/497
f 580/658/532 613/623/499 614/622/498
f 579/659/533 612/624/500 613/623/499
f 578/660/534 611/626/502 612/624/500
f 578/660/534 577/661/535 610/625/501
f 577/661/535 576/662/536 609/627/503
f 576/662/536 575/663/537 608/628/504
f 575/663/537 574/665/539 607/629/505
f 573/664/538 606/631/507 607/629/505
f 572/666/540 605/630/506 606/631/507
f 571/667/541 604/632/508 605/630/506
f 570/668/542 603/633/509 604/632/508
f 569/669/543 602/634/510 603/633/509
f 568/670/544 601/635/511 602/634/510
f 568/670/544 567/672/546 600/636/512
f 566/671/545 599/637/513 600/636/512
f 566/671/545 565/673/547 598/639/515
f 565/673/547 564/674/548 597/638/514
f 564/674/548 563/675/549 596/640/516
f 563/675/549 562/677/551 595/641/517
f 561/676/550 594/642/518 595/641/517
f 560/678/552 593/643/519 594/642/518
f 559/679/553 592/644/520 593/643/519
f 558/680/554 591/645/521 592/644/520
f 557/681/555 590/646/522 591/645/521
f 556/682/556 589/647/523 590/646/522
f 555/683/557 588/648/524 589/647/523
f 554/684/558 587/649/525 588/648/524
s 0
f 22/685/2 553/720/2 586/650/2
s 1
f 553/686/559 552/687/560 585/652/526
f 552/687/560 551/688/561 584/654/528
f 551/688/561 550/690/563 583/655/529
f 549/689/562 582/656/530 583/655/529
f 548/691/564 581/657/531 582/656/530
f 547/692/565 580/658/532 581/657/531
f 546/693/566 579/659/533 580/658/532
f 546/693/566 545/694/567 578/660/534
f 545/694/567 544/695/568 577/661/535
f 544/695/568 543/697/570 576/662/536
f 542/696/569 575/663/537 576/662/536
f 542/696/569 541/699/572 574/665/539
f 540/698/571 573/664/538 574/665/539
f 540/698/571 539/701/574 572/666/540
f 538/700/573 571/667/541 572/666/540
f 537/702/575 570/668/542 571/667/541
f 536/703/576 569/669/543 570/668/542
f 535/704/577 568/670/544 569/669/543
f 534/705/578 567/672/546 568/670/544
f 533/706/579 566/671/545 567/672/546
f 533/706/579 532/707/580 565/673/547
f 532/707/580 531/708/581 564/674/548
f 531/708/581 530/709/582 563/675/549
f 530/709/582 529/711/584 562/677/551
f 528/710/583 561/676/550 562/677/551
f 527/712/585 560/678/552 561/676/550
f 526/713/586 559/679/553 560/678/552
f 525/714/587 558/680/554 559/679/553
f 524/715/588 557/681/555 558/680/554
f 523/716/589 556/682/556 557/681/555
f 522/717/590 555/683/557 556/682/556
f 521/718/591 554/684/558 555/683/557
s 0
f 23/719/2 520/1275/2 553/720/2
s 1
f 520/721/592 519/722/593 552/687/560
f 519/722/593 518/723/594 551/688/561
f 518/723/594 517/724/595 550/690/563
f 517/724/595 516/725/596 549/689/562
f 516/725/596 515/727/598 548/691/564
f 514/726/597 547/692/565 548/691/564
f 513/728/599 546/693/566 547/692/565
f 512/729/600 545/694/567 546/693/566
f 512/729/600 511/731/602 544/695/568
f 510/730/601 543/697/570 544/695/568
f 509/732/603 542/696/569 543/697/570
f 508/733/604 541/699/572 542/696/569
f 508/733/604 507/734/605 540/698/571
f 507/734/605 506/736/607 539/701/574
f 505/735/606 538/700/573 539/701/574
f 505/735/606 504/737/608 537/702/575
f 504/737/608 503/739/610 536/703/576
f 502/738/609 535/704/577 536/703/576
f 501/740/611 534/705/578 535/704/577
f 500/741/612 533/706/579 534/705/578
f 499/742/613 532/707/580 533/706/579
f 499/742/613 498/744/615 531/708/581
f 497/743/614 530/709/582 531/708/581
f 496/745/616 529/711/584 530/709/582
f 495/746/617 528/710/583 529/711/584
f 494/747/618 527/712/585 528/710/583
f 493/748/619 526/713/586 527/712/585
f 492/749/620 525/714/587 526/713/586
f 491/750/621 524/715/588 525/714/587
f 490/751/622 523/716/589 524/715/588
f 489/752/623 522/717/590 523/716/589
f 488/753/624 521/718/591 522/717/590
s 0
f 487/754/2 520/1275/2 23/719/2
s 1
f 486/756/625 519/722/593 520/721/592
f 486/756/625 485/758/627 518/723/594
f 485/758/627 484/759/628 517/724/595
f 484/759/628 483/760/629 516/725/596
f 483/760/629 482/761/630 515/727/598
f 482/761/630 481/762/631 514/726/597
f 481/762/631 480/763/632 513/728/599
f 480/763/632 479/765/634 512/729/600
f 478/764/633 511/731/602 512/729/600
f 478/764/633 477/766/635 510/730/601
f 477/766/635 476/767/636 509/732/603
f 476/767/636 475/768/637 508/733/604
f 475/768/637 474/769/638 507/734/605
f 474/769/638 473/771/640 506/736/607
f 472/770/639 505/735/606 506/736/607
f 472/770/639 471/772/641 504/737/608
f 471/772/641 470/774/643 503/739/610
f 469/773/642 502/738/609 503/739/610
f 468/775/644 501/740/611 502/738/609
f 467/776/645 500/741/612 501/740/611
f 466/777/646 499/742/613 500/741/612
f 465/778/647 498/744/615 499/742/613
f 465/778/647 464/779/648 497/743/614
f 464/779/648 463/780/649 496/745/616
f 463/780/649 462/782/651 495/746/617
f 461/781/650 494/747/618 495/746/617
f 460/783/652 493/748/619 494/747/618
f 459/784/653 492/749/620 493/748/619
f 458/785/654 491/750/621 492/749/620
f 457/786/655 490/751/622 491/750/621
f 456/787/656 489/752/623 490/751/622
f 455/788/657 488/753/624 489/752/623
s 0
f 454/789/2 487/754/2 24/755/2
s 1
f 453/791/658 486/756/625 487/757/626
f 452/793/660 485/758/627 486/756/625
f 452/793/660 451/794/661 484/759/628
f 451/794/661 450/795/662 483/760/629
f 450/795/662 449/796/663 482/761/630
f 449/796/663 448/797/664 481/762/631
f 448/797/664 447/798/665 480/763/632
f 447/798/665 446/799/666 479/765/634
f 446/799/666 445/800/667 478/764/633
f 445/800/667 444/801/668 477/766/635
f 444/801/668 443/803/670 476/767/636
f 442/802/669 475/768/637 476/767/636
f 441/804/671 474/769/638 475/768/637
f 440/805/672 473/771/640 474/769/638
f 440/805/672 439/807/674 472/770/639
f 438/806/673 471/772/641 472/770/639
f 437/808/675 470/774/643 471/772/641
f 437/808/675 436/809/676 469/773/642
f 436/809/676 435/811/678 468/775/644
f 434/810/677 467/776/645 468/775/644
f 433/812/679 466/777/646 467/776/645
f 432/813/680 465/778/647 466/777/646
f 432/813/680 431/814/681 464/779/648
f 431/814/681 430/815/682 463/780/649
f 430/815/682 429/816/683 462/782/651
f 429/816/683 428/817/684 461/781/650
f 428/817/684 427/819/686 460/783/652
f 426/818/685 459/784/653 460/783/652
f 425/820/687 458/785/654 459/784/653
f 424/821/688 457/786/655 458/785/654
f 423/822/689 456/787/656 457/786/655
f 422/823/690 455/788/657 456/787/656
s 0
f 421/824/2 454/789/2 25/790/2
s 1
f 420/826/691 453/791/658 454/792/659
f 419/828/693 452/793/660 453/791/658
f 418/829/694 451/794/661 452/793/660
f 417/830/695 450/795/662 451/794/661
f 416/831/696 449/796/663 450/795/662
f 415/832/697 448/797/664 449/796/663
f 414/833/698 447/798/665 448/797/664
f 413/834/699 446/799/666 447/798/665
f 413/834/699 412/835/700 445/800/667
f 412/835/700 411/836/701 444/801/668
f 411/836/701 410/838/703 443/803/670
f 409/837/702 442/802/669 443/803/670
f 408/839/704 441/804/671 442/802/669
f 407/840/705 440/805/672 441/804/671
f 407/840/705 406/842/707 439/807/674
f 405/841/706 438/806/673 439/807/674
f 404/843/708 437/808/675 438/806/673
f 403/844/709 436/809/676 437/808/675
f 403/844/709 402/845/710 435/811/678
f 402/845/710 401/847/712 434/810/677
f 400/846/711 433/812/679 434/810/677
f 399/848/713 432/813/680 433/812/679
f 398/849/714 431/814/681 432/813/680
f 398/849/714 397/850/715 430/815/682
f 397/850/715 396/851/716 429/816/683
f 396/851/716 395/852/717 428/817/684
f 395/852/717 394/854/719 427/819/686
f 393/853/718 426/818/685 427/819/686
f 392/855/720 425/820/687 426/818/685
f 392/855/720 391/857/722 424/821/688
f 390/856/721 423/822/689 424/821/688
f 389/858/723 422/823/690 423/822/689
s 0
f 388/859/2 421/824/2 26/825/2
s 1
f 387/861/724 420/826/691 421/827/692
f 386/863/726 419/828/693 420/826/691
f 385/864/727 418/829/694 419/828/693
f 384/865/728 417/830/695 418/829/694
f 383/866/729 416/831/696 417/830/695
f 382/867/730 415/832/697 416/831/696
f 381/868/731 414/833/698 415/832/697
f 381/868/731 380/869/732 413/834/699
f 380/869/732 379/870/733 412/835/700
f 379/870/733 378/871/734 411/836/701
f 378/871/734 377/873/736 410/838/703
f 376/872/735 409/837/702 410/838/703
f 375/874/737 408/839/704 409/837/702
f 375/874/737 374/875/738 407/840/705
f 374/875/738 373/877/740 406/842/707
f 372/876/739 405/841/706 406/842/707
f 371/878/741 404/843/708 405/841/706
f 370/879/742 403/844/709 404/843/708
f 369/880/743 402/845/710 403/844/709
f 369/880/743 368/882/745 401/847/712
f 367/881/744 400/846/711 401/847/712
f 366/883/746 399/848/713 400/846/711
f 365/884/747 398/849/714 399/848/713
f 364/885/748 397/850/715 398/849/714
f 364/885/748 363/886/749 396/851/716
f 363/886/749 362/887/750 395/852/717
f 362/887/750 361/888/751 394/854/719
f 361/888/751 360/889/752 393/853/718
f 360/889/752 359/890/753 392/855/720
f 359/890/753 358/891/754 391/857/722
f 358/891/754 357/892/755 390/856/721
f 357/892/755 356/927/788 389/858/723
s 0
f 355/893/2 388/859/2 27/860/2
s 1
f 354/895/756 387/861/724 388/862/725
f 353/897/758 386/863/726 387/861/724
f 352/898/759 385/864/727 386/863/726
f 351/899/760 384/865/728 385/864/727
f 350/900/761 383/866/729 384/865/728
f 349/901/762 382/867/730 383/866/729
f 348/902/763 381/868/731 382/867/730
f 347/903/764 380/869/732 381/868/731
f 346/904/765 379/870/733 380/869/732
f 345/905/766 378/871/734 379/870/733
f 344/906/767 377/873/736 378/871/734
f 344/906/767 343/907/768 376/872/735
f 343/907/768 342/908/769 375/874/737
f 342/908/769 341/909/770 374/875/738
f 341/909/770 340/910/771 373/877/740
f 340/910/771 339/912/773 372/876/739
f 338/911/772 371/878/741 372/876/739
f 337/913/774 370/879/742 371/878/741
f 336/914/775 369/880/743 370/879/742
f 336/914/775 335/915/776 368/882/745
f 335/915/776 334/916/777 367/881/744
f 334/916/777 333/918/779 366/883/746
f 332/917/778 365/884/747 366/883/746
f 331/919/780 364/885/748 365/884/747
f 331/919/780 330/920/781 363/886/749
f 330/920/781 329/921/782 362/887/750
f 329/921/782 328/922/783 361/888/751
f 328/922/783 327/923/784 360/889/752
f 327/923/784 326/924/785 359/890/753
f 326/924/785 325/925/786 358/891/754
f 325/925/786 324/926/787 357/892/755
f 324/926/787 323/962/821 356/927/788
s 0
f 322/928/2 355/893/2 28/894/2
s 1
f 321/930/789 354/895/756 355/896/757
f 320/932/791 353/897/758 354/895/756
f 319/933/792 352/898/759 353/897/758
f 318/934/793 351/899/760 352/898/759
f 317/935/794 350/900/761 351/899/760
f 316/936/795 349/901/762 350/900/761
f 315/937/796 348/902/763 349/901/762
f 314/938/797 347/903/764 348/902/763
f 313/939/798 346/904/765 347/903/764
f 312/940/799 345/905/766 346/904/765
f 311/941/800 344/906/767 345/905/766
f 311/941/800 310/942/801 343/907/768
f 310/942/801 309/943/802 342/908/769
f 309/943/802 308/944/803 341/909/770
f 308/944/803 307/945/804 340/910/771
f 307/945/804 306/947/806 339/912/773
f 305/946/805 338/911/772 339/912/773
f 304/948/807 337/913/774 338/911/772
f 303/949/808 336/914/775 337/913/774
f 302/950/809 335/915/776 336/914/775
f 302/950/809 301/952/811 334/916/777
f 300/951/810 333/918/779 334/916/777
f 300/951/810 299/954/813 332/917/778
f 298/953/812 331/919/780 332/917/778
f 297/955/814 330/920/781 331/919/780
f 297/955/814 296/956/815 329/921/782
f 296/956/815 295/957/816 328/922/783
f 295/957/816 294/958/817 327/923/784
f 294/958/817 293/959/818 326/924/785
f 293/959/818 292/960/819 325/925/786
f 292/960/819 291/961/820 324/926/787
f 291/961/820 290/997/854 323/962/821
s 0
f 289/963/2 322/928/2 29/929/2
s 1
f 288/965/822 321/930/789 322/931/790
f 287/967/824 320/932/791 321/930/789
f 286/968/825 319/933/792 320/932/791
f 285/969/826 318/934/793 319/933/792
f 284/970/827 317/935/794 318/934/793
f 283/971/828 316/936/795 317/935/794
f 282/972/829 315/937/796 316/936/795
f 281/973/830 314/938/797 315/937/796
f 280/974/831 313/939/798 314/938/797
f 279/975/832 312/940/799 313/939/798
f 278/976/833 311/941/800 312/940/799
f 278/976/833 277/977/834 310/942/801
f 277/977/834 276/978/835 309/943/802
f 276/978/835 275/979/836 308/944/803
f 275/979/836 274/980/837 307/945/804
f 274/980/837 273/981/838 306/947/806
f 273/981/838 272/983/840 305/946/805
f 271/982/839 304/948/807 305/946/805
f 270/984/841 303/949/808 304/948/807
f 269/985/842 302/950/809 303/949/808
f 269/985/842 268/987/844 301/952/811
f 267/986/843 300/951/810 301/952/811
f 266/988/845 299/954/813 300/951/810
f 265/989/846 298/953/812 299/954/813
f 264/990/847 297/955/814 298/953/812
f 264/990/847 263/991/848 296/956/815
f 263/991/848 262/992/849 295/957/816
f 262/992/849 261/993/850 294/958/817
f 261/993/850 260/994/851 293/959/818
f 260/994/851 259/995/852 292/960/819
f 259/995/852 258/996/853 291/961/820
f 258/996/853 257/1031/886 290/997/854
s 0
f 31/998/2 256/1033/2 289/963/2
s 1
f 255/999/855 288/965/822 289/966/823
f 254/1001/856 287/967/824 288/965/822
f 253/1002/857 286/968/825 287/967/824
f 252/1003/858 285/969/826 286/968/825
f 251/1004/859 284/970/827 285/969/826
f 250/1005/860 283/971/828 284/970/827
f 249/1006/861 282/972/829 283/971/828
f 248/1007/862 281/973/830 282/972/829
f 247/1008/863 280/974/831 281/973/830
f 246/1009/864 279/975/832 280/974/831
f 246/1009/864 245/1010/865 278/976/833
f 245/1010/865 244/1011/866 277/977/834
f 244/1011/866 243/1012/867 276/978/835
f 243/1012/867 242/1013/868 275/979/836
f 242/1013/868 241/1014/869 274/980/837
f 241/1014/869 240/1015/870 273/981/838
f 240/1015/870 239/1016/871 272/983/840
f 239/1016/871 238/1018/873 271/982/839
f 237/1017/872 270/984/841 271/982/839
f 236/1019/874 269/985/842 270/984/841
f 236/1019/874 235/1021/876 268/987/844
f 234/1020/875 267/986/843 268/987/844
f 233/1022/877 266/988/845 267/986/843
f 232/1023/878 265/989/846 266/988/845
f 232/1023/878 231/1024/879 264/990/847
f 231/1024/879 230/1025/880 263/991/848
f 230/1025/880 229/1026/881 262/992/849
f 229/1026/881 228/1027/882 261/993/850
f 228/1027/882 227/1028/883 260/994/851
f 227/1028/883 226/1029/884 259/995/852
f 226/1029/884 225/1030/885 258/996/853
f 225/1030/885 224/1066/917 257/1031/886
s 0
f 32/1032/2 223/1276/2 256/1033/2
s 1
f 223/1034/3 222/1036/3 255/999/855
f 221/1035/887 254/1001/856 255/999/855
f 220/1037/888 253/1002/857 254/1001/856
f 219/1038/889 252/1003/858 253/1002/857
f 218/1039/890 251/1004/859 252/1003/858
f 217/1040/891 250/1005/860 251/1004/859
f 216/1041/892 249/1006/861 250/1005/860
f 215/1042/893 248/1007/862 249/1006/861
f 214/1043/894 247/1008/863 248/1007/862
f 213/1044/895 246/1009/864 247/1008/863
f 213/1044/895 212/1046/897 245/1010/865
f 211/1045/896 244/1011/866 245/1010/865
f 211/1045/896 210/1047/898 243/1012/867
f 210/1047/898 209/1048/899 242/1013/868
f 209/1048/899 208/1049/900 241/1014/869
f 208/1049/900 207/1050/901 240/1015/870
f 207/1050/901 206/1051/902 239/1016/871
f 206/1051/902 205/1052/903 238/1018/873
f 205/1052/903 204/1053/904 237/1017/872
f 204/1053/904 203/1055/906 236/1019/874
f 202/1054/905 235/1021/876 236/1019/874
f 201/1056/907 234/1020/875 235/1021/876
f 200/1057/908 233/1022/877 234/1020/875
f 199/1058/909 232/1023/878 233/1022/877
f 199/1058/909 198/1059/910 231/1024/879
f 198/1059/910 197/1060/911 230/1025/880
f 197/1060/911 196/1061/912 229/1026/881
f 196/1061/912 195/1062/913 228/1027/882
f 195/1062/913 194/1063/914 227/1028/883
f 194/1063/914 193/1064/915 226/1029/884
f 193/1064/915 192/1065/916 225/1030/885
f 192/1065/916 191/1101/946 224/1066/917
s 0
f 190/1067/2 223/1276/2 32/1032/2
s 1
f 190/1069/3 189/1070/3 222/1036/3
f 189/1070/3 188/1072/3 221/1035/887
f 187/1071/3 220/1037/888 221/1035/887
f 186/1073/918 219/1038/889 220/1037/888
f 185/1074/919 218/1039/890 219/1038/889
f 184/1075/920 217/1040/891 218/1039/890
f 184/1075/920 183/1077/922 216/1041/892
f 182/1076/921 215/1042/893 216/1041/892
f 181/1078/923 214/1043/894 215/1042/893
f 180/1079/924 213/1044/895 214/1043/894
f 179/1080/925 212/1046/897 213/1044/895
f 179/1080/925 178/1081/926 211/1045/896
f 178/1081/926 177/1082/927 210/1047/898
f 177/1082/927 176/1083/928 209/1048/899
f 176/1083/928 175/1084/929 208/1049/900
f 175/1084/929 174/1085/930 207/1050/901
f 174/1085/930 173/1086/931 206/1051/902
f 173/1086/931 172/1087/932 205/1052/903
f 172/1087/932 171/1088/933 204/1053/904
f 171/1088/933 170/1090/935 203/1055/906
f 169/1089/934 202/1054/905 203/1055/906
f 168/1091/936 201/1056/907 202/1054/905
f 167/1092/937 200/1057/908 201/1056/907
f 166/1093/938 199/1058/909 200/1057/908
f 165/1094/939 198/1059/910 199/1058/909
f 165/1094/939 164/1095/940 197/1060/911
f 164/1095/940 163/1096/941 196/1061/912
f 163/1096/941 162/1097/942 195/1062/913
f 162/1097/942 161/1098/943 194/1063/914
f 161/1098/943 160/1099/944 193/1064/915
f 160/1099/944 159/1100/945 192/1065/916
f 159/1100/945 158/1136/970 191/1101/946
s 0
f 157/1102/2 190/1067/2 33/1068/2
s 1
f 157/1104/3 156/1106/3 189/1070/3
f 155/1105/3 188/1072/3 189/1070/3
f 154/1107/3 187/1071/3 188/1072/3
f 153/1108/3 186/1073/918 187/1071/3
f 152/1109/3 185/1074/919 186/1073/918
f 151/1110/3 184/1075/920 185/1074/919
f 150/1111/3 183/1077/922 184/1075/920
f 149/1112/3 182/1076/921 183/1077/922
f 148/1113/947 181/1078/923 182/1076/921
f 147/1114/948 180/1079/924 181/1078/923
f 146/1115/949 179/1080/925 180/1079/924
f 146/1115/949 145/1116/950 178/1081/926
f 145/1116/950 144/1117/951 177/1082/927
f 144/1117/951 143/1118/952 176/1083/928
f 143/1118/952 142/1119/953 175/1084/929
f 142/1119/953 141/1120/954 174/1085/930
f 141/1120/954 140/1121/955 173/1086/931
f 140/1121/955 139/1122/956 172/1087/932
f 139/1122/956 138/1123/957 171/1088/933
f 138/1123/957 137/1125/959 170/1090/935
f 136/1124/958 169/1089/934 170/1090/935
f 135/1126/960 168/1091/936 169/1089/934
f 134/1127/961 167/1092/937 168/1091/936
f 133/1128/962 166/1093/938 167/1092/937
f 132/1129/963 165/1094/939 166/1093/938
f 132/1129/963 131/1130/964 164/1095/940
f 131/1130/964 130/1131/965 163/1096/941
f 130/1131/965 129/1132/966 162/1097/942
f 129/1132/966 128/1133/967 161/1098/943
f 128/1133/967 127/1134/968 160/1099/944
f 127/1134/968 126/1135/969 159/1100/945
f 126/1135/969 125/1277/975 158/1136/970
s 0
f 1/1137/971 63/1140/971 156/1138/971
f 63/1140/971 64/1142/971 155/1141/971
f 64/1142/971 65/1144/971 154/1143/971
f 65/1144/971 66/1146/971 153/1145/971
f 66/1146/971 67/1148/971 152/1147/971
f 67/1148/971 68/1150/971 151/1149/971
f 68/1150/971 69/1152/971 150/1151/971
f 69/1152/971 70/1154/971 149/1153/971
f 70/1154/971 71/1157/971 148/1155/971
f 72/1156/971 147/1159/971 148/1155/971
f 73/1158/971 146/1161/971 147/1159/971
f 73/1158/971 74/1162/971 145/1160/971
f 74/1162/971 75/1164/971 144/1163/971
f 75/1164/971 76/1166/971 143/1165/971
f 76/1166/971 77/1168/971 142/1167/971
f 77/1168/971 78/1170/971 141/1169/971
f 78/1170/971 79/1172/971 140/1171/971
f 79/1172/971 80/1174/971 139/1173/971
f 80/1174/971 81/1176/971 138/1175/971
f 81/1176/971 82/1179/971 137/1177/971
f 83/1178/971 136/1181/971 137/1177/971
f 84/1180/971 135/1183/971 136/1181/971
f 85/1182/971 134/1185/971 135/1183/971
f 86/1184/971 133/1187/971 134/1185/971
f 87/1186/971 132/1189/971 133/1187/971
f 87/1186/971 88/1190/971 131/1188/971
f 88/1190/971 89/1192/971 130/1191/971
f 89/1192/971 90/1194/971 129/1193/971
f 90/1194/971 91/1196/971 128/1195/971
f 91/1196/971 92/1198/971 127/1197/971
f 92/1198/971 93/1200/971 126/1199/971
f 93/1200/971 2/1278/971 125/1201/971
f 1146/1202/972 124/1206/972 3/1203/972
f 1145/1205/972 123/1208/972 124/1206/972
f 1144/1207/972 122/1210/972 123/1208/972
f 1143/1209/972 121/1212/972 122/1210/972
f 1142/1211/972 120/1214/972 121/1212/972
f 1141/1213/972 119/1216/972 120/1214/972
f 1140/1215/972 118/1218/972 119/1216/972
f 1140/1215/972 1139/1219/972 117/1217/972
f 1139/1219/972 1138/1222/972 116/1220/972
f 1137/1221/972 115/1224/972 116/1220/972
f 1136/1223/972 114/1226/972 115/1224/972
f 1135/1225/972 113/1228/972 114/1226/972
f 1134/1227/972 112/1230/972 113/1228/972
f 1133/1229/972 111/1232/972 112/1230/972
f 1132/1231/972 110/1234/972 111/1232/972
f 1131/1233/972 109/1236/972 110/1234/972
f 1130/1235/972 108/1238/972 109/1236/972
f 1129/1237/972 107/1240/972 108/1238/972
f 1128/1239/972 106/1242/972 107/1240/972
f 1127/1241/972 105/1244/972 106/1242/972
f 1127/1241/972 1126/1246/972 104/1243/972
f 1125/1245/972 103/1248/972 104/1243/972
f 1125/1245/972 1124/1249/972 102/1247/972
f 1124/1249/972 1123/1251/972 101/1250/972
f 1123/1251/972 1122/1253/972 100/1252/972
f 1122/1253/972 1121/1256/972 99/1254/972
f 1120/1255/972 98/1258/972 99/1254/972
f 1119/1257/972 97/1260/972 98/1258/972
f 1119/1257/972 1118/1262/972 96/1259/972
f 1117/1261/972 95/1264/972 96/1259/972
f 1116/1263/972 94/1266/972 95/1264/972
f 1115/1265/972 4/1279/972 94/1266/972
